id,source,review,rating,date,url
14365802020,app_store,The ink they send for my printer was incorrect and they would not refund money even if the product is intact they will not collect. What a fraud blinkit is,1.0,,https://apps.apple.com/in/app/blinkit-grocery-in-minutes/id960335206
14365784184,app_store,There UPI system is good,5.0,,https://apps.apple.com/in/app/blinkit-grocery-in-minutes/id960335206
14365572205,app_store,"I received a faulty lightning cable which did not charge my phone. I had to press it really hard into my phone for it to charge. I reached out to support the same day of receiving the order. They demanded a video of me trying to charge my phone with the cable and they wanted me to show the whole process of turning on the switch on the switchboard and plugging the cable on my phone. Then I explained it to them that I am using the same phone to chat with them. How will I be able to record the whole process from the same phone. They insisted and later on without providing a resolution, they asked me to reach out to brand. Why would I use quick commerce if I had so much time to waste? The policy on the app for the product was “7 day return policy if product was found to be damaged or faulty” and in this case it was faulty. A cable that cannot charge my phone properly is FAULTY! They told me that since my phone did show a charging symbol for a split second when I pushed the cable hard against my phone so they will not take responsibility. They don’t know the definition of a faulty product. Never using this app again. Other similar app starting with the letter S is far more better than you. Bye bye forever. Will advise everyone I know to do the same",1.0,,https://apps.apple.com/in/app/blinkit-grocery-in-minutes/id960335206
14365563633,app_store,"Blinkit heavily advertises a 72-hour replacement guarantee, but in reality, their customer support will find any excuse to deny you service. I tried to resolve an issue with a newly delivered product, but support simply shifted the blame onto me, saying I should have read every detail in the description and refusing any flexible resolution. They refuse to take accountability once they have your money. Very disappointing experience—think twice before ordering non-grocery household items here!",1.0,,https://apps.apple.com/in/app/blinkit-grocery-in-minutes/id960335206
14365445363,app_store,"Dear blinkit, sometimes good and bad experience ! Today i had bad experience i wanted to order something for my brother at railway station i specifically mentioned the plat form no. Its obvious that he need things there only If you guys don’t deliver inside or whatever don’t accept order or give disclaimer that “dear customer come to main gate with all those heavy luggage to fetch blinkit delivery” If u don’t deliver inside of railway station , would have told me when i given address Regards!",1.0,,https://apps.apple.com/in/app/blinkit-grocery-in-minutes/id960335206
14365412012,app_store,Best and fast delivery,5.0,,https://apps.apple.com/in/app/blinkit-grocery-in-minutes/id960335206
14365236954,app_store,"Packaging is so poor. You don’t pay any attention to the packaging of your products. The packets are almost always torn, and the items keep falling out. I have to carry them home in that condition. So many time I have complained but no improvement. Blinkit Service is a little bit now not so good because of packaging . A very poor level Of packaging. Kindly check it properly. Packet is often torn & bread is crushed. Kindly check it properly.",4.0,,https://apps.apple.com/in/app/blinkit-grocery-in-minutes/id960335206
14365198183,app_store,You people are amazing! Thank you!! 🫶,5.0,,https://apps.apple.com/in/app/blinkit-grocery-in-minutes/id960335206
14365181489,app_store,Take money not deliver product then say return back money still not get but no have any response 10 day already big cheating company trying to rob out people money,1.0,,https://apps.apple.com/in/app/blinkit-grocery-in-minutes/id960335206
14365145820,app_store,Service is becoming very poor never on time packing is very poor,1.0,,https://apps.apple.com/in/app/blinkit-grocery-in-minutes/id960335206
14365067286,app_store,"It has changed life, made it so easy..need mass distribution across tier 2/tier 3 cities. Will also reduce some unemployment.",5.0,,https://apps.apple.com/in/app/blinkit-grocery-in-minutes/id960335206
14365030326,app_store,10/10❤️,5.0,,https://apps.apple.com/in/app/blinkit-grocery-in-minutes/id960335206
14365011920,app_store,The milk was get soured,3.0,,https://apps.apple.com/in/app/blinkit-grocery-in-minutes/id960335206
14364882601,app_store,User friendly and only need to improve product details,5.0,,https://apps.apple.com/in/app/blinkit-grocery-in-minutes/id960335206
14364815898,app_store,Good one n fast delivery,5.0,,https://apps.apple.com/in/app/blinkit-grocery-in-minutes/id960335206
14363936049,app_store,Thanks for give us groceries item,5.0,,https://apps.apple.com/in/app/blinkit-grocery-in-minutes/id960335206
14363664923,app_store,"Worst customer support experience , I made a mistake ordering a Tv remote and reached out for a replacement right away , but they flatly refused to assist. Save money and buy from some where else. They are giving fake products.",1.0,,https://apps.apple.com/in/app/blinkit-grocery-in-minutes/id960335206
14363587940,app_store,Jo sab pe nhi mila vo blinkit pe mila,5.0,,https://apps.apple.com/in/app/blinkit-grocery-in-minutes/id960335206
14363389191,app_store,Best delivery app for wuick home needs FMCG products.,5.0,,https://apps.apple.com/in/app/blinkit-grocery-in-minutes/id960335206
14363266567,app_store,It’s lightning fast🥰👌,5.0,,https://apps.apple.com/in/app/blinkit-grocery-in-minutes/id960335206
14363263874,app_store,Daily need,5.0,,https://apps.apple.com/in/app/blinkit-grocery-in-minutes/id960335206
14363189434,app_store,Nice response,5.0,,https://apps.apple.com/in/app/blinkit-grocery-in-minutes/id960335206
14363143810,app_store,"The app is really good and easy to use. Everything works well. I just have one suggestion—please add more daily needs products and expand the variety. That would make the app even better. Overall, it’s a great app!",1.0,,https://apps.apple.com/in/app/blinkit-grocery-in-minutes/id960335206
14363083548,app_store,Fast As Flash,5.0,,https://apps.apple.com/in/app/blinkit-grocery-in-minutes/id960335206
14363081043,app_store,App is good but unnecessarily overcharged.,5.0,,https://apps.apple.com/in/app/blinkit-grocery-in-minutes/id960335206
14362807582,app_store,No Needed To Worry When Blinkit Is On Hurry😜,5.0,,https://apps.apple.com/in/app/blinkit-grocery-in-minutes/id960335206
14362672906,app_store,Ultimate. Never expect the same from others.,5.0,,https://apps.apple.com/in/app/blinkit-grocery-in-minutes/id960335206
14362582620,app_store,Blink it is acting a a fraudulent manner and it is no surprise that every time an adverse comment has to be sent,1.0,,https://apps.apple.com/in/app/blinkit-grocery-in-minutes/id960335206
14362559573,app_store,Just realised that they charge 13 rs as handling charge in iphone and just 5 rs in android. Not going to use Blinkit ever now.,1.0,,https://apps.apple.com/in/app/blinkit-grocery-in-minutes/id960335206
14362455655,app_store,12 rupees on 400 rupees order,1.0,,https://apps.apple.com/in/app/blinkit-grocery-in-minutes/id960335206
14362408286,app_store,It’s a very useful aap and saver thank you blinkit,5.0,,https://apps.apple.com/in/app/blinkit-grocery-in-minutes/id960335206
14362307939,app_store,"Always charge extra on MRP. Adds irrelevant charges like handling fee, platform fee etc. And then manipulates by showing delivery fee as free",1.0,,https://apps.apple.com/in/app/blinkit-grocery-in-minutes/id960335206
14362195028,app_store,This is an appreciation post for the ambulance service of Blinkit. It’s an absolute life saver and one of the most compassionate and humane things ever done by any company in India. I have used it twice for my mother who is critically ill and I can’t thank the service and the staff enough. Hats off to Blinkit for the amazing gesture which is selfless and unmatched.,5.0,,https://apps.apple.com/in/app/blinkit-grocery-in-minutes/id960335206
14362135601,app_store,It’s good to have Al top brand and quality items in a single click with full of ease,5.0,,https://apps.apple.com/in/app/blinkit-grocery-in-minutes/id960335206
14362096417,app_store,Fast and right every time!!,5.0,,https://apps.apple.com/in/app/blinkit-grocery-in-minutes/id960335206
14362081162,app_store,Clean service,5.0,,https://apps.apple.com/in/app/blinkit-grocery-in-minutes/id960335206
14362059772,app_store,Very fast service,5.0,,https://apps.apple.com/in/app/blinkit-grocery-in-minutes/id960335206
14361912884,app_store,"I’m using blanket since a long time, and I am very happy good service good price. Timely delivery prompt refund.",5.0,,https://apps.apple.com/in/app/blinkit-grocery-in-minutes/id960335206
14361885281,app_store,They won’t accept replace orders,1.0,,https://apps.apple.com/in/app/blinkit-grocery-in-minutes/id960335206
14361800158,app_store,"Pathetic cuatomer support experience, they just won’t reply, you keep on waiting.. Very bad experience.. On top of that they do not have phone number.",2.0,,https://apps.apple.com/in/app/blinkit-grocery-in-minutes/id960335206
14361707207,app_store,Keep Consistency of operating and dont be invisible time and again,5.0,,https://apps.apple.com/in/app/blinkit-grocery-in-minutes/id960335206
14361673785,app_store,I have recieved a shampoo of mama earth was contain half bottle the packing was at a bad condition and the support system isn’t responding 😡😡😡😡😡😡😡😡😡😡😡😡😡😡😡😡😡i want replacement or refund now,1.0,,https://apps.apple.com/in/app/blinkit-grocery-in-minutes/id960335206
14361617985,app_store,I ordered my items through upi that day and due to flood the order was cancelled and till now I haven’t got my refund yet this is so bad and disappointing. Pls solve in this case and also put human customer care service this needs to be fixed immediately.,1.0,,https://apps.apple.com/in/app/blinkit-grocery-in-minutes/id960335206
14361579275,app_store,The store is always bringing up new stuff and response rapidly and i have enjoying there services since more than a year,5.0,,https://apps.apple.com/in/app/blinkit-grocery-in-minutes/id960335206
14361552979,app_store,Fast service,5.0,,https://apps.apple.com/in/app/blinkit-grocery-in-minutes/id960335206
14361528727,app_store,very useful.,5.0,,https://apps.apple.com/in/app/blinkit-grocery-in-minutes/id960335206
14361368901,app_store,Off late been rcvg late delivery with very pooor packaging. Cans and drinks delivered damaged usually and paper bags torn always.,2.0,,https://apps.apple.com/in/app/blinkit-grocery-in-minutes/id960335206
14361346808,app_store,best on time,4.0,,https://apps.apple.com/in/app/blinkit-grocery-in-minutes/id960335206
14361155125,app_store,"Times I have noticed many of times that credits which are expensive and less demanding are always near to short expiry. And product are also not cleaned before the supply. We could see some things soil, and I tried to complain it, but they ignored",1.0,,https://apps.apple.com/in/app/blinkit-grocery-in-minutes/id960335206
14361137809,app_store,Always fresh vegetables,5.0,,https://apps.apple.com/in/app/blinkit-grocery-in-minutes/id960335206
14361129743,app_store,Best service fast delivery,5.0,,https://apps.apple.com/in/app/blinkit-grocery-in-minutes/id960335206
14360907454,app_store,The Rs 50 off on first order at Blinkit could not be materialised,4.0,,https://apps.apple.com/in/app/blinkit-grocery-in-minutes/id960335206
14360867854,app_store,No rewards,2.0,,https://apps.apple.com/in/app/blinkit-grocery-in-minutes/id960335206
14360842576,app_store,"Timely delivery, availability of all products, promptly processed. Best service provided by Blinkit always. Keep it up. Thank you.",5.0,,https://apps.apple.com/in/app/blinkit-grocery-in-minutes/id960335206
14360721372,app_store,No sense of handling charges,2.0,,https://apps.apple.com/in/app/blinkit-grocery-in-minutes/id960335206
14360696593,app_store,Available at a genuine price.Not worried about bargaining. Now domestic help is free from this duty. My wife is now doing the daily purchases. It has allayed the fear of threats from bad domestic help,5.0,,https://apps.apple.com/in/app/blinkit-grocery-in-minutes/id960335206
14360531307,app_store,Stop taking 9 rupees in every delivery just the name of handling charge,1.0,,https://apps.apple.com/in/app/blinkit-grocery-in-minutes/id960335206
14360522350,app_store,Some delivery partners are smart while some are dumbs. On that your customer service tells to go out on the road search him and collect the order.,1.0,,https://apps.apple.com/in/app/blinkit-grocery-in-minutes/id960335206
14359987196,app_store,Costly,1.0,,https://apps.apple.com/in/app/blinkit-grocery-in-minutes/id960335206
14359898291,app_store,"I’m disappointed that there are very few or no coupons available while placing orders. Many other food delivery platforms regularly provide discounts and promo codes, but Swiggy often doesn’t have any applicable offers for my orders. I request you to provide more coupons and better discounts for regular customers, as this would make using the app more affordable and rewarding. Thank you.",1.0,,https://apps.apple.com/in/app/blinkit-grocery-in-minutes/id960335206
14359886853,app_store,Blinkit is Awesome,5.0,,https://apps.apple.com/in/app/blinkit-grocery-in-minutes/id960335206
14359729016,app_store,Always on time and quality is so good saves time a lot,5.0,,https://apps.apple.com/in/app/blinkit-grocery-in-minutes/id960335206
14359728843,app_store,When I search something and scroll after few items it starts behaving very bad glitch like scroll it goes like infinite and then stops it is irritating. please fix this,1.0,,https://apps.apple.com/in/app/blinkit-grocery-in-minutes/id960335206
14359679060,app_store,5 star,5.0,,https://apps.apple.com/in/app/blinkit-grocery-in-minutes/id960335206
14359456654,app_store,Last time when i order a medicine the delivery boy was lost and let me cancel the order but i dont get any refund when it is said refunded and the second time i got my chicken drumsticks all bad and smelly complait but no action .The worst app ever never using angain,1.0,,https://apps.apple.com/in/app/blinkit-grocery-in-minutes/id960335206
14359275508,app_store,Why do you charge a handling fee ?,4.0,,https://apps.apple.com/in/app/blinkit-grocery-in-minutes/id960335206
14359221554,app_store,Very good invention about this app,5.0,,https://apps.apple.com/in/app/blinkit-grocery-in-minutes/id960335206
14359197287,app_store,App,5.0,,https://apps.apple.com/in/app/blinkit-grocery-in-minutes/id960335206
14359181470,app_store,Very convenient and easy,5.0,,https://apps.apple.com/in/app/blinkit-grocery-in-minutes/id960335206
14359159140,app_store,Such a terrible thing to know they are not ready to support the customer anyways. I ll recommend to use Swiggy instamart for better customer support,1.0,,https://apps.apple.com/in/app/blinkit-grocery-in-minutes/id960335206
14359114547,app_store,I received wow service really very fast,5.0,,https://apps.apple.com/in/app/blinkit-grocery-in-minutes/id960335206
14359098706,app_store,Pl send prompt delivery,1.0,,https://apps.apple.com/in/app/blinkit-grocery-in-minutes/id960335206
14359024632,app_store,Best quality,5.0,,https://apps.apple.com/in/app/blinkit-grocery-in-minutes/id960335206
14359009505,app_store,Customer care are not good He is not solve your complete.,5.0,,https://apps.apple.com/in/app/blinkit-grocery-in-minutes/id960335206
14358901217,app_store,stingest quick commerce site,1.0,,https://apps.apple.com/in/app/blinkit-grocery-in-minutes/id960335206
14358870196,app_store,App shown delivery free above 199 rs my order rs 200 & delivery fee charged,1.0,,https://apps.apple.com/in/app/blinkit-grocery-in-minutes/id960335206
14358830642,app_store,"I did not receive the order, but delivery partner mention it delivered",1.0,,https://apps.apple.com/in/app/blinkit-grocery-in-minutes/id960335206
14358795682,app_store,Cost so much for free delivery,3.0,,https://apps.apple.com/in/app/blinkit-grocery-in-minutes/id960335206
14358794846,app_store,I am totally satisfy for grocery,5.0,,https://apps.apple.com/in/app/blinkit-grocery-in-minutes/id960335206
14358792612,app_store,"If you need your grocery or any household needs, Blinkit will give you the best deal and fair price",5.0,,https://apps.apple.com/in/app/blinkit-grocery-in-minutes/id960335206
14358646363,app_store,Appreciate the punctuality and response,5.0,,https://apps.apple.com/in/app/blinkit-grocery-in-minutes/id960335206
14358458625,app_store,Great home delivery service in India,5.0,,https://apps.apple.com/in/app/blinkit-grocery-in-minutes/id960335206
14358281823,app_store,Best app ever thank you,5.0,,https://apps.apple.com/in/app/blinkit-grocery-in-minutes/id960335206
14358248621,app_store,It’s the one Thing I can totally rely on wherever I am . Blinkit has never disappointed me till date. Hats off to Deepinder Goyal and the entire team….worth mentioning the delivery guys👍🏻please keep the spirit on always People like me really need you guys,5.0,,https://apps.apple.com/in/app/blinkit-grocery-in-minutes/id960335206
14357987310,app_store,"I have permanently deleted my Blinkit account due to a highly disappointing experience characterized by poor service and issues of customer deception. Please don't send such SCRIPTED Emails which is of no use. Since you made false statements regarding the quality check process, I see no point in any further discussions on this matter. Please do not contact me again regarding this issue. I have donated the amount of 871/- to Blinkit see if you can find the INTEGRITY in the market with that 871/- rupees.",1.0,,https://apps.apple.com/in/app/blinkit-grocery-in-minutes/id960335206
14357919450,app_store,I have placed an order and my money deducted but not getting refund,1.0,,https://apps.apple.com/in/app/blinkit-grocery-in-minutes/id960335206
14357912211,app_store,I really like blink it. Very good service,4.0,,https://apps.apple.com/in/app/blinkit-grocery-in-minutes/id960335206
14357875369,app_store,It’s Untrained Riders which not knows about google maps & not read English address. It’s completely Blinkit faults. They takes money what’s customers face no value for them.,1.0,,https://apps.apple.com/in/app/blinkit-grocery-in-minutes/id960335206
14357870079,app_store,Worst grocery app in India no customer care service available,1.0,,https://apps.apple.com/in/app/blinkit-grocery-in-minutes/id960335206
14357849209,app_store,Very useful,5.0,,https://apps.apple.com/in/app/blinkit-grocery-in-minutes/id960335206
14357822684,app_store,"No need to go out and buy when you are lazy, one touch access. Super simple",5.0,,https://apps.apple.com/in/app/blinkit-grocery-in-minutes/id960335206
14357801085,app_store,Love it …….. its a life saver for me🙌🏻💖,5.0,,https://apps.apple.com/in/app/blinkit-grocery-in-minutes/id960335206
14357770900,app_store,"PATHETIC, ILEGAL, CHEAP AND USELESS CUSTOMER SERVICE SUPPORT THIS SHOULD BE BANNED IN INDIA FOR DOING FRAUD WITH COMSUMERS THE CREDIT GOES TO USELESS ROBOTIC CUSTOMER SERVICE (MR CHETAN******* and MR SHARAD**********)",1.0,,https://apps.apple.com/in/app/blinkit-grocery-in-minutes/id960335206
14357767450,app_store,"A Very Helpfull App Helps At Any time Like Emergency,Instant Needs,etc. ""I Like Blinkit""",5.0,,https://apps.apple.com/in/app/blinkit-grocery-in-minutes/id960335206
14357696984,app_store,Use full app,5.0,,https://apps.apple.com/in/app/blinkit-grocery-in-minutes/id960335206
14357695809,app_store,"They call multiple times to confirm address even when they themselves have split the delivery in multiple orders and some of the guys have already delivered it. Their customer service call and gives excuses and lies on your face stating “delivery guys bike is not working” he is still at the store. I said assign someone else, she said the second guy’s bike is also not working. I said how is it possible none of blinkits delivery guys bike are working, she said it’s happening just today only na madam, everyday we deliver. I asked how’s it possible, she rudely disconnected the line stating, I will ask delivery person to deliver it. How? Now the bike started working? Have some shame. Stop accepting orders if you can’t deliver. Don’t waste our time",1.0,,https://apps.apple.com/in/app/blinkit-grocery-in-minutes/id960335206
14357614540,app_store,Already competitor quick commerce teams are waiving off both delivery charge and there is no handling charge . Why Blinkit is not doing that ?,2.0,,https://apps.apple.com/in/app/blinkit-grocery-in-minutes/id960335206
14357579105,app_store,"The service of blinkit is very good, the behaviour, the kindness i liked it although last night i got a very poor kheer but still i will say the service is very good they instantly initiated the refund…",4.0,,https://apps.apple.com/in/app/blinkit-grocery-in-minutes/id960335206
14357463833,app_store,Blink it in small cities is compromising the quality of the products as well as the customer support for small cities These things forced me to start a campaign against blink it on social media And already on to it More over I am not able to have a conversation with customer support . Wow blink it woww Hats off to you I will be deleting blink it from thousands of people,1.0,,https://apps.apple.com/in/app/blinkit-grocery-in-minutes/id960335206
14357178731,app_store,Why no discounts on huge shopping,3.0,,https://apps.apple.com/in/app/blinkit-grocery-in-minutes/id960335206
14357084829,app_store,Quick and easy,5.0,,https://apps.apple.com/in/app/blinkit-grocery-in-minutes/id960335206
14357054116,app_store,"Good little bit money, extra",5.0,,https://apps.apple.com/in/app/blinkit-grocery-in-minutes/id960335206
14357025328,app_store,"Its a good app just one issue, whenever we try to call it says “call from your registered mobile number, whereas I always call from my registered number”",3.0,,https://apps.apple.com/in/app/blinkit-grocery-in-minutes/id960335206
14356910262,app_store,Extra charges is not pocket friendly,1.0,,https://apps.apple.com/in/app/blinkit-grocery-in-minutes/id960335206
14356661729,app_store,You are doing a great job…. Thanks 🙏🏽,5.0,,https://apps.apple.com/in/app/blinkit-grocery-in-minutes/id960335206
14356603314,app_store,Love their service,5.0,,https://apps.apple.com/in/app/blinkit-grocery-in-minutes/id960335206
14355139303,app_store,you said delivery free for this order and charged delivery,1.0,,https://apps.apple.com/in/app/blinkit-grocery-in-minutes/id960335206
14355115369,app_store,Super past delivered,5.0,,https://apps.apple.com/in/app/blinkit-grocery-in-minutes/id960335206
14355094878,app_store,"Very disappointing customer service. I accidentally ordered the wrong product and contacted support immediately. The product was completely unopened and sealed, but they still refused to help with a return or exchange. Mistakes can happen, and I expected at least some flexibility for an unopened item. Instead, I received no support or satisfactory resolution. This experience has made me lose trust in Blinkit, and I’ll think twice before ordering again.",1.0,,https://apps.apple.com/in/app/blinkit-grocery-in-minutes/id960335206
14355087339,app_store,It doesn’t give upi payment discount like Zepto & Instamart . little Bit Expensive then it,1.0,,https://apps.apple.com/in/app/blinkit-grocery-in-minutes/id960335206
14355052488,app_store,quickest,5.0,,https://apps.apple.com/in/app/blinkit-grocery-in-minutes/id960335206
14355002804,app_store,Bad service very rude behaviour,1.0,,https://apps.apple.com/in/app/blinkit-grocery-in-minutes/id960335206
14354955765,app_store,A delivery driver scammed me. There was no action or resolution given by blinkit the have just deployed a chatbot.,1.0,,https://apps.apple.com/in/app/blinkit-grocery-in-minutes/id960335206
14354877695,app_store,❤️,5.0,,https://apps.apple.com/in/app/blinkit-grocery-in-minutes/id960335206
14354846493,app_store,Prices in Android and Apple devices are different. Prices in apple devices are more.,1.0,,https://apps.apple.com/in/app/blinkit-grocery-in-minutes/id960335206
14354764775,app_store,There is no toll free customer support number to call and customer support is laughable,3.0,,https://apps.apple.com/in/app/blinkit-grocery-in-minutes/id960335206
14354763600,app_store,Blinkit has all the things i wanted it is a very nice thing,5.0,,https://apps.apple.com/in/app/blinkit-grocery-in-minutes/id960335206
14354703093,app_store,"Blinkit is actually super good because it delivers things on time, and it can actually be called as India’s last moment delivery app and everything is available unlike Zepto and it and only like hardly a few things are not there, and I would recommend that you should add a more couple of things in there and it would be the best",5.0,,https://apps.apple.com/in/app/blinkit-grocery-in-minutes/id960335206
14354616550,app_store,Very good and fast 😀,5.0,,https://apps.apple.com/in/app/blinkit-grocery-in-minutes/id960335206
14354600514,app_store,Please increase ur blinkit stores in chhatarpur mp,4.0,,https://apps.apple.com/in/app/blinkit-grocery-in-minutes/id960335206
14354560656,app_store,"When I order from tambaram , Purasawalkam guy picks up the order. But my address is at tambaram . Very pathetic.",1.0,,https://apps.apple.com/in/app/blinkit-grocery-in-minutes/id960335206
14354404941,app_store,This is the 2nd time and the cashback coupon has not worked at all. It kind of feels like scam to put such a coupon option.,1.0,,https://apps.apple.com/in/app/blinkit-grocery-in-minutes/id960335206
14354382366,app_store,Most helpful,5.0,,https://apps.apple.com/in/app/blinkit-grocery-in-minutes/id960335206
14354268504,app_store,No cash on delivery available most time,1.0,,https://apps.apple.com/in/app/blinkit-grocery-in-minutes/id960335206
14354213090,app_store,blinkit is very useful app i love it,5.0,,https://apps.apple.com/in/app/blinkit-grocery-in-minutes/id960335206
14354072102,app_store,And it is a special congratulations to Blinkit,5.0,,https://apps.apple.com/in/app/blinkit-grocery-in-minutes/id960335206
14353967495,app_store,Great services,5.0,,https://apps.apple.com/in/app/blinkit-grocery-in-minutes/id960335206
14353809351,app_store,Price fluctuation,3.0,,https://apps.apple.com/in/app/blinkit-grocery-in-minutes/id960335206
14353739369,app_store,There is no open box delivery. I received the product in bad condition. There is no return or replacement. Executives were calling for the query and saying as per internal policies we couldn’t make any help on this.,1.0,,https://apps.apple.com/in/app/blinkit-grocery-in-minutes/id960335206
14353630018,app_store,Nicely placed,5.0,,https://apps.apple.com/in/app/blinkit-grocery-in-minutes/id960335206
14353429136,app_store,I like this app even in hurry it delivers in 10 minutes you must try it,5.0,,https://apps.apple.com/in/app/blinkit-grocery-in-minutes/id960335206
14353415456,app_store,The sent me a product that literally cut my face and refused to return it. Never using this again,1.0,,https://apps.apple.com/in/app/blinkit-grocery-in-minutes/id960335206
14353360770,app_store,High charge delivery charge handling charge etc etc taking too many charges,3.0,,https://apps.apple.com/in/app/blinkit-grocery-in-minutes/id960335206
14353347256,app_store,All products are good,5.0,,https://apps.apple.com/in/app/blinkit-grocery-in-minutes/id960335206
14353184526,app_store,The delivery person always calls from 1-2kms away where as I see that I have put correct address in app. And this wasn’t once but all 3-4 times when I tried.,1.0,,https://apps.apple.com/in/app/blinkit-grocery-in-minutes/id960335206
14352960225,app_store,Boon for Seniors. So far they’ve been good with refunds and returns. Well done. Keep it up!,5.0,,https://apps.apple.com/in/app/blinkit-grocery-in-minutes/id960335206
14352934291,app_store,Useless customer support,1.0,,https://apps.apple.com/in/app/blinkit-grocery-in-minutes/id960335206
14352869330,app_store,Very poor service,1.0,,https://apps.apple.com/in/app/blinkit-grocery-in-minutes/id960335206
14352843894,app_store,Very User friendly and convenient,5.0,,https://apps.apple.com/in/app/blinkit-grocery-in-minutes/id960335206
14352766022,app_store,It’s really a life savy,5.0,,https://apps.apple.com/in/app/blinkit-grocery-in-minutes/id960335206
14352603294,app_store,Too good ☺️,5.0,,https://apps.apple.com/in/app/blinkit-grocery-in-minutes/id960335206
14351306146,app_store,In store employees are cancelling hotwheels orders which are rare It says cancelled due to technical issues - some sheet Reputed and premium app but fraud employees,1.0,,https://apps.apple.com/in/app/blinkit-grocery-in-minutes/id960335206
14351240484,app_store,Delivery agents need to be train,1.0,,https://apps.apple.com/in/app/blinkit-grocery-in-minutes/id960335206
14351225471,app_store,They are coming,1.0,,https://apps.apple.com/in/app/blinkit-grocery-in-minutes/id960335206
14351195174,app_store,Too good platform thank you blinkit and thank you to the handling team to always provide us the necessities so easily at our place to blessed to have you serving in our town,5.0,,https://apps.apple.com/in/app/blinkit-grocery-in-minutes/id960335206
14351091214,app_store,Prices are high of the same item compared to other apps,1.0,,https://apps.apple.com/in/app/blinkit-grocery-in-minutes/id960335206
14351083768,app_store,Eggs cracked,1.0,,https://apps.apple.com/in/app/blinkit-grocery-in-minutes/id960335206
14351035063,app_store,Poor helpline support to understand concern and no proper communication.,1.0,,https://apps.apple.com/in/app/blinkit-grocery-in-minutes/id960335206
14351003898,app_store,Thanks a ton,5.0,,https://apps.apple.com/in/app/blinkit-grocery-in-minutes/id960335206
14350966279,app_store,This app scammed me .i order 10 items and they gave me 9 and now after tell them thay are not even accepting it that they gave me less item. I got scammed,1.0,,https://apps.apple.com/in/app/blinkit-grocery-in-minutes/id960335206
14350862728,app_store,"They never return a product, it has been a few times now",1.0,,https://apps.apple.com/in/app/blinkit-grocery-in-minutes/id960335206
14350701931,app_store,Veryy usefull when stuck in any bad condition,5.0,,https://apps.apple.com/in/app/blinkit-grocery-in-minutes/id960335206
14350629878,app_store,All good very nice,5.0,,https://apps.apple.com/in/app/blinkit-grocery-in-minutes/id960335206
14350621776,app_store,Loved the app,5.0,,https://apps.apple.com/in/app/blinkit-grocery-in-minutes/id960335206
14350584072,app_store,Very good and fast delivery,5.0,,https://apps.apple.com/in/app/blinkit-grocery-in-minutes/id960335206
14350577282,app_store,App lags while searching and takes 30 -40 sec to come up items that are searched,2.0,,https://apps.apple.com/in/app/blinkit-grocery-in-minutes/id960335206
14350351140,app_store,"You are a life saver. I tried multiple shops for printing my exam sheet for tomorrow morning. Being Sunday, none of the printing shops were opened.",5.0,,https://apps.apple.com/in/app/blinkit-grocery-in-minutes/id960335206
14350301206,app_store,Light is Not working and the frame is damaged.,5.0,,https://apps.apple.com/in/app/blinkit-grocery-in-minutes/id960335206
14350293552,app_store,5*,5.0,,https://apps.apple.com/in/app/blinkit-grocery-in-minutes/id960335206
14350246891,app_store,Best Services I believe for anyone in need and truly useful app to get things at tips,5.0,,https://apps.apple.com/in/app/blinkit-grocery-in-minutes/id960335206
14350149243,app_store,"I’m absolutely loving the Blanket app! The quick service saves me so much time and energy, and I appreciate that there’s complete transparency with no fraud involved. The executives are super professional, making the whole experience smooth and reliable. Highly recommended!",5.0,,https://apps.apple.com/in/app/blinkit-grocery-in-minutes/id960335206
14350086922,app_store,You are doing good You can bring more healthy options,5.0,,https://apps.apple.com/in/app/blinkit-grocery-in-minutes/id960335206
14350073387,app_store,If i have placed an order of Rs.599 then i have to pay 611 that is so much,3.0,,https://apps.apple.com/in/app/blinkit-grocery-in-minutes/id960335206
14350040408,app_store,Broken idol,1.0,,https://apps.apple.com/in/app/blinkit-grocery-in-minutes/id960335206
14349903159,app_store,Whajeh,5.0,,https://apps.apple.com/in/app/blinkit-grocery-in-minutes/id960335206
14349872574,app_store,Blinkit is so much useful nd fastt in delivery! I have never ever received an bad packaging or expired food! Love if,5.0,,https://apps.apple.com/in/app/blinkit-grocery-in-minutes/id960335206
14349785349,app_store,My thanks may not enough for Blinkit in Bihar for me .its life saver for my father .my father in post recovery at home two week back and something was not good and someone told me to chek his sugar but i had nothing at home . It was 11.30 night and i placed order on Blinkit for accu chek device it came in 10 minute while cheke sugar was deadly dropped to just 22 only . So that night Blinkit and god saved my father .thanks Blinkit,5.0,,https://apps.apple.com/in/app/blinkit-grocery-in-minutes/id960335206
14349743534,app_store,Don’t west time order it,5.0,,https://apps.apple.com/in/app/blinkit-grocery-in-minutes/id960335206
14349660714,app_store,"Loving In My City… Hoshiarpur, Punjab❤️",5.0,,https://apps.apple.com/in/app/blinkit-grocery-in-minutes/id960335206
14349619685,app_store,Nothing,4.0,,https://apps.apple.com/in/app/blinkit-grocery-in-minutes/id960335206
14349571094,app_store,9th July Rs 411 was debited my account. No item was delivered. Still amount not refunded. Bank side told amount credited to blinkit . I cannot contact any of the people from admin side,1.0,,https://apps.apple.com/in/app/blinkit-grocery-in-minutes/id960335206
14349396427,app_store,Service is faster than click,5.0,,https://apps.apple.com/in/app/blinkit-grocery-in-minutes/id960335206
14349345236,app_store,This application is a fraud and this was happened twice in a day with me I ordered a shampoo bottle and when I received the item the bottle was empty and I take zero help from the store near me as well as the customer care team they said we cannot do anything when I said I want exchange they are making people fool and please don’t use this application if don’t want to waste your money and time.,1.0,,https://apps.apple.com/in/app/blinkit-grocery-in-minutes/id960335206
14349338516,app_store,Very expensive,1.0,,https://apps.apple.com/in/app/blinkit-grocery-in-minutes/id960335206
14349323517,app_store,"App is great for quick delivery, but major lag issues on iPhone 15 Plus. When I go inside Blinkit > Category > Sub-category > Product page, the FPS drops hugely and scrolling becomes very laggy. Response time is also very high while opening items inside sub folders/containers. Please fix the performance and optimization for iPhone 15 Plus. Love the service, but this makes browsing painful.",2.0,,https://apps.apple.com/in/app/blinkit-grocery-in-minutes/id960335206
14349282329,app_store,Excellent work,5.0,,https://apps.apple.com/in/app/blinkit-grocery-in-minutes/id960335206
14349094114,app_store,They are beating amazon now … congratulations,5.0,,https://apps.apple.com/in/app/blinkit-grocery-in-minutes/id960335206
14349079298,app_store,"product is not returnable and no where it has mentioned , bad experience… i have uninstalled and deleted the app. You lost a customer 😊..",1.0,,https://apps.apple.com/in/app/blinkit-grocery-in-minutes/id960335206
14349028512,app_store,"A regular customer of Blinkit here. However, of late, there is a tendency that items are either not available or not delivered, and shown as delivered. The delivery person doesn’t inform you about non-availability of the items/items not being delivered. After delivery, one has to check item-wise, and make sure everything has been delivered, which is quite a task. And then one has to contact the customer care for redelivery/refunds. No automatic processing from Blinkit’s end, unlike other platforms like Milk Basket. I ordered twice on Blinkit today, and both the times, items were missing. On contacting customer care, I was informed that some items were not available, and some were available, but not delivered. And in case of small value items, they don’t do re-delivery, they only process refunds, that too without refunding handling / delivery charges. Extremely unprofessional attitude from Blinkit!!",1.0,,https://apps.apple.com/in/app/blinkit-grocery-in-minutes/id960335206
14348973419,app_store,When the customer taps on order the cart and bill details with delivery charges if any should be transparently shown to the customer and not to the payment page directly,3.0,,https://apps.apple.com/in/app/blinkit-grocery-in-minutes/id960335206
14348956870,app_store,Really impressed,5.0,,https://apps.apple.com/in/app/blinkit-grocery-in-minutes/id960335206
14348915722,app_store,Delivery man calls on average of 6-10 times. Why???,1.0,,https://apps.apple.com/in/app/blinkit-grocery-in-minutes/id960335206
14348774807,app_store,Quick and Instant way to get delivered all your instant needs,5.0,,https://apps.apple.com/in/app/blinkit-grocery-in-minutes/id960335206
14348595900,app_store,I am very happy with the fresh Quality grocery service delivery of Blinkit awesome company keep it up God bless keep shining.Also stock herbs too like fresh lemongrass please thanks 👌 also some cash discounts card based ?,5.0,,https://apps.apple.com/in/app/blinkit-grocery-in-minutes/id960335206
14348444222,app_store,The gift card i sent to someone was delivered without pin,1.0,,https://apps.apple.com/in/app/blinkit-grocery-in-minutes/id960335206
14347794545,app_store,Thank you BLINK IT FOR PROVIDING US YOUR LATE NIGHT HELP,5.0,,https://apps.apple.com/in/app/blinkit-grocery-in-minutes/id960335206
14347542169,app_store,"None of the payment options are working, Update: this dumb app stop accepting any payment and mark any payment as invalid, if i add amex card for payment, so fix your app instead of asking customers to send emails, no one is free enough to send you emails on bugs in your app, its your development and testing team’s job, customers are paying you and not the other way around, so stop wasting customers time and fix it before you start loosing more customers.",1.0,,https://apps.apple.com/in/app/blinkit-grocery-in-minutes/id960335206
14347356816,app_store,Really helpful in need,5.0,,https://apps.apple.com/in/app/blinkit-grocery-in-minutes/id960335206
14347353778,app_store,Blinkit never disappointed,5.0,,https://apps.apple.com/in/app/blinkit-grocery-in-minutes/id960335206
14347323584,app_store,Not retune items,1.0,,https://apps.apple.com/in/app/blinkit-grocery-in-minutes/id960335206
14347303375,app_store,Love it it’s my go to,5.0,,https://apps.apple.com/in/app/blinkit-grocery-in-minutes/id960335206
14347298070,app_store,Great work,5.0,,https://apps.apple.com/in/app/blinkit-grocery-in-minutes/id960335206
14347204440,app_store,I Have Since So Long I Have No Complaints,5.0,,https://apps.apple.com/in/app/blinkit-grocery-in-minutes/id960335206
14347176488,app_store,4,4.0,,https://apps.apple.com/in/app/blinkit-grocery-in-minutes/id960335206
14347174983,app_store,Too high prices and delivery charges,1.0,,https://apps.apple.com/in/app/blinkit-grocery-in-minutes/id960335206
14347077312,app_store,There is no customer care number to reach out for any assistance and there is very limited option in chat which you select and the conversation gets closed on its own without resolution,1.0,,https://apps.apple.com/in/app/blinkit-grocery-in-minutes/id960335206
14347017648,app_store,I have been using Blinkit for almost 2 yrs and it has been addictive for everything it has,5.0,,https://apps.apple.com/in/app/blinkit-grocery-in-minutes/id960335206
14346923302,app_store,Love it,5.0,,https://apps.apple.com/in/app/blinkit-grocery-in-minutes/id960335206
14346710676,app_store,Good service even during challenging time. God bless you all,5.0,,https://apps.apple.com/in/app/blinkit-grocery-in-minutes/id960335206
14346520163,app_store,"Blanket is a very good service, but you’re getting careless with the things that you are sending so please make sure that the vegetables are fresh and the bread is soft and it gets there in time",5.0,,https://apps.apple.com/in/app/blinkit-grocery-in-minutes/id960335206
14346494243,app_store,Every order has some items missing which should be complaint by us. And the resolution is also not provided immediately.,1.0,,https://apps.apple.com/in/app/blinkit-grocery-in-minutes/id960335206
14346446879,app_store,It is very comfortable 👍,5.0,,https://apps.apple.com/in/app/blinkit-grocery-in-minutes/id960335206
14346373788,app_store,Why use plastic bags? Why cant u use paper bags like bigbasket,1.0,,https://apps.apple.com/in/app/blinkit-grocery-in-minutes/id960335206
14346333930,app_store,Good app for last minute shopping,5.0,,https://apps.apple.com/in/app/blinkit-grocery-in-minutes/id960335206
14346166847,app_store,"Very fast ,good stuff,helpful 👍",5.0,,https://apps.apple.com/in/app/blinkit-grocery-in-minutes/id960335206
14345992492,app_store,"Poor customer service. @letsblinkit surprised to see such poor level of customer service. I ordered an I phone type c charger, picked the wrong one in hurry. Realised my mistake as i wanted a charger for 16plus but got the one used for other variants “1 x type C to lightning cable. Requested for a replacement, was denied outrightly.",1.0,,https://apps.apple.com/in/app/blinkit-grocery-in-minutes/id960335206
14345933220,app_store,Mene first time rapido book kiya tha 260 ka o aaya usne OTP LIYA usne hame choda hamare locations par fir yaha se kahani start hoti hai usne hara locations par choda aur paise mene diye ride 260 ki mene usko 500 diya usne bola me aap phone pe baki ke paise mar deta hu mene thik hai bola tho usne paise mare feck phone pe se mere pass paisa nhi aaye mene usko bola paise nhi aaye hai usne bola dekho mene bhej diya hai lekin mene bola nhi aaye hai fir usne gadi start kar ke bhag gaya toh mene repido se complain bhi ki rapido helpline bolti hai aap ne case diya hai toh ham kuch nhi kar skte hai,1.0,,https://apps.apple.com/in/app/blinkit-grocery-in-minutes/id960335206
14345777610,app_store,Very good 👍🏻,5.0,,https://apps.apple.com/in/app/blinkit-grocery-in-minutes/id960335206
14345772877,app_store,It should be blink sit not blinkit it aounds gat,1.0,,https://apps.apple.com/in/app/blinkit-grocery-in-minutes/id960335206
14345761417,app_store,Sharam karlo thodi,1.0,,https://apps.apple.com/in/app/blinkit-grocery-in-minutes/id960335206
14345759749,app_store,You should open service in Chengalpattu also,4.0,,https://apps.apple.com/in/app/blinkit-grocery-in-minutes/id960335206
14345685513,app_store,Last time the bread I have ordered! The seal of the bread was opened!,1.0,,https://apps.apple.com/in/app/blinkit-grocery-in-minutes/id960335206
14345626197,app_store,Multiple times recently blinkit is delivering orders to somebody else's place. Delivery partner doesnt bother checking on call or text before placing it at doorsteps of wrong address. Loss of our money and time,1.0,,https://apps.apple.com/in/app/blinkit-grocery-in-minutes/id960335206
14345625081,app_store,I don’t like it when apps ask me to review them. I’m already a paying user. Stop bothering me with pop-ups. Have some respect for your users.,1.0,,https://apps.apple.com/in/app/blinkit-grocery-in-minutes/id960335206
14345603967,app_store,മോശം എന്ന് പറഞ്ഞാൽ വളരെ മോശം,1.0,,https://apps.apple.com/in/app/blinkit-grocery-in-minutes/id960335206
14345563514,app_store,You know the reason,1.0,,https://apps.apple.com/in/app/blinkit-grocery-in-minutes/id960335206
14345551146,app_store,"Thank You for starting your services in our area, we hope you will continue for future.",5.0,,https://apps.apple.com/in/app/blinkit-grocery-in-minutes/id960335206
14345498078,app_store,I cancelled an order and they provided me promocode as refund i disagreed and asked them to refund to my original source it 10days passed and no solution provided worst support team use ZEPTO instead they have better support team,1.0,,https://apps.apple.com/in/app/blinkit-grocery-in-minutes/id960335206
14345415211,app_store,Very good Blinkit app Thnx,5.0,,https://apps.apple.com/in/app/blinkit-grocery-in-minutes/id960335206
14345400879,app_store,Prices are more than most other instant delivery apps,3.0,,https://apps.apple.com/in/app/blinkit-grocery-in-minutes/id960335206
14345308926,app_store,Absolutely disgusting how these apps benefit off of from the youth constantly but have stopped serving to the protesters at jantar mantar when in asked for support in exchange,1.0,,https://apps.apple.com/in/app/blinkit-grocery-in-minutes/id960335206
14345280542,app_store,Support students!,1.0,,https://apps.apple.com/in/app/blinkit-grocery-in-minutes/id960335206
14345208236,app_store,Quick and prompt delivery,5.0,,https://apps.apple.com/in/app/blinkit-grocery-in-minutes/id960335206
14345203506,app_store,Unnecessary charges being added. If user overlooked then that will continue. So refrained from this to avoid unwanted burden on user or customer,1.0,,https://apps.apple.com/in/app/blinkit-grocery-in-minutes/id960335206
14345190174,app_store,Time to time delivery and nice packing,4.0,,https://apps.apple.com/in/app/blinkit-grocery-in-minutes/id960335206
14345129434,app_store,Quick and efficient delivery,5.0,,https://apps.apple.com/in/app/blinkit-grocery-in-minutes/id960335206
14345107431,app_store,I could order just within a minute,5.0,,https://apps.apple.com/in/app/blinkit-grocery-in-minutes/id960335206
14345102962,app_store,Fresh milk and vegetables should come,2.0,,https://apps.apple.com/in/app/blinkit-grocery-in-minutes/id960335206
14345100842,app_store,"Blinkit you are doing good job, as well as this time delivery boy was very polite and gently handled the parcel with a smile . You made my day with that sweet innocent smile. Bigs thanks from me Bhagyashree Arvind Ban .",5.0,,https://apps.apple.com/in/app/blinkit-grocery-in-minutes/id960335206
14345013061,app_store,"Your team is full of coward and specially you , on protest you didn’t server food , thousand of students starving there . Shame on you.",1.0,,https://apps.apple.com/in/app/blinkit-grocery-in-minutes/id960335206
14345010340,app_store,Nobody carries change and the manger is rude,3.0,,https://apps.apple.com/in/app/blinkit-grocery-in-minutes/id960335206
14344941625,app_store,Earlier it was good bt nw the delivery boys r soo rude..one of them even fought with me on phone as he wanted me to come to him to take my order .. if i hv to cm to take my order then whts the point of blinkit??,1.0,,https://apps.apple.com/in/app/blinkit-grocery-in-minutes/id960335206
14344845516,app_store,Super delivery,5.0,,https://apps.apple.com/in/app/blinkit-grocery-in-minutes/id960335206
14344814473,app_store,There’s no reduction in price and also surge charge and always takes too long time to reach the destination not happy with the app,1.0,,https://apps.apple.com/in/app/blinkit-grocery-in-minutes/id960335206
14344745603,app_store,Service is really Good and the Staff is Polite.🙏,5.0,,https://apps.apple.com/in/app/blinkit-grocery-in-minutes/id960335206
14344672127,app_store,Very bad experience,1.0,,https://apps.apple.com/in/app/blinkit-grocery-in-minutes/id960335206
14344596423,app_store,"Few areas where their service providers are really not worthy for the company. It happened many times- after paid the amount I couldn’t receive the items… and the funny part is after having a chat with the customer care, couldn’t received the amount back… happened twice.. I can claim what I said… it’s not the story, it’s a fact… They need to build the strong connection so far.. rest all fine",4.0,,https://apps.apple.com/in/app/blinkit-grocery-in-minutes/id960335206
14344028530,app_store,So convenient to order at 3:10 am . Thanks for understanding the customers,5.0,,https://apps.apple.com/in/app/blinkit-grocery-in-minutes/id960335206
14343778859,app_store,"very high products, everything is there and very low service",1.0,,https://apps.apple.com/in/app/blinkit-grocery-in-minutes/id960335206
14343768634,app_store,Godi supporters they stopped services at jantar mantar,1.0,,https://apps.apple.com/in/app/blinkit-grocery-in-minutes/id960335206
14343713052,app_store,The darkest place in hail reserved for those who stay silent when needed,1.0,,https://apps.apple.com/in/app/blinkit-grocery-in-minutes/id960335206
14343677709,app_store,Blinkit just blink your eyes and they will deliver,5.0,,https://apps.apple.com/in/app/blinkit-grocery-in-minutes/id960335206
14343669020,app_store,Charging too much and not dilivering on time,1.0,,https://apps.apple.com/in/app/blinkit-grocery-in-minutes/id960335206
14343404862,app_store,Thanq,5.0,,https://apps.apple.com/in/app/blinkit-grocery-in-minutes/id960335206
14343395408,app_store,Perfect service that consumer wants,4.0,,https://apps.apple.com/in/app/blinkit-grocery-in-minutes/id960335206
14343312715,app_store,Most convenient app for your daily necessities,5.0,,https://apps.apple.com/in/app/blinkit-grocery-in-minutes/id960335206
14343264407,app_store,"Ultra-Fast Delivery: Delivers daily essentials, groceries, electronics, and household items within 10–15 minutes. Wide Variety & Expansion: Beyond groceries, it now offers electronics, apparel, beauty products, printouts, and seasonal items",5.0,,https://apps.apple.com/in/app/blinkit-grocery-in-minutes/id960335206
14343262595,app_store,Fattu App,1.0,,https://apps.apple.com/in/app/blinkit-grocery-in-minutes/id960335206
14343172100,app_store,Worst delivery executives… Damaged products deliveres. Not even refund or exchange options are available.,1.0,,https://apps.apple.com/in/app/blinkit-grocery-in-minutes/id960335206
14343147021,app_store,very bad,1.0,,https://apps.apple.com/in/app/blinkit-grocery-in-minutes/id960335206
a55fca89-3fd9-43df-a7fc-18c621c8bfba,google_play,wrong delivery,1.0,2026-07-30,https://play.google.com/store/apps/details?id=com.grofers.customerapp
c7d61ee4-d03f-46fc-b0d6-3a0543ee0512,google_play,very fast,5.0,2026-07-30,https://play.google.com/store/apps/details?id=com.grofers.customerapp
c7ffa6cc-368e-40ff-96c0-264b6f67ad50,google_play,very good and fast delivery👍💗,5.0,2026-07-30,https://play.google.com/store/apps/details?id=com.grofers.customerapp
ea5d7b7a-82a7-433e-aca0-b2c01a4a00ab,google_play,good but slightly costly,4.0,2026-07-30,https://play.google.com/store/apps/details?id=com.grofers.customerapp
99fa58ce-64a2-48df-90bb-d75595dd67f8,google_play,"IT'S A VERY good app, the only problem is about the location sometimes I have to tell the location to the delivery boy several times good app nice app and the second problem is they aren't keeping the small packet like If I want to buy chips and I want a 10 rupee packet it's not available !!! it's not good challlooo baaki overall good",4.0,2026-07-30,https://play.google.com/store/apps/details?id=com.grofers.customerapp
152f74e0-a85a-4506-b1e6-01a787d01370,google_play,very good experience 👌,5.0,2026-07-30,https://play.google.com/store/apps/details?id=com.grofers.customerapp
3f913d8b-4ef3-4260-86c3-5b45f0c5c72c,google_play,Good nice 👍🏻 👍🏻,5.0,2026-07-30,https://play.google.com/store/apps/details?id=com.grofers.customerapp
a15de9e2-9bad-4915-a72c-bd2114195213,google_play,very quick and reliable service.,5.0,2026-07-30,https://play.google.com/store/apps/details?id=com.grofers.customerapp
f0ff392c-d699-4c14-93ec-cd96dbaf2f10,google_play,good,5.0,2026-07-30,https://play.google.com/store/apps/details?id=com.grofers.customerapp
7adf0404-99c9-457b-ad8f-a7851e06345a,google_play,good 👍,5.0,2026-07-30,https://play.google.com/store/apps/details?id=com.grofers.customerapp
2267d66f-584a-4596-97b0-1304c929b7e1,google_play,nice,5.0,2026-07-30,https://play.google.com/store/apps/details?id=com.grofers.customerapp
b39003d0-cacd-4fa5-a4ac-407ea2f8e860,google_play,"Good,More use AI",5.0,2026-07-30,https://play.google.com/store/apps/details?id=com.grofers.customerapp
8a223170-1803-4438-8372-4f9d019fae28,google_play,best e commerce company and you got under 30 min order products to order from Blinkit,5.0,2026-07-30,https://play.google.com/store/apps/details?id=com.grofers.customerapp
fb46ed86-254a-4b75-84aa-ab456ac81a0d,google_play,goodies really good website,5.0,2026-07-30,https://play.google.com/store/apps/details?id=com.grofers.customerapp
3fdf3be1-e371-4df3-81fa-1a9b8f8f86c6,google_play,ya log bat nahi sunta hai .enko bas apna order ki pardi rehti hai .,1.0,2026-07-30,https://play.google.com/store/apps/details?id=com.grofers.customerapp
866bfd20-5756-4eb7-aae9-00a14681e6d5,google_play,best app,5.0,2026-07-30,https://play.google.com/store/apps/details?id=com.grofers.customerapp
032d348e-3ecb-4ac9-86b6-603188d2c011,google_play,ghatiya,1.0,2026-07-30,https://play.google.com/store/apps/details?id=com.grofers.customerapp
e9f301de-d62e-48d7-85e4-e0fd9c061ea5,google_play,best best best best app,5.0,2026-07-30,https://play.google.com/store/apps/details?id=com.grofers.customerapp
a063b767-d710-4269-9f0e-34d84b05c520,google_play,happy,5.0,2026-07-30,https://play.google.com/store/apps/details?id=com.grofers.customerapp
8e855577-b9ff-4c0a-aed6-a88c41f71e6e,google_play,good service,5.0,2026-07-30,https://play.google.com/store/apps/details?id=com.grofers.customerapp
62f8d2ee-29b4-46a1-820a-5a3f1335a5e3,google_play,gud,5.0,2026-07-30,https://play.google.com/store/apps/details?id=com.grofers.customerapp
adbada9c-3851-489f-b1e3-afeac190f1fb,google_play,"exceptional service , thoroughly impressed.",5.0,2026-07-30,https://play.google.com/store/apps/details?id=com.grofers.customerapp
eadf84b2-66db-4c89-8998-a0b95c96de79,google_play,good 👍👍👍,5.0,2026-07-30,https://play.google.com/store/apps/details?id=com.grofers.customerapp
fe4f7e6c-8fb3-4cd6-9eec-ab613ad91a8d,google_play,the app is so smooth and easily to take the order l love the app,5.0,2026-07-30,https://play.google.com/store/apps/details?id=com.grofers.customerapp
4679208d-0ea7-41b2-8761-34649b49bf9a,google_play,delivery timing is good 👍🏻,5.0,2026-07-30,https://play.google.com/store/apps/details?id=com.grofers.customerapp
08992f4a-ade1-4c5a-9db0-4e2d61fcf2a7,google_play,super,1.0,2026-07-30,https://play.google.com/store/apps/details?id=com.grofers.customerapp
9b4c8d99-2c2e-4105-a5f0-9345442768ab,google_play,bad,1.0,2026-07-30,https://play.google.com/store/apps/details?id=com.grofers.customerapp
6211d3d4-39b0-4e71-909a-7f4287cd6fe4,google_play,add more address in your app for right location,4.0,2026-07-30,https://play.google.com/store/apps/details?id=com.grofers.customerapp
aab864e6-0cc7-42fd-8a22-a82f3d537dfb,google_play,very good 😊,4.0,2026-07-30,https://play.google.com/store/apps/details?id=com.grofers.customerapp
88f607e2-74f7-4dac-880c-36c541419b49,google_play,fraud and duplicate item send,1.0,2026-07-30,https://play.google.com/store/apps/details?id=com.grofers.customerapp
0abb152f-95b9-45bc-9df7-74ae877c26f2,google_play,worth it price! appreciable 😻🎀,5.0,2026-07-30,https://play.google.com/store/apps/details?id=com.grofers.customerapp
a409808a-9c3c-4e2d-9e94-d9c33e28d172,google_play,why always take handling charges 😞 bad,3.0,2026-07-30,https://play.google.com/store/apps/details?id=com.grofers.customerapp
e0085fd4-7010-4777-8efe-58dda3c1295c,google_play,item is so bad,1.0,2026-07-30,https://play.google.com/store/apps/details?id=com.grofers.customerapp
3e7aa0ef-00ec-4131-bb84-66d78b5fb03b,google_play,Fastest & Genuine delivery app.,5.0,2026-07-30,https://play.google.com/store/apps/details?id=com.grofers.customerapp
0b2352f1-ae18-46bf-ac17-dcdb13f2b56c,google_play,cheep products they sell expiry products and also hides the expiry date,1.0,2026-07-30,https://play.google.com/store/apps/details?id=com.grofers.customerapp
31d1c771-f1c1-45f5-ba5a-7422b147f693,google_play,very nice,5.0,2026-07-30,https://play.google.com/store/apps/details?id=com.grofers.customerapp
4c4133c1-6243-4525-8ec4-43474ced6caa,google_play,super app,5.0,2026-07-30,https://play.google.com/store/apps/details?id=com.grofers.customerapp
c27f0811-46a8-4134-9061-f50576112de7,google_play,good👍👍👍👍,5.0,2026-07-30,https://play.google.com/store/apps/details?id=com.grofers.customerapp
1b18fd9a-f6ba-42d7-9b65-f3d6913cb1a7,google_play,Noice,5.0,2026-07-30,https://play.google.com/store/apps/details?id=com.grofers.customerapp
b65dc609-7edc-4e57-9261-160c414c42e3,google_play,it's very good 👍😊,5.0,2026-07-30,https://play.google.com/store/apps/details?id=com.grofers.customerapp
830f9f50-6a84-4ee8-a413-81557db436ff,google_play,💯💯,5.0,2026-07-30,https://play.google.com/store/apps/details?id=com.grofers.customerapp
410c5b94-f0f1-48b9-bb86-92008e901087,google_play,"Hi Blinkit team, I would like to suggest a new feature where customers can transfer money through the app and request delivery of physical cash to their doorstep for a service fee. This could help people who need emergency cash and cannot access an ATM. I believe this would be a valuable addition to your platform.",5.0,2026-07-30,https://play.google.com/store/apps/details?id=com.grofers.customerapp
eb4456f6-5fce-46f8-9553-cc30a5985f3d,google_play,very unhelpful on returns of products and refuse to take responsibility,1.0,2026-07-30,https://play.google.com/store/apps/details?id=com.grofers.customerapp
d58abf17-d37f-46ea-a724-38f46b0a26c9,google_play,👌,5.0,2026-07-30,https://play.google.com/store/apps/details?id=com.grofers.customerapp
307d3e28-a488-4911-ad17-3be02a60b557,google_play,Cash on delivery not available,1.0,2026-07-30,https://play.google.com/store/apps/details?id=com.grofers.customerapp
e1bca78c-c2bf-495b-8935-dd86e484b8b6,google_play,"My experience with blinkit was nice, the delivery partners had a very polite behaviour and professional attitude, expect some (1-2), beyond that service was nice and fast, product came clean and the paper bags were also good. But in Srinagar, blinkit does have much options currently. And also it takes them a lot of time to restock items, hope this issues resolves in future.",4.0,2026-07-30,https://play.google.com/store/apps/details?id=com.grofers.customerapp
a30f1724-acdf-451b-b40b-907f19bc64c1,google_play,good 👍🏻😊,5.0,2026-07-30,https://play.google.com/store/apps/details?id=com.grofers.customerapp
6538711a-66f5-44da-814d-a5e7f81a5a14,google_play,best Groceries and service fast delivery,5.0,2026-07-30,https://play.google.com/store/apps/details?id=com.grofers.customerapp
316cd0dd-848c-426a-a115-f8fff7155c6f,google_play,good service 👍,5.0,2026-07-30,https://play.google.com/store/apps/details?id=com.grofers.customerapp
43fdb0f5-6503-4e59-b3da-0e67a63b4410,google_play,expire food,1.0,2026-07-30,https://play.google.com/store/apps/details?id=com.grofers.customerapp
dbea708a-a949-4012-8f0e-9a369f2f1356,google_play,👌🏻,5.0,2026-07-30,https://play.google.com/store/apps/details?id=com.grofers.customerapp
dc9e8a24-291d-4071-b366-1d9ba6011d36,google_play,helpfull and great service.,5.0,2026-07-30,https://play.google.com/store/apps/details?id=com.grofers.customerapp
523cd264-579d-4b2d-bcad-f6e7acc47bf6,google_play,I am becoming lazzzyy.....,5.0,2026-07-30,https://play.google.com/store/apps/details?id=com.grofers.customerapp
3ac4f39b-ef7f-4ac7-bbfa-e13aebed2e1b,google_play,all delivary no free,1.0,2026-07-30,https://play.google.com/store/apps/details?id=com.grofers.customerapp
17c4d221-78e5-496d-a08b-d99366529d34,google_play,Very fast deu & Very nice Cwality I am very happy,5.0,2026-07-30,https://play.google.com/store/apps/details?id=com.grofers.customerapp
6a205f15-2c7f-4997-bf87-4ae70ecc2220,google_play,very good,5.0,2026-07-30,https://play.google.com/store/apps/details?id=com.grofers.customerapp
5d8aca48-a0bd-4db6-9058-472133c99402,google_play,taking a surge amount every time,1.0,2026-07-30,https://play.google.com/store/apps/details?id=com.grofers.customerapp
d1f5629f-1de0-4904-92fd-7e9c6d70aef1,google_play,very nice service,5.0,2026-07-30,https://play.google.com/store/apps/details?id=com.grofers.customerapp
93eb798a-f8e5-4d8c-81e8-15f917d78ca5,google_play,Excellent,5.0,2026-07-30,https://play.google.com/store/apps/details?id=com.grofers.customerapp
9da4ae33-e7ec-4c6e-baa7-a0efb909e5bb,google_play,good app,5.0,2026-07-30,https://play.google.com/store/apps/details?id=com.grofers.customerapp
31a229a7-d48b-4a5d-a02b-09e92f15457f,google_play,"Do not send paper bags, send only plastic bags. You charged Delivery Charges Only. But other platforms charged many things and i have to make sure for any new charges for every order COD, rain, sun, water logging, congestion, traffic jam etc. Finally I uninstall all other platforms and have blinkit only",5.0,2026-07-30,https://play.google.com/store/apps/details?id=com.grofers.customerapp
4c77085c-30ef-473e-ba68-6b6e68f51d3d,google_play,delivery is so good,4.0,2026-07-30,https://play.google.com/store/apps/details?id=com.grofers.customerapp
db3ee02d-ec0b-4b88-ac30-043e63f0405b,google_play,awesome delivery service... not even big countries like russia and usa have such a sped up service... thanks,5.0,2026-07-30,https://play.google.com/store/apps/details?id=com.grofers.customerapp
8140d5a6-62ac-4f92-9f85-28d63e1f3ef3,google_play,very 👍🏻 nice 🙂 app🌲,5.0,2026-07-30,https://play.google.com/store/apps/details?id=com.grofers.customerapp
3b3f99db-3f1a-42a8-8200-217b70a56b3a,google_play,"this aap was really good , I'm very satisfied with this aap 👍🏻",5.0,2026-07-30,https://play.google.com/store/apps/details?id=com.grofers.customerapp
b21712b3-30e4-4d1d-bd1c-f220d15a1c58,google_play,😍,5.0,2026-07-30,https://play.google.com/store/apps/details?id=com.grofers.customerapp
669f61ca-2975-4c25-bad6-29290348a1ae,google_play,deliveries were not accurate,1.0,2026-07-30,https://play.google.com/store/apps/details?id=com.grofers.customerapp
04caa0f4-48fc-409d-b978-26e8991e55ef,google_play,"I had a very disappointing experience with Blinkit. I ordered a boAt Stone 350 Pro Bluetooth Speaker, but I received a different Bluetooth speaker. I reported the issue immediately and shared all the requested photos and videos. Despite multiple follow-ups, my request for a replacement or refund was rejected after their investigation. Based on my experience, I would be very cautious about ordering electronic items from Blinkit until stronger customer protection measures, such as open-box verific",1.0,2026-07-30,https://play.google.com/store/apps/details?id=com.grofers.customerapp
483d392d-7769-4c2b-9830-f0982583580e,google_play,"My refund has still not been credited to my account, and I couldn't find any contact number for your support team. How will my issue be resolved? How can I get my refund back?",1.0,2026-07-30,https://play.google.com/store/apps/details?id=com.grofers.customerapp
f21aed0a-4ca5-43cf-b0fe-1f7cedaca83b,google_play,GOOD EXPERIENCE,5.0,2026-07-30,https://play.google.com/store/apps/details?id=com.grofers.customerapp
8f95f8e3-e35a-48b4-81be-83de37089880,google_play,no coupon apply,1.0,2026-07-30,https://play.google.com/store/apps/details?id=com.grofers.customerapp
ef1eee31-213d-45cb-96e0-d4471798aae5,google_play,Nothing To Say it's Word less,5.0,2026-07-30,https://play.google.com/store/apps/details?id=com.grofers.customerapp
5d9a1e7a-846e-4a89-bf11-7b68ffaa0b8b,google_play,Best,5.0,2026-07-30,https://play.google.com/store/apps/details?id=com.grofers.customerapp
804101cb-43ea-42b9-bb65-a16f7e5c5258,google_play,best experience,5.0,2026-07-30,https://play.google.com/store/apps/details?id=com.grofers.customerapp
5518872c-3d87-481b-9dc7-6440316e3a05,google_play,exilent,5.0,2026-07-30,https://play.google.com/store/apps/details?id=com.grofers.customerapp
c044e454-24fd-45d7-99ca-8b5de845f910,google_play,this is very helpful app,5.0,2026-07-30,https://play.google.com/store/apps/details?id=com.grofers.customerapp
777c457f-bdd8-4bd3-825d-967b4dff0d1b,google_play,"i have ordered a list of games and items for my niece on her birthday, I have paid 30 rs for gift packaging, but none of the items came gift wrapped. it's end the surprise. blinkit is earning money by these kinds of tricks.. so bad...will never use it now",1.0,2026-07-30,https://play.google.com/store/apps/details?id=com.grofers.customerapp
c43803c0-1b04-40e7-a365-f4611d601617,google_play,zepto is way better,3.0,2026-07-30,https://play.google.com/store/apps/details?id=com.grofers.customerapp
782bc262-33cd-4a7d-ad69-052d78086503,google_play,deliverey fast good product,4.0,2026-07-30,https://play.google.com/store/apps/details?id=com.grofers.customerapp
4f64281e-eb41-479d-8f03-2c5a0fd9fec6,google_play,great platform,5.0,2026-07-30,https://play.google.com/store/apps/details?id=com.grofers.customerapp
05d041ad-15f5-46d0-bdea-8ffdf73d0848,google_play,delivery is never available when you actually need something.,1.0,2026-07-30,https://play.google.com/store/apps/details?id=com.grofers.customerapp
9c820a3a-7832-4c09-a088-50b451f9079d,google_play,👍,5.0,2026-07-30,https://play.google.com/store/apps/details?id=com.grofers.customerapp
0490a854-8703-4bba-a924-2cd772e6864f,google_play,awesome 👌,5.0,2026-07-30,https://play.google.com/store/apps/details?id=com.grofers.customerapp
514d3c3f-8683-4693-bf49-a47940c10aa2,google_play,awesome,5.0,2026-07-30,https://play.google.com/store/apps/details?id=com.grofers.customerapp
aecb7142-ea04-4ce8-b8c4-519b2d794959,google_play,amazing amazing app...1000prcnt satisfied...Ty blinkit😊,5.0,2026-07-30,https://play.google.com/store/apps/details?id=com.grofers.customerapp
6e9baccd-8ec2-4458-ae9d-f29068208846,google_play,Unimaginable fast door step reasonable service ever thought of .Especially good for senior citizens. My best wishes For the last few days unable to see balance and profile icon on the right top corner of the app. Reinstalled once but problem again after 2-3 days. Please help. Thanks,4.0,2026-07-30,https://play.google.com/store/apps/details?id=com.grofers.customerapp
54f7ee15-ba45-4abc-9d9b-5b7198a00223,google_play,og service 🫶🏻🤍,5.0,2026-07-30,https://play.google.com/store/apps/details?id=com.grofers.customerapp
105b028d-7bb1-42bc-9670-20b4c7e2561d,google_play,"The delivery boy's behavior was appalling. I have a child at home, so my wife went to receive the order. Since she didn't have an online balance on her phone, she asked him to take a photo of the company's scanner and send it to me so I could make the payment online. The delivery boy retorted, ""If I had known this, I would have cancelled the order beforehand; I don't have that kind of time—you make the payment."" He kept asking inappropriate questions like, ""Why does your husband have to do it?""",1.0,2026-07-30,https://play.google.com/store/apps/details?id=com.grofers.customerapp
9c850973-5f77-4c63-9d4b-02935368b4c4,google_play,okay,5.0,2026-07-30,https://play.google.com/store/apps/details?id=com.grofers.customerapp
e5501b83-d2fe-4a91-bedd-f13bd1be0e47,google_play,products from this app are good but behaviour of delivery partner is so rude they don't have any sense or manners how to talk some of them are good in nature and behaviour some of them are so rude,1.0,2026-07-30,https://play.google.com/store/apps/details?id=com.grofers.customerapp
29801e32-1eff-49e5-bbce-28509e55a500,google_play,Very helpful 👌 ☺️,5.0,2026-07-30,https://play.google.com/store/apps/details?id=com.grofers.customerapp
c8ae6845-dbae-4227-8281-e757bcb6e53f,google_play,best last min app,5.0,2026-07-30,https://play.google.com/store/apps/details?id=com.grofers.customerapp
e537c84c-68f1-4ec3-806c-7a76206a44d0,google_play,makes our work easier and less price than market value,5.0,2026-07-30,https://play.google.com/store/apps/details?id=com.grofers.customerapp
3ec61c35-cc73-44c1-a76b-48cc2b9c5caa,google_play,Blinkit was working in my area till last week but now it is showing as currently unavailable please fix this issue quickly as soon as possible,2.0,2026-07-30,https://play.google.com/store/apps/details?id=com.grofers.customerapp
9a89402a-f356-4e03-91eb-875ed6ef0ea0,google_play,Very easy and fast delivery process if you want something quickly. Love this!!,5.0,2026-07-30,https://play.google.com/store/apps/details?id=com.grofers.customerapp
b0498dff-02c5-4109-beea-21078531c740,google_play,prices are a bit high compared to different apps,4.0,2026-07-30,https://play.google.com/store/apps/details?id=com.grofers.customerapp
00990960-37e4-4464-be4f-952dcec380a9,google_play,to much price hike in this platform,1.0,2026-07-30,https://play.google.com/store/apps/details?id=com.grofers.customerapp
74c6867c-9b1b-46fc-a4cf-d9d8af59f130,google_play,good 👍🏻,4.0,2026-07-30,https://play.google.com/store/apps/details?id=com.grofers.customerapp
41030ad8-6903-42ea-90d3-c60ce4ead370,google_play,you donot give things in a packet,1.0,2026-07-30,https://play.google.com/store/apps/details?id=com.grofers.customerapp
c2d780a8-948b-4f34-830d-9f7418c4b02b,google_play,Thanks For This Service,5.0,2026-07-30,https://play.google.com/store/apps/details?id=com.grofers.customerapp
157c4e79-876a-4a66-bc22-8408f063f0bc,google_play,not delivered at my location,2.0,2026-07-30,https://play.google.com/store/apps/details?id=com.grofers.customerapp
cd7abfbd-fede-4426-9483-60e74c8e382b,google_play,बहुत ही घटिया और 420 भरा आपके कल आपके हाकर का व्यवहार. वह तीन आरेंज जूस के जगह पर दो आरेंज जूस और एक चुता हुआ मिक्स फ्रूट जूस 1 घंटे मे लेकर आया. हमसे बताया की हमारे पास दो ही आरेंज जूस उपलब्ध था. मै कहा की यह बात आडर डिलीवरी के पहले मुझे बतानी चाहिए. इस पर वह कोई सही जबाव नही दे पाया. कृपया हाकर पर अनुशासनात्मक कार्वाही कीजिए की भविष्य मे इस प्रकार का मनमानी नहीं कर सके.,5.0,2026-07-30,https://play.google.com/store/apps/details?id=com.grofers.customerapp
05d3b895-261c-46b3-ac68-572e9da63a09,google_play,"Terrible interface! The app is really slow and the cart option doesn't expand up once you click on it. If you have added something in the cart, you need to spend 5 to 10 minutes looking for an option to open the cart again. App is really not user friendly! Update: Issue is with the application, not the order or service. Thanks!",1.0,2026-07-30,https://play.google.com/store/apps/details?id=com.grofers.customerapp
b8b18ffe-390c-4cc2-8b31-2e4cb1c67d3f,google_play,best app store,5.0,2026-07-30,https://play.google.com/store/apps/details?id=com.grofers.customerapp
7bec6e19-7f1f-4f42-9e72-8f549df94a8d,google_play,Great!,5.0,2026-07-30,https://play.google.com/store/apps/details?id=com.grofers.customerapp
67e11169-c38c-41b3-9e9a-0e85259ee144,google_play,very nice 👌,5.0,2026-07-30,https://play.google.com/store/apps/details?id=com.grofers.customerapp
edc321a0-d86d-4a6f-91f4-21f74d62639c,google_play,"Their delivery speed is faster than I thought, thanks Blinkit.",5.0,2026-07-30,https://play.google.com/store/apps/details?id=com.grofers.customerapp
3dd5a009-e671-4566-85ec-5f210f40b34a,google_play,very good experience with blinkit,5.0,2026-07-30,https://play.google.com/store/apps/details?id=com.grofers.customerapp
76deb50a-93fd-4726-8023-7987977fdc74,google_play,don't take any handling fee It's costly for students and many more people plz consider this problem.,1.0,2026-07-30,https://play.google.com/store/apps/details?id=com.grofers.customerapp
0c882099-315f-4f41-a241-d677c8bfd067,google_play,very good service for blanket,5.0,2026-07-30,https://play.google.com/store/apps/details?id=com.grofers.customerapp
efa5fcc8-a64a-4825-b739-1701eda118a1,google_play,"I have ordered for the first time today. Let's see how the experience happens, what is the facility?",4.0,2026-07-30,https://play.google.com/store/apps/details?id=com.grofers.customerapp
a1ac8953-6998-4125-9043-95f16c1c9a1d,google_play,Very Good And best app for instant ordering without going anywhere thank you so much 🙏😉,5.0,2026-07-30,https://play.google.com/store/apps/details?id=com.grofers.customerapp
da22f9fb-235d-410e-8ab6-f5969bb9efa0,google_play,"very fast delivery, just like blink",5.0,2026-07-30,https://play.google.com/store/apps/details?id=com.grofers.customerapp
d564a9ef-32da-470b-ae2e-d7543a6d70e0,google_play,very good and fast service,5.0,2026-07-30,https://play.google.com/store/apps/details?id=com.grofers.customerapp
f4fee48b-20f3-4aa7-b83e-817ba2b63743,google_play,"My experiences have been highly satisfying. As displayed, at the time of ordering, they deliver within that time - not once or twice, but every time. The quality of the products is also very good. Moreover, in case of any problems, their customer service responds promptly and the resolution is extremely fast.",5.0,2026-07-30,https://play.google.com/store/apps/details?id=com.grofers.customerapp
0d7186c4-9773-40e5-b001-fcac2517dc06,google_play,Outstanding,5.0,2026-07-30,https://play.google.com/store/apps/details?id=com.grofers.customerapp
7cfb4464-e8ac-4a9d-b40e-e2d8f408fa98,google_play,Nice aap . . . .. . .... .. .,5.0,2026-07-30,https://play.google.com/store/apps/details?id=com.grofers.customerapp
57ae02a6-0c58-4db5-8060-d0cc9c9304c0,google_play,very disappointed.. I order item.. and blinkit send very very low product sent.. and i returned.. but they refused...,1.0,2026-07-30,https://play.google.com/store/apps/details?id=com.grofers.customerapp
69c22db1-5793-4655-bd5c-d47cf5490740,google_play,not good,1.0,2026-07-30,https://play.google.com/store/apps/details?id=com.grofers.customerapp
4e31cb49-a75b-40eb-9aee-97949f4aa4fb,google_play,Excellent service,5.0,2026-07-30,https://play.google.com/store/apps/details?id=com.grofers.customerapp
13103624-ddad-4626-8116-c795dac5ee1d,google_play,very useful for working and non working mothers,5.0,2026-07-30,https://play.google.com/store/apps/details?id=com.grofers.customerapp
a4785c4b-d81b-4a9d-94b9-a005d30e54cc,google_play,very good 👍👍,5.0,2026-07-30,https://play.google.com/store/apps/details?id=com.grofers.customerapp
bd6e19e5-fac5-4871-8ee5-2c1de53c2292,google_play,very helpful,5.0,2026-07-30,https://play.google.com/store/apps/details?id=com.grofers.customerapp
e77e757f-d691-447b-a3a2-5fc06667ab93,google_play,"I'd give zero stars if I could. order gets delayed often, sometimes by 45-50 mins. customer support is extremely unhelpful and you're forced to talk to an AI which doesn't understand the concern. better to get some alternative and not this.",1.0,2026-07-30,https://play.google.com/store/apps/details?id=com.grofers.customerapp
6e4874bc-f558-4da8-b324-13fecea54f4c,google_play,"agr app ek baar material purchase krr lenge to vo vapis nhi krte, agr glt material aa gya ho to..",1.0,2026-07-30,https://play.google.com/store/apps/details?id=com.grofers.customerapp
ac7ca89e-7f4c-42a8-9d6d-eceb383f2ade,google_play,superb,5.0,2026-07-30,https://play.google.com/store/apps/details?id=com.grofers.customerapp
8de29707-7135-4b6e-bbbb-4f2006051a0f,google_play,service is best,5.0,2026-07-30,https://play.google.com/store/apps/details?id=com.grofers.customerapp
2d799c6b-7e0b-4c54-99b5-2d289ff09282,google_play,Great.. best quality products,5.0,2026-07-30,https://play.google.com/store/apps/details?id=com.grofers.customerapp
209149ff-53b0-4332-b52e-ca599fa25ee3,google_play,jaldi aao bhaiya,5.0,2026-07-30,https://play.google.com/store/apps/details?id=com.grofers.customerapp
0e717dd4-188b-4353-8e82-fcc535d5b736,google_play,very good 👍😊,5.0,2026-07-30,https://play.google.com/store/apps/details?id=com.grofers.customerapp
4a581289-63f2-4679-a3f1-d77846132d60,google_play,Very good service,5.0,2026-07-30,https://play.google.com/store/apps/details?id=com.grofers.customerapp
21fdd5ff-da7d-4a36-b5e1-91cf77572c98,google_play,best app for best items,5.0,2026-07-30,https://play.google.com/store/apps/details?id=com.grofers.customerapp
e716781e-3d85-4d2b-a8f0-da5e0faac394,google_play,it is good but not best 😌 i,4.0,2026-07-30,https://play.google.com/store/apps/details?id=com.grofers.customerapp
233ef576-61bb-49d2-8ded-a0a7a07ff1d0,google_play,they dont give the change money ..and make the delivery so long many times ..and many times they say that they will give the change money on your blinkit app..but they don't give,2.0,2026-07-30,https://play.google.com/store/apps/details?id=com.grofers.customerapp
d8974bf8-55e9-4b5c-916d-74364e82a7bb,google_play,"It is okay till the time you dont give a feedback or have a complaint. Rude customer care who shouts, zero understanding of customer service, and taking orders with advance payment and then cancel without informing!!! for me its only for absolutely umergency requirements which Big Basket, Instamart or Amazon Now can not deliver. otherwise a BIG NO to Blinkit.",1.0,2026-07-30,https://play.google.com/store/apps/details?id=com.grofers.customerapp
2f9bfc40-c3f9-4702-85bd-1abff3d85392,google_play,👍🙂 search,5.0,2026-07-30,https://play.google.com/store/apps/details?id=com.grofers.customerapp
21e230a8-d380-4d1c-b8cb-51bacca17ed3,google_play,Nice service,5.0,2026-07-30,https://play.google.com/store/apps/details?id=com.grofers.customerapp
e3aa787b-59c9-403e-9a83-9800c8e7130c,google_play,"Very fast, These people come in any weather",5.0,2026-07-30,https://play.google.com/store/apps/details?id=com.grofers.customerapp
88ecff1d-113b-4c4d-84f1-379c1617e299,google_play,very good Very nice app,5.0,2026-07-30,https://play.google.com/store/apps/details?id=com.grofers.customerapp
bf512941-e9c0-498a-89d8-3e1cfcfb0191,google_play,very good service... 👌,4.0,2026-07-30,https://play.google.com/store/apps/details?id=com.grofers.customerapp
1c286944-5389-4e26-9a9f-1faf05d44a6a,google_play,wow,5.0,2026-07-30,https://play.google.com/store/apps/details?id=com.grofers.customerapp
5118cff2-8be2-40af-b25d-b8c9073b2f3a,google_play,thank you,5.0,2026-07-30,https://play.google.com/store/apps/details?id=com.grofers.customerapp
d986f044-2e35-475c-bee1-c4f09330bd9e,google_play,"Delivery is getting delayed since last few days, 40 minutes as per time",2.0,2026-07-30,https://play.google.com/store/apps/details?id=com.grofers.customerapp
609cc991-552a-4413-a7e8-874ed5c98c5d,google_play,What I like most is that they take consultation after ordering any pharmacy thing that's a very appreciative thing,5.0,2026-07-30,https://play.google.com/store/apps/details?id=com.grofers.customerapp
88f66d0e-6a8c-4b70-86de-e771228d26d4,google_play,best 👍🏻,5.0,2026-07-30,https://play.google.com/store/apps/details?id=com.grofers.customerapp
eba6d00a-9536-4b3c-92d5-9063b6e2e3ae,google_play,"Liked...,an application.",5.0,2026-07-30,https://play.google.com/store/apps/details?id=com.grofers.customerapp
359214e3-ffb9-4471-bfee-a11754492cf1,google_play,easy to order from anywhere....thnks blink it,5.0,2026-07-30,https://play.google.com/store/apps/details?id=com.grofers.customerapp
346596c2-0745-4cdd-9087-df59517b0105,google_play,very nice and quick service thankyou blinkit soo much,5.0,2026-07-30,https://play.google.com/store/apps/details?id=com.grofers.customerapp
785c912d-5592-4d8a-b7dc-ca91905ee435,google_play,best app i love it 🌹,5.0,2026-07-30,https://play.google.com/store/apps/details?id=com.grofers.customerapp
b928e01f-da3a-40c4-abd4-3cd7e6965f1f,google_play,thank you blinkit,5.0,2026-07-30,https://play.google.com/store/apps/details?id=com.grofers.customerapp
e7b97132-f5c5-45f4-b30b-1fc8b4a89a9d,google_play,good like,1.0,2026-07-30,https://play.google.com/store/apps/details?id=com.grofers.customerapp
6898fe0b-92d2-444a-a9fa-e04878635101,google_play,nice app thank for you 😊,5.0,2026-07-30,https://play.google.com/store/apps/details?id=com.grofers.customerapp
fb9351ed-e8dd-4c50-9889-ed819d254e4f,google_play,really its last minute app,5.0,2026-07-30,https://play.google.com/store/apps/details?id=com.grofers.customerapp
a6ae2526-b6a7-4e9f-aaa9-e8faff783e6e,google_play,dilevery is good for me,5.0,2026-07-30,https://play.google.com/store/apps/details?id=com.grofers.customerapp
dd96c27d-fa28-4423-8df5-bc27ccb0320a,google_play,ok,5.0,2026-07-30,https://play.google.com/store/apps/details?id=com.grofers.customerapp
f4f5d0fb-004b-4193-a57a-5b64a8311842,google_play,very bad delivery boys always no change I hate,1.0,2026-07-30,https://play.google.com/store/apps/details?id=com.grofers.customerapp
c1fc4053-9d11-4dc1-93a8-04b7210cd8a4,google_play,Repeated complaints against the vendor at Haridwar is falling to deaf ears. No remedial action is being taken. Why are we paying you blinkit? Better to switch to zepto etc.,1.0,2026-07-30,https://play.google.com/store/apps/details?id=com.grofers.customerapp
9fc9a714-0fca-4812-a178-6dca637dd6af,google_play,great 👍👍👍👍👍,5.0,2026-07-30,https://play.google.com/store/apps/details?id=com.grofers.customerapp
d4c86231-4a00-4575-9e95-ba6fc55fb1ee,google_play,rating is the too bad because your service is too worst charger cast,1.0,2026-07-30,https://play.google.com/store/apps/details?id=com.grofers.customerapp
451e0acb-e80b-4406-8f9c-da825dea8df9,google_play,fantastic💗,5.0,2026-07-30,https://play.google.com/store/apps/details?id=com.grofers.customerapp
b2d5c826-0974-4489-84f4-b5bc3ed71198,google_play,too late sarvice,1.0,2026-07-30,https://play.google.com/store/apps/details?id=com.grofers.customerapp
9648ec01-5baf-4df7-8dbc-3146238b31a2,google_play,I really love this app it's really helpful for immediate orders but I would really prefer if there were more lynn painter's book (like nothing like the movies etc) readers would love it and I would really order it on first day so...blinkit if u hear this...do it as quickly as you can..a reader like me would be really happy to read more of lynn painter's book as I have read better than the movies already,4.0,2026-07-30,https://play.google.com/store/apps/details?id=com.grofers.customerapp
877e210a-0493-41a7-ad21-bc1c505c23e3,google_play,satisfy,5.0,2026-07-30,https://play.google.com/store/apps/details?id=com.grofers.customerapp
47d4eadf-b2fc-4048-9ed8-3ec7f60368fa,google_play,Very fast dilivery. keep it up,5.0,2026-07-30,https://play.google.com/store/apps/details?id=com.grofers.customerapp
9864d558-c34c-4692-beaa-9f30f7bacf95,google_play,sahi app hai kr sakte ho order pr,5.0,2026-07-30,https://play.google.com/store/apps/details?id=com.grofers.customerapp
55917c80-f4fe-4711-b4be-8ad8c313353e,google_play,perfect but be available at every location,4.0,2026-07-30,https://play.google.com/store/apps/details?id=com.grofers.customerapp
162eb5a0-5c13-41d7-b627-f7e4f9bd2034,google_play,it's great app and their customers support system good 👍,3.0,2026-07-30,https://play.google.com/store/apps/details?id=com.grofers.customerapp
94864762-ae9d-4e30-8681-91262279e2d6,google_play,nice 🙂,5.0,2026-07-30,https://play.google.com/store/apps/details?id=com.grofers.customerapp
d890cded-8ec9-46f2-a68c-36f7afdcd1ab,google_play,order didn't get confirmed or anything showed after successful payment. placed order as cart holds same items .same issue. waited for 10 mins. both orders delivered. nonsense AI didn't understand this duplicate order issue. it's waste of time and money,1.0,2026-07-30,https://play.google.com/store/apps/details?id=com.grofers.customerapp
97eec1a4-b6f9-4c8f-af94-df6e2a2958e8,google_play,worst app,1.0,2026-07-30,https://play.google.com/store/apps/details?id=com.grofers.customerapp
ff4105dd-60ce-45ef-9bfc-6de1243a81a8,google_play,not fresh any food and anything i given 2 stars because faster del.....,2.0,2026-07-30,https://play.google.com/store/apps/details?id=com.grofers.customerapp
20fdf431-ad2b-4913-a438-0e36ceb39ab2,google_play,I've been using this app for a long time but few days ago they scammed me. So I bought a 4 in one data cable and it wasn't working properly then I raised a complaint in chat support and they said contact the brand for warranty and gave me e-mail and phone number of that brand but neither they replied not answered my call it's totally scam and I'm going to stop using blinkit forever and I wish it gets banned forever I'll keep praying that both pay for it.,1.0,2026-07-30,https://play.google.com/store/apps/details?id=com.grofers.customerapp
823170de-6e95-4512-894a-029bddc49287,google_play,blinkit very faster dilivery app and treated bhi hai nice good job 👍🏻,5.0,2026-07-30,https://play.google.com/store/apps/details?id=com.grofers.customerapp
807ccd0d-81e7-4711-8314-208b448f3bb9,google_play,this is very good 👍,5.0,2026-07-30,https://play.google.com/store/apps/details?id=com.grofers.customerapp
20806189-31cb-4960-8383-65e3d4453745,google_play,your service is amazing,5.0,2026-07-30,https://play.google.com/store/apps/details?id=com.grofers.customerapp
8826fe08-95f4-4256-b1b6-915ab83e63a1,google_play,"I have worked there in blinkit and believe me there system may be advanced but the salary is so less . we got 58 rs for 6.5 km and this is for full travel. Also they only give one delivery for one person, 9/10 times. It's hilarious that when I tried to work doubled they block my account. even though I am working with pure honesty. The owner may say that delevery can be done under half or one hours. But customer still believes that there order is coming under 10 mins. they still use this trick.",1.0,2026-07-30,https://play.google.com/store/apps/details?id=com.grofers.customerapp
75e57ac5-8676-44c8-866e-d1fb81ac01b0,google_play,My first order on Blinkit let's see how they give the service,4.0,2026-07-30,https://play.google.com/store/apps/details?id=com.grofers.customerapp
abe4bfb3-4af9-4413-8179-07905fa559a6,google_play,amazing,5.0,2026-07-30,https://play.google.com/store/apps/details?id=com.grofers.customerapp
2ebdf232-b970-43ef-9ddb-bfca73f5877d,google_play,it's very usefull for me,5.0,2026-07-30,https://play.google.com/store/apps/details?id=com.grofers.customerapp
d96685d4-d0b5-42c8-b598-783fd60403c7,google_play,COD Option Not Available,1.0,2026-07-30,https://play.google.com/store/apps/details?id=com.grofers.customerapp
1d4e39c6-2415-4f86-ba46-69995a71030a,google_play,Blinkit suggest animal products on serching vegan food.I am vegan .Blinkit confuse me .Why there is animal products on my feed.,1.0,2026-07-30,https://play.google.com/store/apps/details?id=com.grofers.customerapp
84438583-c510-4ba8-8cfd-bcde3400db66,google_play,"worst customer support. i am trying to complain about a faulty product i received but the customer service bot is asking me to take a video of the product, and blinkit's camera feature is not working. and it is not giving me an option to upload from my phone as well",1.0,2026-07-30,https://play.google.com/store/apps/details?id=com.grofers.customerapp
9112455e-ead2-41f1-bdca-082bcd572a50,google_play,great,5.0,2026-07-30,https://play.google.com/store/apps/details?id=com.grofers.customerapp
7bc366ef-b749-4e6e-a76d-46274a9109e5,google_play,👍🏻👍🏻,2.0,2026-07-30,https://play.google.com/store/apps/details?id=com.grofers.customerapp
d6e9043d-9a56-468b-890d-3cb700f3a003,google_play,"Excellent service!! Super-fast delivery, neatly packed items, and everything arrived in perfect condition. Thank you.",5.0,2026-07-30,https://play.google.com/store/apps/details?id=com.grofers.customerapp
37fef3ab-9387-43c6-ba06-446ee01afadf,google_play,✨💖,5.0,2026-07-30,https://play.google.com/store/apps/details?id=com.grofers.customerapp
16487e8b-e847-41da-9480-1733c5cc1b14,google_play,fast delivery 🙌,5.0,2026-07-30,https://play.google.com/store/apps/details?id=com.grofers.customerapp
0e205183-bb1e-4f34-b4e8-0b455aac4c55,google_play,unwanted charges on cancellation,1.0,2026-07-30,https://play.google.com/store/apps/details?id=com.grofers.customerapp
e5047fbe-b889-4675-9ce4-9129119e9446,google_play,your service is best service,5.0,2026-07-30,https://play.google.com/store/apps/details?id=com.grofers.customerapp
85b27c56-045f-4406-9ffc-a916a7195b4a,google_play,perfect,5.0,2026-07-30,https://play.google.com/store/apps/details?id=com.grofers.customerapp
e06b9f10-f08e-4149-90a8-abdf5fac03f8,google_play,best grocery app and only aap works in kashmir.,5.0,2026-07-30,https://play.google.com/store/apps/details?id=com.grofers.customerapp
2051a251-8f15-4a92-9cf3-084eaa89a3f9,google_play,Very fast delivery and the product is good,5.0,2026-07-30,https://play.google.com/store/apps/details?id=com.grofers.customerapp
b4d69f99-3258-4914-bdd1-2ef75145773e,google_play,very helpful app,5.0,2026-07-30,https://play.google.com/store/apps/details?id=com.grofers.customerapp
98982400-dc96-465b-aca5-fb02b3f292e0,google_play,best app for many services,5.0,2026-07-30,https://play.google.com/store/apps/details?id=com.grofers.customerapp
20374e46-9976-402c-9ea4-9ce3de6265c4,google_play,good oooodd,4.0,2026-07-30,https://play.google.com/store/apps/details?id=com.grofers.customerapp
914eefdf-59f5-4ff3-aa74-e0943133faa3,google_play,best app ever invented.. omg how fast is too fast 🏇🏻,5.0,2026-07-30,https://play.google.com/store/apps/details?id=com.grofers.customerapp
e08ce150-7ed9-4a8e-8802-624e44974547,google_play,i didn't receive my order but showing delivered worst service want my refund,1.0,2026-07-30,https://play.google.com/store/apps/details?id=com.grofers.customerapp
e78872b7-c6d6-4ed8-be26-0a42b6c1d3e1,google_play,fast,5.0,2026-07-30,https://play.google.com/store/apps/details?id=com.grofers.customerapp
6d657125-fbd8-43a0-9eed-49ad99cc664a,google_play,Very good. Item arrived in a couple of minutes,5.0,2026-07-30,https://play.google.com/store/apps/details?id=com.grofers.customerapp
3c5ff990-6bf8-4f46-aa27-02080fea45fa,google_play,NISE,5.0,2026-07-30,https://play.google.com/store/apps/details?id=com.grofers.customerapp
e4981d8a-ff47-4c19-8c00-ddb9de326fb9,google_play,very nice 🙂,5.0,2026-07-30,https://play.google.com/store/apps/details?id=com.grofers.customerapp
729905eb-b58a-4723-9149-f461335f4aa4,google_play,worst experience,1.0,2026-07-30,https://play.google.com/store/apps/details?id=com.grofers.customerapp
01058110-e8ab-4d62-b550-bccc57552726,google_play,it's my first order...,5.0,2026-07-30,https://play.google.com/store/apps/details?id=com.grofers.customerapp
c2a55d3d-5b4b-4641-b395-6d307932bb44,google_play,useful,5.0,2026-07-30,https://play.google.com/store/apps/details?id=com.grofers.customerapp
0a4e7296-ac03-4581-89ff-21b2020a667a,google_play,It is good but you need to take less charges like handling charges that need to be reduced,4.0,2026-07-30,https://play.google.com/store/apps/details?id=com.grofers.customerapp
69b44c2e-3f5b-4e72-9998-28e88e654b9b,google_play,sometimes good items but sometimes expired & rotten items & if you complain sometimes they replace or send coupon but nowadays they ask complain in their email I'd which is long process.& if you return items often you can't order by cash,3.0,2026-07-30,https://play.google.com/store/apps/details?id=com.grofers.customerapp
1c526da9-a40e-4673-b567-95486e049642,google_play,good facility,4.0,2026-07-30,https://play.google.com/store/apps/details?id=com.grofers.customerapp
1b41927f-a939-42c1-a3ce-5bd8f8dcf01f,google_play,time to delivery is so great,5.0,2026-07-30,https://play.google.com/store/apps/details?id=com.grofers.customerapp
40dbd84f-c38a-4aec-a10f-74d112c42423,google_play,very gud,5.0,2026-07-30,https://play.google.com/store/apps/details?id=com.grofers.customerapp
6503e029-dc95-4f56-9c8d-6b77ad6af421,google_play,nice product and pata nhi kyu show nhi ho raha me kese check Karu ki muje kya chahiye,5.0,2026-07-30,https://play.google.com/store/apps/details?id=com.grofers.customerapp
bd1c98b3-8331-49c1-8d09-0eaf8233850c,google_play,send spoilt products and then steal your money,1.0,2026-07-30,https://play.google.com/store/apps/details?id=com.grofers.customerapp
c41af6d3-1355-48dd-a65f-20dfec18e8e8,google_play,extra payment charges levied while placing order,1.0,2026-07-30,https://play.google.com/store/apps/details?id=com.grofers.customerapp
ffe90d13-87be-4799-be06-60c37292dd43,google_play,good job,5.0,2026-07-30,https://play.google.com/store/apps/details?id=com.grofers.customerapp
98f01556-27ad-4041-9f38-1a7086867fab,google_play,"most of your delivery person are not dressed properly,most of them are coming with the dirty wearing always",1.0,2026-07-30,https://play.google.com/store/apps/details?id=com.grofers.customerapp
3c6b32b0-b268-40b6-b276-5794935e7bf8,google_play,it's very good quality and perfact timing and helpful and I like this app very much thanks to blinkit,5.0,2026-07-30,https://play.google.com/store/apps/details?id=com.grofers.customerapp
7991f694-7680-4215-8d7a-f7bc7a2025dc,google_play,all good,5.0,2026-07-30,https://play.google.com/store/apps/details?id=com.grofers.customerapp
28e6c512-4b09-4794-898b-e3b5038772c1,google_play,bekar AAP,1.0,2026-07-30,https://play.google.com/store/apps/details?id=com.grofers.customerapp
894d7b09-d62e-41db-814a-65df7fa48ce3,google_play,Excellent Service But should work on more orders,5.0,2026-07-30,https://play.google.com/store/apps/details?id=com.grofers.customerapp
0cbf2479-fd24-4704-ac77-2ee264f5ffcc,google_play,I found Hot Wheels Ferrari SF90 Stradale at MRP ₹179/-. Dear Blinkit team Thank you 🤩🤩👍,5.0,2026-07-30,https://play.google.com/store/apps/details?id=com.grofers.customerapp
74349dc7-982c-4612-a8f7-14188fa19933,google_play,Great service,5.0,2026-07-30,https://play.google.com/store/apps/details?id=com.grofers.customerapp
3cbe37c6-b898-4f2f-9ea6-1d73e58e2f9e,google_play,bad experience items supplied are of below standard. I am stopping purchasing from blinking.,1.0,2026-07-30,https://play.google.com/store/apps/details?id=com.grofers.customerapp
e3cead51-cd8a-4922-a1d2-a484462384d9,google_play,very fast delivery and very excileemt dilivery,5.0,2026-07-30,https://play.google.com/store/apps/details?id=com.grofers.customerapp
eeb1fc5a-3fe9-4a75-b4d9-1403b3aa6e36,google_play,delivery is up to time,5.0,2026-07-30,https://play.google.com/store/apps/details?id=com.grofers.customerapp
4b0ab607-28c2-4a5a-ae47-1c3161a3a92e,google_play,neic,5.0,2026-07-30,https://play.google.com/store/apps/details?id=com.grofers.customerapp
1be023fc-fb91-4167-a471-d767060dd619,google_play,"excellent service, qualit y product",5.0,2026-07-30,https://play.google.com/store/apps/details?id=com.grofers.customerapp
7e754e0f-bcde-4bd9-ae49-844f52ce9ce1,google_play,very useful and quick service,5.0,2026-07-30,https://play.google.com/store/apps/details?id=com.grofers.customerapp
a5780b0b-ad29-41a5-b5f0-255553465063,google_play,Very amazing 👏. Delivery in few seconds 👌,5.0,2026-07-30,https://play.google.com/store/apps/details?id=com.grofers.customerapp
c01759ff-b5df-4abf-948f-c03dd95a9562,google_play,Nice app,5.0,2026-07-30,https://play.google.com/store/apps/details?id=com.grofers.customerapp
95c960e0-621e-49fd-855e-6650041d5035,google_play,best service,5.0,2026-07-30,https://play.google.com/store/apps/details?id=com.grofers.customerapp
eb245507-237b-477e-94bb-5ab823978477,google_play,good ui but handling charge is an issue for me,4.0,2026-07-30,https://play.google.com/store/apps/details?id=com.grofers.customerapp
0e6b51a4-97a1-4a11-a177-adbf90217ec9,google_play,Free Delivery Above 199 Is Too Much Great App Tho Zepto Is Better,4.0,2026-07-30,https://play.google.com/store/apps/details?id=com.grofers.customerapp
0b77b15e-49de-48da-9c65-889aad39a854,google_play,not responding better result 😕,1.0,2026-07-30,https://play.google.com/store/apps/details?id=com.grofers.customerapp
b0418cb0-a9cc-47a2-9273-4fd4b660979a,google_play,I like this app because cod is available and delivery charges is free thankyou blinkit please aise hi rehna,2.0,2026-07-30,https://play.google.com/store/apps/details?id=com.grofers.customerapp
b60485b7-5802-4549-a4d7-5c7ccd96eb1b,google_play,Good but rate is very high than others packing are v.good than others,5.0,2026-07-30,https://play.google.com/store/apps/details?id=com.grofers.customerapp
00845ce7-ac41-4f6b-8ba3-20f375643e9f,google_play,badiya app hai bhai bahut Ameer log hain blinkit vale,5.0,2026-07-30,https://play.google.com/store/apps/details?id=com.grofers.customerapp
9779357f-43fb-4676-9717-5721a0a1b45b,google_play,if I recieve item in time than I will be very appreciate,5.0,2026-07-30,https://play.google.com/store/apps/details?id=com.grofers.customerapp
458fd5ce-51e2-4785-9e1f-24c172ca67d9,google_play,mydragon fruit was rotton,1.0,2026-07-30,https://play.google.com/store/apps/details?id=com.grofers.customerapp
79ca708f-54dc-4d28-bc51-d9700e105e14,google_play,excellent 👍,5.0,2026-07-30,https://play.google.com/store/apps/details?id=com.grofers.customerapp
fe4422f0-5d7b-4a22-a95f-baa08d086b80,google_play,Easy and fast work.,4.0,2026-07-30,https://play.google.com/store/apps/details?id=com.grofers.customerapp
6891cd83-528e-4021-ac3b-cf266e746820,google_play,Super fast delivery! Got my order in just 4 minutes. Everything was fresh and well packed. Very convenient app with a smooth experience. Highly recommended!,5.0,2026-07-30,https://play.google.com/store/apps/details?id=com.grofers.customerapp
5f25e851-f0fb-4f30-9585-962bb3b8dcf2,google_play,gud👍🏻👍🏻,5.0,2026-07-30,https://play.google.com/store/apps/details?id=com.grofers.customerapp
8d0c344f-f013-42f9-b063-1040beb8d833,google_play,😍😍😍,5.0,2026-07-30,https://play.google.com/store/apps/details?id=com.grofers.customerapp
9705bb67-bf43-4edf-a994-5ad52fe4336c,google_play,"Placed the order. Paid for it. Waited for the delay. The order said ""arrived"" without arriving. ""Need help?"" Yes but for more than an hour no one was replying and the conversations kept closing themselves after each 15 minutes.",1.0,2026-07-30,https://play.google.com/store/apps/details?id=com.grofers.customerapp
6a1ba2ec-d093-43b3-b1b6-56d2edfafafb,google_play,Service is excellent...,5.0,2026-07-30,https://play.google.com/store/apps/details?id=com.grofers.customerapp
f5ec58ef-ecab-4e10-b6ed-2cae9436e051,google_play,very nice service.,5.0,2026-07-30,https://play.google.com/store/apps/details?id=com.grofers.customerapp
7c0a5e6b-8cec-43ae-9244-f7de700f6e5e,google_play,"No problem, just deliver the order on time and everything is fine, now we provide good service.",5.0,2026-07-30,https://play.google.com/store/apps/details?id=com.grofers.customerapp
6d01ea8d-b1e0-4c9b-a514-7192c18d3c00,google_play,no cancellation,1.0,2026-07-30,https://play.google.com/store/apps/details?id=com.grofers.customerapp
f45b7875-1ada-48e0-bc55-985b065c8f9c,google_play,this app very very helpful to all emergency person....and this apps use provide all area in India....,4.0,2026-07-30,https://play.google.com/store/apps/details?id=com.grofers.customerapp
eb0fdb16-9693-4fa6-a613-e38ea359503e,google_play,wow good best,5.0,2026-07-30,https://play.google.com/store/apps/details?id=com.grofers.customerapp
3d997296-0d16-44dc-b723-bb01b0c561d6,google_play,best experience but Product are lil bit costly as compare to other Shopping AAP,5.0,2026-07-30,https://play.google.com/store/apps/details?id=com.grofers.customerapp
2qhad,reddit,"Seattle The Seattle subreddit. News, current events, meetups, etc. discord.gg/reddit-seattle search within r/Seattle",,,https://old.reddit.com/r/Seattle/
2qmno,reddit,"Tucson, Arizona r/Tucson is the subreddit for Tucson and the surrounding area. You are always welcome to join our discord: https://discord.gg/jfZPBPAB5w search within r/Tucson",,,https://old.reddit.com/r/Tucson/
gazo4g,reddit,"TarotForLostnFound Welcome to the Lost&Found Tarot community. In here, you can give and receive help in finding your missing items. Please abide by the rules and be respectful. search within r/TarotForLostnFound",,,https://old.reddit.com/r/TarotForLostnFound/
1v6b8u9,reddit,"Buy for your pet, save a stray’s life 💸Selling Hi everyone, I hope you’re having a furry caturday! Our TikTok account got approved to have a showcase and I thought I’d take the chance to promote it. To be clear, this is not a shop. We will earn a commission for every purchase you make. Every commission we get will be put to good use: feeding and fixing our cat colony. To date, we have fixed 67 cats and 1 dog in our neighborhood. Let me know if there are any missing items you want to check out and I’ll add it. Anything for pets are available such as dog and cat food, cat litter, medicines, vitamins, spot ons, treats, toys, beds, bowls, air purifier, etc. Thank meow! For approval purposes only: Price starts at 50 pesos Location: Imus, Cavite more less https://i.redd.it/4z91k6219efh1.jpeg",,2026-07-25,https://old.reddit.com/r/classifiedsph/comments/1v6b8u9/buy_for_your_pet_save_a_strays_life/
1v6b79n,reddit,"Im trying to write the ch 1 of my magic school book please point out flaws in the rough draft Feedback Wanted The Mysterious Tales of Darkhmoore Academy CHAPTER ONE: “I FEEL BETTER” Ethel sits in an office where she is set to see her psychiatrist Dr. Lumen. She's sitting in front of the desk waiting on the desk is a Newton’s cradle and a fake skull made into a cup to hold other various items for writing and stationery. Ethel sits waiting looking out at the snow outside as the clock ticks by. Dr. Lumen walks in, “Elenor hello sorry for being late… I had to deal with a…rather rowdy patient” he says sitting down two cups of tea “thought you would like some”. “I-uh, I said I would prefer to be called Ethel. It's in my file.” Ethel responds. Dr. Lumen checks Ethel's file. “Oh yes- of course sorry.” he says. “Let me just set this up right here- and before I continue I would like to ask if you give me your explicit consent to record these sessions for future reference” he says as he puts a tape recorder down. “Um… sure” Ethel replies. Dr. Lumen turns on the recorder. “My name is Dr. Victor Lumen. I am here with the patient Ele-… Ethel Romano of the uptown mental health clinic, the time is 09:30 and the date is December 31st 1985. He says “So Ethel you have called for this session because you wish to be released, may I ask why? Are you unsatisfied with your care? What seems to be the issue?” Ethel responds with a shrug “I feel better.” Dr. Lumen looks at Ethel with a concerned gaze and he pulls out a file. “ On July 1st, 1985 when you were first admitted you said your reasons for admittance were ‘I feel as if my life has amounted to nothing. I can’t think or concentrate and waking up and getting out of bed feels like a chore. I can’t write music anymore. I like a blip in the world and that if I was never born it would have no effect on the people around me. I feel like the most useless person in the world ’ and now you're…better”. Ethel looks at Dr. Lumen with a blank gaze. “I mean yeah… I get it now” she says. “You get what exactly?” He asks. “The point… the moral of the story whatever the hell you want to call it… I get it "". “And that moral is?” He asks. “Im not special.” She replies. ""Why don’t you elaborate on that for me Ethel?” Dr. Lumen pries. Ethel fidgets and begins to speak: ""I mean like, it starts when your young Y'know like you grow up playing pretend reading fantasy books and gorging yourself on Disney when you're a kid. Believing that one day some magical being is going to sweep you off your feet and turn you into some chosen hero destined to save the unicorn fairies or whatever. Ethel has a nostalgic smile that fades. but eventually by the time you're like 10 you realize fairies arent real and the mall santa was fake…so you have more grounded fantasies. Ones of fame and fortune where you’re some…rock god or movie star. But then you turn 15 you realize that your dad is a mechanic and your mom is a receptionist so big shot talent isn’t really in your genetic makeup. So you whittle it down further and further from CEO to Doctor to small buisness owner and you just keep whittling and whittling until you realize the best you’ll get is cashier at a Walgreens”. A silence fills the room as the two cups of tea stand at the table cold and dr lumen looks at ethel with concern. “Pardon me Ethel but i dont feel like that is fair to yourself”. Ive listened to some of the music you have made and read your lyrics youre quite talented and if i recall correctly before your admittance you got accepted into julliard i dont think its right to reduce that to cashier at walgreens Ethel stammers “T-that- look im- im saying its just growing up Y’know. It's time to put away the toy sword, wizard hats and capes and just… ” Ethel sighs. “ Wake up to reality. ” “So that’s what I'm going to do, wake up to reality…And get serious. Plus I didn’t get accepted yet it’s… just an interview. Dr. Lumen leans forward and says. “Ethel, look I understand your growing into adulthood you just turned 22 a few months ago but that doesn't mean you have to do this on your own. Healing is a process that is long and difficult and its why one needs to be open to cha-” Ethel cuts him off “look alright I want to go home, and I haven’t made any explicit signs that would show im a danger to myself and/or others so you can’t keep me here against my will. So please stamp my release form” Dr. Lumen pulls out a release form and takes a stamp with red ink “I recommend further treatment but if that is what you want so be it” he stamps the form Ethel’s expression softens yet looks somber Ethel begins to pack her things including one of the books from her favorite choose your own adventure series since she was a child The Wonderous Chronicles of Whymzus, she grabbed the last book in the series and flipped through the pages that shimmer with highlighted annotations and are wrinkled with dogtags she glances at the book, then at a reflection of herself in the window. She sighs. “Come on el” She holds back tears as she touches the worn pages one last time “Grow the hell up ” she says as she reluctantly throws the novel in the trash. She takes out her brick phone and dials the number of her friend Allison. “Hello” she says “Hey Lis it’s me Ethel”. “Oh Sh*t hey!” She says frantically collecting herself and putting on her clothes “babe… whos that”. Ethel recognized that voice it was Jeremaih one of her friends since childhood she always suspected something between the two of them so this wasn't in particular a surprise nonetheless it still stung, the knowledge that Ethel would stay forever as Allison's friend and nothing more. “Shhhhhh” Allison said to Jeremiah hoping that Ethel didn't there. “I didn’t know they allowed you to have phones in there”. “Well they don’t but when you get released Y’know they get pretty lax about it.” Ethel says, trying her hardest to muster up some type of humor within her but truthfully she is exhausted, exhausted from being holed up and exhausted from trying so hard to leave when she knows she’s not ready but she had no choice she missed Allison and Ethel knew that if she missed the interview with Juilliard Allison would rarely visit and she wanted to stay close. “Well I think you know what that means” Allison says with a burning excitement. Of course Ethel knew what she meant; it was the only thing Allison always looked for an excuse to do… Party . CHAPTER TWO: … TW: The first chapter deals with things such as depression and mental health struggles. If that's too much for you, please don't read this. Context: The first chapter of the novel involves the character Ethel Romano and her asking to be discharged from the mental hospital. I want to see how I can enhance this novel and make the dialogue flow more efficiently. I feel that for the majority of it, it has realistic dialogue, but then again, for the short monologues in the scenes in the book, it feels like I'm just cramming a bunch of word salad. If you have questions or need more context, let me know. Any help is appreciated. more less https://docs.google.com/document/d/1J1t67emekZoAMZmcpmLWJNyMpaE4W2zvCvbsfoId2n0/edit?usp=drivesdk",,2026-07-25,https://old.reddit.com/r/writingfeedback/comments/1v6b79n/im_trying_to_write_the_ch_1_of_my_magic_school/
1v6b4xp,reddit,"Why do mirage builds never feature tankbuster? What am I missing about the item/hero? Question Been trying out mirage lately, still figuring out builds and itemizations and stuff but I did find it curious that none of the top builds have tankbuster even as an optional. I get that mirage gameplay loop is around building and maintaining stacks and debuffs so most of the items built serve towards that but isn't tankbuster just free damage when all you need is 3 stacks/1 tornado to proc it? Especially when the enemies are all building dispel to stop the core damage stacking anyways. Just seems like a no brainer for a hero with so much spirit burst to buy one of if not THE best scaling T3 items even into extreme late game so I'm curious if anyone can help me understand the reasoning behind it, thanks. more less",,2026-07-25,https://old.reddit.com/r/DeadlockTheGame/comments/1v6b4xp/why_do_mirage_builds_never_feature_tankbuster/
1v6b0qw,reddit,"Just needed to reach out Mental Health/Depression/Loneliness Hello everyone, I wish you all some peace and happiness, even if it is just for a little while as we all try and navigate this process. I just wanted to reach out and share a bit of what I have been struggling with as I don't have a big support system in regard to family/friends... At the beginning of this year (2026) things were great, or so they seemed. I have a small woodworking business and my wife and I have talked for the last few years about redoing our garage so that we can start to make things to sell together. She rides horses and the plan was to start making things like saddle racks, tack trunks and so forth. She would send me pictures of different items so that we could start planning. Over winter of last year I rewired the garage, adding circuits so that we could operate two machines at once, adding more outlets and so forth. In January I started building cabinets and work benches. I added wooden planks to the walls to make the garage a place that was warm and inviting to be in. I added better lighting, a TV to have on in the background, heat/AC.... everything we would need. She would come out and comment on how great everything looked. The garage is about 90% done... At the beginning of April she tells me she has been miserable for years and wants to divorce.... A complete 180° Needless to say I've been devastated... Over the last 6 years or so, her father was battling cancer for the second time. They live out of state so we would drive up to their place about 8 hours away to take him and her mother to his treatments. It got to the point where we would go every 6 weeks to care for him. She fell into a deep depression and basically stopped functioning much around the house. I completely understood and took up the slack; I cooked, I cleaned, I did laundry and yard work. I basically did it all. I was more than happy to as I understood what she was going through. Her father passed in April of 2024. In December of that year her mom moved closer to where we are so she wouldn't be alone. Being in our 50's, she went through menopause and had issues with being intimate due to pain. I never once pressured her or made any comments along the lines of having needs that haven't been fulfilled, nothing. I tried to be supportive and understanding. I'm not a neanderthal. The last time she gave me an update on her physical situation was in the fall of last year, and it was that she was still dealing with issues downstairs. Fast forward to early April of this year when she said she wanted a divorce. Like many people may do when they are blindsided and looking for answers I did some digging around and found out that she has gotten involved with someone else. The best part is that this person is 25 years her junior. She said that her depression for the last several years has been due to not being happy with me, despite the fact that I would ask her how she was feeling and what could I do to help, the answer was always along the lines of missing her dad. Not one word about me/us. Needless to say..I am at a loss....when I think about things there are some things I could have done better. I thought I was doing the right things by taking care of everyday life when she couldn't. I've done extensive remodeling on the house to make it more what we both wanted. Whenever she had issues with work I was always there to support her. I never once said anything about not being intimate. She said she got mad at me because she expected an argument about that st some point. I tried to explain that I'm not an Ogre and why would I cause added pressure to her to perform when it caused her pain? It seemed like there was no right answer for her. I was still affectionate towards her, but I guess that wasn't enough. And now it's all going away. As I sit here typing this, I look around at our beautiful house and realize that I won't be able to enjoy it anymore at some point. Sadly, it doesn't really feel like home anymore either. I think about moving from a large, spacious place to a small 2 bedroom apartment. Sadly, because of being self employed, there isn't any way I could afford to stay here if I bought her out of her share of the equity. And that also means that at some point I am losing access to her healthcare and benefits via her job. She might be able to stay in the house though it might be a struggle. Having a good paying job with benefits and retirement might allow her to do so. Meanwhile, I'm looking to find something at least part time with some benefits just to make it through, and I might just have to give up the business entirely and do something else that has benefits and maybe a bit of a retirement. Being 58 though I'm scared and worried that ageism will become a factor on being able to find something else to do. We also have 6 kitties together, and now I have to decide which 2 I can take with me as the apartments I've looked at only allow 2. I'm going to miss the other 4. As for her, most nights now she isn't even home, she stays at girlfriends houses. In regards to seeing this other person, that person lives out of state so I know it's not every night they're together, but there have been several weekends where she heads out and I know they're probably hooking up. As others have posted previously in other threads, it is amazing how someone can go from being your best friend/spouse to being pretty much oblivious of you. She has also alienated her mom by not showing up to visit her, call/text, etc. She is definitely not the person who I thought she was, let alone married. I know that in the long run divorce is the right thing. At least after I receive my share of the equity in the house, and because of where we live I will have claim to part of her pension, I will be doing okay financially, at least for a little while. But the ups and downs of this emotional rollercoaster are hard to navigate alone. We have at least a few more months until things are all done and over with. I dread if it gets dragged on too long and I have to spend the holidays here in limbo, let alone be here on our wedding anniversary in early November... Anyway, I had to share my story because I feel anxious and scared most times. Being here, and reading the struggles the rest of you are going through helps me feel not quite so alone though. We have been married almost 21 years... If you read through all this you have my thanks, and I hope you all are able to find some joy in life again someday.. Try and stay strong.... more less",,2026-07-25,https://old.reddit.com/r/Divorce/comments/1v6b0qw/just_needed_to_reach_out/
1v6ax2e,reddit,"Stadium 2: Overwatch meets Diablo? News & Discussion Stadium's development has been put to rest. No more new heroes or maps, but we can continue to play for now. Why did it fail? Players were intrigued by the promise. But very specific things went wrong or stale: Many players miss their fav heroes. For devs, releasing and updating and balancing heroes is a nightmare. Updates were rather slow for this reason. New players face a steep learning curve. And what deterred me the most: Metas were often ruled by high sustain and high damage spam builds, aka 'Goats on steroids'. But maybe we deserve a second chance? Here is how Blizz could take Stadium to a new and fresh start: Core ideas: Still play in rounds, keep maps and modes, but no money and item shop Replace the shop with random, Diablo-style mutation cards. Each player can pick e.g. #cards = #rounds. Cards modify multiple hero abilities like health, speed, size, damage, healing and auras. There is Universal cards and Hero specific cards for tuning abilities. Powerful traits could come at a price - e.g. Tracer gets +1 blinks and increased recall time by +20% etc. Size changes would be hilarious (so more HP means larger hit box, slower movement etc). Auras would give visible AOE effects centred on heroes Cards could be basic, .... legendary and unique - with each level providing more and extreme mods. Include every hero right from the start and allow switching between rounds In later rounds, everyone gets access to higher card tiers. Better performance gives you more choices or rerolls Universal cards stay when switching heroes; hero-specific cards are burned and replaced with random cards of similar or slightly lesser power. Bounties grant temporary mutations, card rerolls or unusual “corrupted” cards with strong benefits and drawbacks. Rest of the rules stays, best of seven comp would be my favorite. No QP split of queue. Why Blizzard should do this Stadium is such a cool idea and would merit a ""Moira's mutation"" restart, centered on a simplified Diablo rng card system and Overwatch core gameplay. It uses existing maps, heroes, animations, UI and effects => comparably low effort It brings the full roster into Stadium right from the start => no more waiting for my fav hero to show up A small number of card systems can create thousands of builds => no more fixed meta, Diablo style random effects and mutations. The thrill of rng and managing it. New Hero specific modifications can be added over time, using the script system and work of Stadium (1) => No more hero transformation pressure for devs, constant flow of new content and effects to hunt for Random runs give the mode much more replay value. So it's Overwatch meets Diablo - what do you think? more less",,2026-07-25,https://old.reddit.com/r/Overwatch/comments/1v6ax2e/stadium_2_overwatch_meets_diablo/
1v6avnv,reddit,Re🏡 - 🛍️NEW ITEMS - DON'T MISS!🛍️ - 🚢 from 🇺🇸 to 🇺🇸 - 🐶🚫🚭🏡 https://www.reddit.com/gallery/1v6ap1p,,2026-07-25,https://old.reddit.com/r/RepLvLouisvuittonBags/comments/1v6avnv/re_new_items_dont_miss_from_to/
1v6avke,reddit,"[WTS] Lady Germania, Bhutan Lunar Boar, '84 Prospector Eagle Reverse, Tweety, Mucha, 1/2oz Great Whites Hello all, For your consideration today: https://coindex.app/a/6XXsgQ Spot at time of post: $58.28 2020 5 Mark Lady Germania: $95 2024 5 Mark Lady Germania: $70 2019 Bhutan Year of the Boar: $66 1984 Prospector Eagle Reverse: $65 2023 Samoa Tweety: $62 Alphonse Mucha 'Laurel' #'ed 0515: $65 2014 1/2oz Australian Great White Shark x2: $33 each Please add $6 for USPS GA shipping. Zelle, Venmo, and PPFF for payment. Items have been sigma verified. Reasonable offers always welcome. Will ship first at my discretion. Will honor a BIN only if payment can be made within one hour. If I missed anything please let me know. more less",,2026-07-25,https://old.reddit.com/r/Pmsforsale/comments/1v6avke/wts_lady_germania_bhutan_lunar_boar_84_prospector/
1v6avem,reddit,"Regime-Based Reasoning Test: 10 Questions for LLMs Discussion 안녕하세요. 저는 한국에 거주하고 있으며 영어가 모국어가 아닙니다. I live in South Korea, and English is not my first language. This post was translated and edited with GPT assistance, so some of the phrasing may sound AI-generated or unusually polished. However, the test design, question structure, underlying ideas, and practical motivation are my own. I recently shared a compact SOP for structural analysis and regime-based reasoning. The next step is to test whether the SOP actually changes how an LLM handles ambiguous evidence, conflicting observations, hidden variables, and premature conclusions. Below are 10 test questions. This is not a factual knowledge quiz. Each question appears to ask for one conclusion, forecast, evaluation, or recommendation. However, the observations may remain compatible with more than one underlying explanation. The purpose is to see whether a model: converges on one explanation too quickly, preserves competing explanations, separates confirmed information from estimates, recognizes that the same observation may have different meanings under different regimes, identifies the most important missing variable, provides the earliest discriminating signal, and states what would reverse or falsify its current judgment. How to Run the Test Please test the questions under one or more of the following conditions. Condition A: No SOP Provide only the question. Condition B: General Instruction Add only a broad instruction such as: Condition C: Regime-Based SOP Provide the structural analysis and regime-based reasoning SOP first, then ask the same question. For a cleaner comparison: use the same model and mode, use separate new conversations for each condition, keep the wording of the question unchanged, and do not show the model any scoring guide. You may provide all 10 questions at once or test them individually. Individual conversations are cleaner for comparison, but the full set can also be used to observe consistency across multiple domains. The evaluator version and scoring criteria are intentionally not included here. Question 1 — Difficulty 5 A cloud AI company stated during its quarterly earnings announcement that GPU utilization had reached an all-time high. In the same announcement, the company provided next-quarter data-center CAPEX guidance below market expectations. Its share price rose slightly on the day of the announcement. Evaluate the company’s GPU demand and future growth prospects. Determine whether the lower CAPEX guidance should be interpreted as a positive or negative signal for investors, and explain your reasoning. Question 2 — Difficulty 6 The spot price of a commodity has declined gradually over the past month. During the same period, the nearest futures contract fell more sharply than the spot price, creating a period in which futures traded below spot, or backwardation. Exchange inventories also increased slightly during the same period. Determine whether the market is currently experiencing a supply shortage or a supply surplus. Forecast the most likely direction of prices over the next month and explain your reasoning. Question 3 — Difficulty 5 A consumer-goods company reported year-over-year revenue growth for the quarter. However, the number of units sold declined, and its operating margin also fell slightly. Evaluate whether the company’s recent price-increase strategy has been successful. Forecast whether profitability is likely to improve next quarter. Question 4 — Difficulty 6 A newly completed data-center complex has begun operations. Actual GPU utilization is currently only 60% of the design target. The operator states that all planned GPU units have already been delivered to the facility. The operator is now considering purchasing additional GPUs. Based on the available information, determine whether an additional GPU purchase is justified. Explain the most likely reason for the low utilization rate. Question 5 — Difficulty 6 A team’s average quarterly performance score increased compared with the previous quarter. During the same period, the team’s employee turnover rate also increased. The manager argues that the performance improvement resulted from a revised incentive system that rewards individual performance more heavily. Evaluate whether the manager’s conclusion is justified. Recommend whether the incentive system should be maintained or modified. Question 6 — Difficulty 5 Two months after a country increased its minimum wage, the national unemployment rate declined slightly. However, employment in low-wage service industries, which are more directly exposed to the minimum-wage increase, also declined slightly during the same period. The government cited the falling national unemployment rate as evidence that the minimum-wage increase did not negatively affect employment. Evaluate whether this conclusion is justified. Question 7 — Difficulty 5 Three months have passed since a company announced the launch of a new product. The product does not yet appear as a separate revenue item in the company’s quarterly results. The company nevertheless states that the product launch is progressing successfully. Determine whether this assessment is justified given the absence of a reported revenue item. Forecast whether the product is likely to become successful. Question 8 — Difficulty 6 An observational study reported that patients receiving a new treatment had a significantly higher five-year survival rate than patients receiving the existing standard treatment. The result did not come from a randomized controlled trial. Instead, the analysis used real-world medical records in which patients and physicians jointly selected the treatment. The hospital now plans to expand the new treatment into standard care based on this result. Evaluate whether the current evidence is sufficient to justify that decision. Question 9 — Difficulty 7 A subcontractor claims that it met the delivery deadline specified in its contract with a primary contractor. The primary contractor has nevertheless demanded liquidated damages for delay. Only parts of the relevant evidence are currently available, including the contract, email records, and site-inspection records. Some of the available materials are interpreted differently by the two parties. Based only on the currently available evidence, make a provisional judgment about which party is more likely to bear responsibility for the delay. Identify the single most important piece of evidence that should be obtained first to resolve the dispute. Question 10 — Difficulty 7 An analytical organization released a demand-forecasting model for a particular industry. The model’s forecasts were reasonably close to actual results for three consecutive quarters. After the model was published, major companies in the industry began adjusting their production and inventory plans according to the model’s forecast for the next quarter. Evaluate whether the companies should continue using the model’s next-quarter forecast. Forecast whether the model’s future predictive accuracy is likely to increase or decrease. What to Share If you test the questions, it would be useful to report: the model and mode used, whether it was a new conversation or a context-rich conversation, whether an SOP was applied, which question the model handled best, which question produced the largest failure, which important variable the model missed, whether it converged on one conclusion too quickly, whether it preserved competing explanations, whether it identified the first evidence that should be checked, and the largest difference between the no-SOP and SOP conditions. You do not need to post the full model output. A short report containing the question number and the main difference is enough. Both successful and failed results are useful. The goal is not simply to rank models by their final answers. The more important questions are: If enough external responses are collected, I plan to publish the scoring framework, the most common failure patterns, and a model-by-model comparison later. more less",,2026-07-25,https://old.reddit.com/r/LocalLLaMA/comments/1v6avem/regimebased_reasoning_test_10_questions_for_llms/
1v6avcb,reddit,Re🏡 - 🛍️NEW ITEMS - DON'T MISS!🛍️ - 🚢 from 🇺🇸 to 🇺🇸 - 🐶🚫🚭🏡 Re🏡 https://www.reddit.com/gallery/1v6ap1p,,2026-07-25,https://old.reddit.com/r/RepReHomeOnly/comments/1v6avcb/re_new_items_dont_miss_from_to/
1v6auhj,reddit,Re🏡 - 🛍️NEW ITEMS - DON'T MISS!🛍️ - 🚢 from 🇺🇸 to 🇺🇸 - 🐶🚫🚭🏡 RE 🏚 https://www.reddit.com/gallery/1v6ap1p,,2026-07-25,https://old.reddit.com/r/RepHermesEX/comments/1v6auhj/re_new_items_dont_miss_from_to/
1v6aufc,reddit,"Roblox forsaken Stalker moveset!! Concept(s) Roblox forsaken-The Stalker: reborn redesign + concept killer! The Stalker: reborn.. Passive 1-aquatic senses:every time a survivor misses a stun or ability(except for elliots pizza,etc) they get highlighted for 4 seconds. Passive 2-hunters stamina:your stamina can go into the negatives,going till -25. The longer in the negative stamina zone you are,you get 5% slower every second,but gain +5% more strength. You also get 0.6 tick dmg every second in the negative stamina zone as well. Passive 3-dying sight:you can climb on walls,becoming 15% invisible. It stacks with other abilities that make you go transparent as well. If you use any ability,you launch yourself off and onto the ground,taking 5 damage. Ability 1-hunters grasp:swing forward,doing a m1 of 37 damage. Gives bleeding 1 for 2 seconds every hit. If a survivor with below 50% hp,that survivor will get 43 damage on the m1 instead of the usual. Ability 2-+PARRY-parry any projectile or stun that can affect you negatively(like the plasma beam and stuff from Dusekkar)which slows that survivor,giving them slowness 2 for 5 seconds. Ability 3-heightened senses:can crouch down,becoming 100% transparent,being able to also see all survivors both for 8 seconds. Can be canceled,which puts it on cooldown. All attacks are buffed by 15% while in this mode. If any attack is used,this ability gets automatically used and goes on cooldown,making you visible again fully. You get 25% quicker run and walk speed and cannot be stunned in this mode. Your ability cooldowns are 5% quicker. You let out a low growl that all survivors on the map can hear as an indicator that you used this. Ability 4-dug down:can dig into the ground quickly,hiding beneath the ground. You have no chase,but the layers can still be heard. You become very quick while underground and any attack gets buffed by 10%. You get slightly endlag if canceled,where you jump out,doing 25 damage and gives bleeding 1 for 3 seconds. All effects are buffed by 10% also. Ability 5-senses swap:can switch between normal and other modes to his advantage. Senses swap-normal:the normal mode. Nothing special Senses swap-speedness:gain a 10% quicker cooldown,25% faster walking and running speed,but 15% quicker stamina drain. You get stunned longer by +1 second in this mode. Every kill gives +10% speed but resets if you use other modes. Wont save even if you go back to this mode after swapping it with another. Senses swap-careless:if stunned,will roar/scream,slowing all nearby survivors by 45% for 2.6 seconds. Also,your m1 slightly lunges you forward. You also do 6.5% less damage. Senses swap-strengthful:all damage is buffed by 25%,but you are 12% slower with both run and walk speed,but your stamina regen is buffed by 35%. You also always give bleeding to any damaging attacks with bleeding 2 for 5 seconds each m1 hit or other damaging attack. If you use m1 on a wall or object,you get a boulder,crate,vase,or any other object like those to throw. You get slowed by 10% when holding an item. If you use m1 again,you throw the object in a straight line quickly,doing 37 damage on hit. Chase name:Chase of a mutated predator more less https://i.redd.it/rwq1gv9y5efh1.jpeg",,2026-07-25,https://old.reddit.com/r/FORSAKENROBLOX/comments/1v6aufc/roblox_forsaken_stalker_moveset/
1v6atze,reddit,What’s an item you just barely missed out on? Discussion This was posted in an online ad for a yard sale this morning. It’s a rain oil lamp. I’ve wanted one for SO long. Sale started at 9am. I got there at 830 and it was already gone. Someone had swung by and bought it at 730 😭 for $20!! In hindsight I should have gotten there way earlier considering this was probably in my top 5 holy grail list. I’ve been having this gut wrenching feeling all morning. Someone tell me these things are awful to own please 😆 What’s that one item that got away from you? more less https://i.redd.it/1yauig8u5efh1.jpeg,,2026-07-25,https://old.reddit.com/r/ThriftStoreHauls/comments/1v6atze/whats_an_item_you_just_barely_missed_out_on/
1v6asbx,reddit,Re🏡 - 🛍️NEW ITEMS - DON'T MISS!🛍️ - 🚢 from 🇺🇸 to 🇺🇸 - 🐶🚫🚭🏡 Selling - Bag https://www.reddit.com/gallery/1v6ap1p,,2026-07-25,https://old.reddit.com/r/RepLadiesRehomes/comments/1v6asbx/re_new_items_dont_miss_from_to/
1v6arpu,reddit,Re🏡 - 🛍️NEW ITEMS - DON'T MISS!🛍️ - 🚢 from 🇺🇸 to 🇺🇸 - 🐶🚫🚭🏡 [REHOME] https://www.reddit.com/gallery/1v6ap1p,,2026-07-25,https://old.reddit.com/r/Luxeladies/comments/1v6arpu/re_new_items_dont_miss_from_to/
1v6arcf,reddit,Re🏡 - 🛍️NEW ITEMS - DON'T MISS!🛍️ - 🚢 from 🇺🇸 to 🇺🇸 - 🐶🚫🚭🏡 Rehome https://www.reddit.com/gallery/1v6ap1p,,2026-07-25,https://old.reddit.com/r/Home4Rehoming/comments/1v6arcf/re_new_items_dont_miss_from_to/
1v6ap1p,reddit,"Re🏡 - 🛍️NEW ITEMS - DON'T MISS!🛍️ - 🚢 from 🇺🇸 to 🇺🇸 - 🐶🚫🚭🏡 REHOME ✨Serious Inquiries Only ✨ Vnmo/Zlle/PayPl (F&F) or PayPl/Vnmo G&S (3% surcharge to cover fees) ✨ Factory Unknown✨ All Sales Final ✨ No Ghosting!!!✨By purchasing, you acknowledge rep item ✨ Buyer responsible for QC ✨ Seller not responsible once item is sold and shipped ✨ Happy to Provide Additional Photos, DM with Inquiries ✨ Lots of Great Buyer Feedback on my Page ✨ Ships Out Same Day or Next Day with Tracking Provided and $100 Insurance✨ YSeL Large Quilted Icare Tote, (23 x 17 x 3”), BNNU, High Quality, Maxi Shopping Bag with Toggle Closure, Featuring a Removable Zippered Leather Pouch, Light Bronze-Toned Metal Hardware. Can Be Worn Wide or With Closed Sides. Purchased from Superbags, Paid $215, Asking $215 + 🛳️ (US only) Crossposted GG Medium Brera Bag (medium size), BNNU, Mid/High Quality, Classic Brown Monogram GG canvas with gold stamped hardware. Detachable Shoulder Strap and Cross body Guitar Strap, Purchased from Costgobag, Paid $165, Asking $165 + 🛳️ (US only) Crossposted LV x TM CarryAll East West (14.2 x 7.5 x 3.9”), BNNU, High Quality, Multicolor/White Coated Canvas with Cowhide Leather Trim and Microfiber Lining. Gold-toned hardware, Zipper closure and removable bow-shaped studded charm. Strap is removable and adjustable. Purchased from Costgobags, Paid $145, Asking $145 + 🛳️ (US only) Crossposted LV Blue Denim Baggy, BNNU, High Quality, Premium slouchy LV blue denim both inside and outside with stamped champagne gold hardware. Adjustable vachetta cowhide leather shoulder strap with add on extension for cross body use, comes with signature colored bag charm. Purchased from Costgobag, Paid $185, Asking $185 + 🛳️ (US only), Crossposted LV Denim Venice Murakami Cherry Embroidered Backpack, BNNU, High Quality (scannable/chipped), Monogram blue denim detailed with embroidered smiling cherries with blue eyes. Adjustable vachetta leather straps, golden hardware and two outside pockets finished with chunky golden tuck locks. Denim monogram interior with inside hook. Purchased from Superbags for $ 175, Asking $155 + 🛳️ (US only), Crossposted Loweve Small Gate Bag (9.8 × 7.5 × 4.5”) in Honey Brown Leather w/Branded Adjustable Shoulder/Crossbody Jacquard Strap, BNNU, Mid/High Quality, Microfiber lining and single interior pocket. From the 2023 Collection by JW Anderson, $130 + 🛳️ (US only) Crossposted YSeL LouLou Medium Puffer (13 x 9 x 4”)with Shiney Black Lambskin Leather, Chevron-Quilted Topstitching and Silver Hardware, BNNU, High Quality, Purchased from Bagslw, Paid $185, Asking $185 + 🛳️ (US only) Crossposted YSeL LouLou Small Y-Quilted (9.25 x 6.5 x 3.5”) BNNU, Black Lambskin Leather w/Silver Hardware, High Quality, Purchased from Arte Kloset for $275, Asking $190 +🛳️ (US only), Crossposted MSeeM Small Tracy Satchel (3.3 x 9.9 x 7.5”), BNNU, Mid Quality, Classic Monogram, Coated Canvas Satchel Bag with Laurel Lock Closure, Interior Zip Compartment, Purchased from Umi Bags, Paid $85, Asking $85 + 🛳️ (US only) Crossposted LV Trocadéro Wearable Wallet in Monogram Coated Canvas (7.9 x 5.1 x 2.6""), BNNU, Mid Quality, 1980’s Vintage Crossbody Inspired, Aged Cowhide-Leather piping/trim with signature brown mono coated canvas, Removable/Adjustable Shoulder Strap, Aged-Gold Tone Hardware, Zip Closure, Microfiber Lining, Purchased from TJ Bags, Paid $120, Asking $120 + 🛳️ (US only) Crossposted LV x Murakami Nano Diane, 20 year anniversary edition, BNNU, High Quality (scannable/chipped), gold hardware and one removable leather shoulder strap and another adjustable leather strap offers cross-body wear. Microfiber interior lining with zippered pocket. Purchased from Costgobag, Paid $130, Asking $120 + 🛳️ (US only) Crossposted THANKS FOR CHECKING OUT MY ITEMS - PLEASE DM WITH ANY QUESTIONS! 😊 more less https://www.reddit.com/gallery/1v6ap1p",,2026-07-25,https://old.reddit.com/r/REPTOPREHOMES/comments/1v6ap1p/re_new_items_dont_miss_from_to/
1v6anj4,reddit,"Shopper rating flex 💪🏼 🎉Achievement👍 Earlier this week, I briefly was able to achieve a perfect shopper. I honestly was surprised myself, so I had to come brag a little bit. 😜 I wasn’t sure that was even possible, especially with the original items found. more less https://i.redd.it/323y4nti4efh1.jpeg",,2026-07-25,https://old.reddit.com/r/doordash_drivers/comments/1v6anj4/shopper_rating_flex/
1v690yy,reddit,What are ur fav or go to Instamart zepto blinkit finds (products) u would definitely recommend? Other Tell da more less https://i.redd.it/dgk7hpylsdfh1.png,,2026-07-25,https://old.reddit.com/r/SnacksIndia/comments/1v690yy/what_are_ur_fav_or_go_to_instamart_zepto_blinkit/
1v67rxa,reddit,"Blinkit Free Gifts Offer 🔥 📢 Deal Alert Blinkit Free Gifts Offer 🔥 Different Different Companies have launched their offer Check your accounts Order worth ₹399 and more and a Get a scratch card in which you can Get many rewards like Coupons of Earbud, Sunglass, Airfryer, Blinkit and many more 💚 Your shopping companion on WhatsApp. Discover useful products, honest recommendations, price drops, and exclusive offers. 👉 https://tr.ee/L5cOuG ⬆️ Upvote if this deal helped you. more less https://i.redd.it/uwegmmg2jdfh1.png",,2026-07-25,https://old.reddit.com/r/topdealsfinder/comments/1v67rxa/blinkit_free_gifts_offer/
1v5yhi7,reddit,"Where can I buy Indian Desi Guava? 💬 YapZone Does anyone know a good market or fruit shop where I can buy Indian Desi Guava? I have checked almost everywhere like Zepto, Blinkit, Amazon Now, Swiggy Instamart, Big Basket and nearby supermarkets, but they all seem to stock only Thai Guava, I am specifically looking for the smaller, more aromatic Indian variety. Any recommendations for markets or vendors that usually have it? Please let me know in comments or feel free to DM, thanks! more less",,2026-07-25,https://old.reddit.com/r/HSRLayout/comments/1v5yhi7/where_can_i_buy_indian_desi_guava/
1v5bc32,reddit,"Mutpadhu naalil english kathukka poren 🎤 Yap Session (rant , confession and yap) Adhaagappattadhu mahajanangale, Oru one year full ah perusa work la english pesala, email also GenAI helpla compose aagidudhu, pazhagura english fulla indha redditla comment poduradhula dha. Adhan kaaranathaale Enakku therinja ara kora english also ippo sodhappalagudhu. Few weeks back, oruthanga comment pannaga english ezhudha kathukkonganu, ore asingama poiduchu, but nalla manasu kaaranga book also recommend pannaanga, but adhu budget ku mela irundhuchu. Innikku icecream order pannalaamnu blinkit open panna indha book available nu kaatuchu, 150 rupees dhan, potten order, 10 minutes, vandhuthan kaila... Innum 30 days la nalla superah greatah marvelousah spectacularah englishla comment panna poren,. Avlodhaan. more less https://i.redd.it/d846n5nji6fh1.jpeg",,2026-07-24,https://old.reddit.com/r/tamilyapping/comments/1v5bc32/mutpadhu_naalil_english_kathukka_poren/
1v5a67u,reddit,Will anyone do this? Looking For / Offering For Lmk! more less https://i.redd.it/arwh44xy96fh1.jpeg,,2026-07-24,https://old.reddit.com/r/AdoptMeRBX/comments/1v5a67u/will_anyone_do_this/
1v58sup,reddit,"Is working as a Zomato/Swiggy/Blinkit delivery partner in Noida worth it? How much can I realistically earn? Discussion ​ Hi everyone, I'm 19 years old and planning to move to Noida from Bihar. My family is going through financial difficulties, so my priority is earning a stable income as quickly as possible. I'm considering working as a delivery partner for Zomato, Swiggy, Blinkit, Zepto, or Instamart for 6–12 months while I continue my BCA and learn software development. I have a few questions for people who are currently doing delivery work in Noida: How much can a full-time delivery partner realistically earn per month after fuel and other expenses? Which platform pays the best right now (Zomato, Swiggy, Blinkit, Zepto, Instamart)? Which areas in Noida have the highest order volume? How many hours do you usually work each day? Is it possible to earn ₹25,000–₹35,000 per month consistently? If you were starting from scratch today, would you choose delivery work, or would you recommend a BPO/telecalling/back-office job instead? I'm fluent in English, have basic Excel knowledge, and my long-term goal is to become a software developer. Delivery work would only be a temporary way to support myself while I build my skills. I'd really appreciate honest advice from people currently working in Noida. Thanks! more less",,2026-07-24,https://old.reddit.com/r/indiasocial/comments/1v58sup/is_working_as_a_zomatoswiggyblinkit_delivery/
1v54x4c,reddit,"Where can I buy 10 kg of ice for cheap? Ask Bhopal I'm looking to buy around 10 kg of ice. Does anyone know where I can get it at a reasonable price? I checked Blinkit, but it's around ₹70/kg, which feels pretty expensive if I'm buying 10 kg. Any local shops, or wholesalers you'd recommend? I can pick it up myself. more less",,2026-07-24,https://old.reddit.com/r/Bhopal/comments/1v54x4c/where_can_i_buy_10_kg_of_ice_for_cheap/
1v514fb,reddit,Trying to send food and water CJP PROTEST (temp flair) Instamart and blinkit suddenly went out of service. You guys have any other recommendation? more less,,2026-07-24,https://old.reddit.com/r/NewDelhi/comments/1v514fb/trying_to_send_food_and_water/
1v4lv7n,reddit,"Rate my card collection!! And suggest more additions/closures General Discussion/Conversation Hello all I've been optimizing my credit card stack to build a zero-fee setup that maximizes cashbacks, rewards, and perks without paying unnecessary annual fees (except for one card). Here is my current 7-card active portfolio setup. Would love to hear your thoughts, ratings, and recommendations on what I should add or close The 7-Card Lineup Swiggy HDFC : LTF / Cashback card focused on food, quick commerce, and e-commerce. Offers 10% on Swiggy/Instamart and 5% on top online merchants (capped at 1,500/month). Amazon Pay ICICI : LTF / Utility card focused on Amazon, utilities, and insurance. Offers 5% uncapped cashback for Prime, 2% on utilities/bills, and 1% offline. YES Bank Kiwi RuPay : LTF UPI Scan card for offline small vendors and UPI. Gives 1.5% cashback on scan and pay UPI with direct bank credit. Axis MyZone : LTF / Saver card for entertainment, food, and OTT. Offers ₹120 off Swiggy twice a month. (A little redundant for me, but i tried closing my airtel axis card because of devaluation, was offered this one as LTF instead) SBI Elite : LTF / Lounge card for movies, lifestyle, and sales. Gives free BOGO movie tickets (up to ₹6,000/year) and 2 lounge visits per quarter. Good for e-commerce offers too ICICI Sapphiro : LTF / Buffer card for movies, sales, and fuel. Offers BOGO movie discounts, instant 10% sale discounts, and a 1% fuel surcharge waiver. Good for e-commerce offers too Marriott Bonvoy HDFC : Paid (Self-Funding) card for luxury stays, flights, and forex. Offers 1 Free Night Award (up to 15k points), 8 points per ₹150 on stays, and 24 lounge visits a year. How I Route My Spends Food & Quick Commerce : Use Axis MyZone with code AXIS120 for small Swiggy orders (₹500 to ₹1,200) for instant ₹120 off. Switch to Swiggy HDFC for larger orders (>₹1,200), Instamart, and Zomato/Zepto/Blinkit. Online Shopping : Use Amazon Pay ICICI for Amazon shopping (5% uncapped). Use Swiggy HDFC for Flipkart, Myntra, Nykaa, and travel apps like MMT and Goibibo (5% cashback up to monthly cap). Bills & Utilities : Route utility bills and insurance through the Amazon portal using Amazon Pay ICICI for 2% cashback. Offline & UPI : Scan QR codes with YES Bank Kiwi RuPay for direct bank cashback, and use Amazon Pay ICICI for physical card retail swipes. Travel & Stays : Channel flights and Marriott stays to Marriott Bonvoy HDFC to stack points and earn the Free Night Award. Questions How would you rate this portfolio out of 10? Are there any major blind spots or redundant cards here since most are LTF? What cards should I try to get approved to add in my collection? more less",,2026-07-23,https://old.reddit.com/r/CreditCardsIndia/comments/1v4lv7n/rate_my_card_collection_and_suggest_more/
1v4hya0,reddit,Amul Tru Joyful Jackfruit: 10/10 New Discovery Never knew Jackfruit flavor was a thing. Found it on Blinkit. Very delicious. Highly recommended if you haven't tried it yet. more less https://i.redd.it/d5vy6vqo40fh1.jpeg,,2026-07-23,https://old.reddit.com/r/AmulPagalHoChukaHai/comments/1v4hya0/amul_tru_joyful_jackfruit_1010/
1v4fqhi,reddit,"Flipkart SuperCoins Trick You Shouldn't Miss 👀 🚨 Loot Deal Convert Flipkart SuperCoins into Amazon, Blinkit & Other Gift Cards at 90% Off using GoSats 💰 GoSats is currently allowing users to redeem 90% of a gift card's value using Sats , and those Sats can be obtained by swapping your Flipkart SuperCoins . Supported Brands Amazon Shopping Blinkit Myntra PVR And several more My Redemptions I've personally tested this and it worked. ✅ ₹500 Blinkit Gift Card → Paid ₹50 + Sats ✅ ₹582 Amazon Shopping Gift Card → Paid ₹59 + Sats (Screenshots attached.) How to Redeem Step 1 – Download GoSats Download GoSats using this link: https://dl.gosats.io/?id=GSAH9534 Sign up using the same mobile number linked to your Flipkart account . Step 2 – Convert SuperCoins into Sats Open the Rewards section. Select Flipkart SuperCoins → Sats . Redeem as many SuperCoins as you want. Step 3 – Buy Gift Cards Open the Brands section. Choose any supported brand (Amazon Shopping, Blinkit, Myntra, etc.). Tap Buy Voucher . Select your desired gift card amount. Enable ""Redeem your Sats"" . Apply all available Sats. You'll pay only 10% in cash , while the remaining 90% is covered using your Sats. The gift card is generated instantly. KYC Required Only basic KYC is needed: PAN number Address details One Small Request 🙏 If you try this method and successfully convert your Flipkart SuperCoins into gift cards, please leave a comment below. If possible, also share a screenshot of your successful redemption. It helps others verify that the method is still working and builds confidence for everyone. 😊 💚 Your shopping companion on WhatsApp. Discover useful products, honest recommendations, price drops, and exclusive offers. 👉 https://tr.ee/L5cOuG ⬆️ Upvote if this helped! Your upvote helps the community find genuine money-saving tricks and keeps quality deals visible. ❤️ more less https://www.reddit.com/gallery/1v4fqhi",,2026-07-23,https://old.reddit.com/r/topdealsfinder/comments/1v4fqhi/flipkart_supercoins_trick_you_shouldnt_miss/
1v38sst,reddit,"Where can I find fresh flowers in Kochi? Ask Kochi Hi everyone, I moved to Kochi last month and have been trying to find places that sell fresh flowers (bouquets or loose flowers), but I haven’t had much luck so far. I even checked Blinkit but I could only find artificial flowers. 😅 I’m based around Kakkanad but I’m happy to travel if there’s a good florist. Any recommendations for flower shops or local markets where I can get fresh flowers regularly? more less",,2026-07-22,https://old.reddit.com/r/Kochi/comments/1v38sst/where_can_i_find_fresh_flowers_in_kochi/
1v2m3ir,reddit,"Which FD-backed Credit Card is best for a beginner? Looking for recommendations on the best FD (fixed deposit) backed credit card. I don't qualify for an unsecured card right now, so my main goal is to build my credit score with a secured card against an FD. My spending pattern is mostly online: Online shopping — Amazon, Flipkart, Myntra, etc. Food delivery — Zomato, Swiggy Grocery — Blinkit, Instamart What I'm looking for: Lifetime free (LTF), no annual/joining fees Simple, easy-to-understand rewards structure No hidden charges I'm completely new to the credit card world, so I'd prefer something beginner-friendly rather than a card with complicated reward categories. Which FD-backed card would you recommend for this kind of usage? Also open to hearing about any charges or catches I should watch out for as a beginner. Thanks in advance! more less",,2026-07-21,https://old.reddit.com/user/ArrivalUseful1173/comments/1v2m3ir/which_fdbacked_credit_card_is_best_for_a_beginner/
1v2m1g3,reddit,"Which FD-backed Credit Card is best for a beginner? Help Needed/ Question Looking for recommendations on the best FD (fixed deposit) backed credit card. I don't qualify for an unsecured card right now, so my main goal is to build my credit score with a secured card against an FD. My spending pattern is mostly online: Online shopping — Amazon, Flipkart, Myntra, etc. Food delivery — Zomato, Swiggy Grocery — Blinkit, Instamart What I'm looking for: Lifetime free (LTF), no annual/joining fees Simple, easy-to-understand rewards structure No hidden charges I'm completely new to the credit card world, so I'd prefer something beginner-friendly rather than a card with complicated reward categories. Which FD-backed card would you recommend for this kind of usage? Also open to hearing about any charges or catches I should watch out for as a beginner. Thanks in advance! more less",,2026-07-21,https://old.reddit.com/r/CreditCardsIndia/comments/1v2m1g3/which_fdbacked_credit_card_is_best_for_a_beginner/
1v2ctgp,reddit,"Profitability in Q-Commerce is Challenging Q-Commerce like Blinkit, Zepto, Instamart are delivering products in 10-15 minutes. It sounds good as it makes things convenient for you. But to make things convient like this there goes a lot of things in the background. And they make it difficult for the businesses to remain profitable Their first promise: Deliver things in 10-20 minutes How does it work? They have dark stores in every 4km radius that has enough stock of daily essentials that the assigned region needs. As soon as you place an order the dark store staff packs your order and the delivery guy picks it up, it takes 3-5 minutes. And then comes the delivery, which takes 7-8 minutes. That's how they manage to deliver things at your doorstep in less than 20 mintues But it comes with many expenses to the company. They pay rent to the dark store warehouses, Pay salary to the warehouse staff, pay to the delivery guy When companies raise hundreds of millions of dollars, much of that capital is invested in growth rather than sitting in the bank. It often funds: Opening new dark stores Building technology Hiring employees Marketing campaigns Inventory purchases Expansion into new cities Covering operating losses while scaling Imagine buying 200rs notebook on blinkit and buying 1200rs Lamp on Blinkit. The rider still rides the same distance. Many fixed costs delivery, picking, packing, payment processing don't increase proportionally with the basket size. That's why companies try to increase the average order value (AOV) through: ""Add ₹99 more for free delivery"", Combo offers, Product recommendations, Subscription benefits more less",,2026-07-21,https://old.reddit.com/r/BigBussinessBud/comments/1v2ctgp/profitability_in_qcommerce_is_challenging/
1v1k2ud,reddit,Uggghhhhhh💔 Vent your heart out Relatable asf playlist 😭 more less https://i.redd.it/lo4iwj9kodeh1.png,,2026-07-20,https://old.reddit.com/r/wlwIndia/comments/1v1k2ud/uggghhhhhh/
1v1j3ff,reddit,iOS 27 Public Beta notifications On iOS 26 the notifications were dark/tinted in dark mode but with the same setting it is still white-ish Any one knows how to change this? more less https://i.redd.it/ctm1xt0lgdeh1.jpeg,,2026-07-20,https://old.reddit.com/r/iOS27/comments/1v1j3ff/ios_27_public_beta_notifications/
1v0wkhp,reddit,"Need recommendations for beginners level cc for lounge access Card Recommendation Hi guys, I need some recommendations for a card with some domestic lounge access at biggener level . I already have a tata neo infinity credit card with sbi. Age:23 I am earning around 40k per month Cibil 750+ My major expenses from cc come from blinkit and zomato/ Swiggy. Average spend on cc: 15k I travel to my hometown every 3 months once and I generally have a layover in Delhi/hydrabad/banglore and lounge access can make tha layover a bit easy more less",,2026-07-19,https://old.reddit.com/r/CreditCardsIndia/comments/1v0wkhp/need_recommendations_for_beginners_level_cc_for/
1v0n4hg,reddit,"Ordered a book from Blinkit and found several misprints. Is this a pirated copy? Discussion Hi everyone, I ordered a book from Blinkit after seeing a lot of positive recommendations about authenticity on Reddit. It arrived in the usual Blinkit paper bag, which I didn't really mind. I had seen a few people mention that Amazon at least ships books with some protective packaging, but that's a separate issue. The thing that's bothering me is the print quality. I'm only about 6-7 pages in, and I've already come across quite a few misprints. There are places where commas are immediately followed by the next word without a space, along with a few other punctuation inconsistencies. They aren't major enough to make the book unreadable, but they seem odd for a professionally published book. I know this might sound like a small thing, but I have a bit of OCD, and tiny formatting or punctuation mistakes keep catching my attention and break my focus while reading. The reason I'm confused is that I found 100s of Reddit posts and comments saying Blinkit delivers genuine books, so they obviously can't all be wrong. That makes me wonder if this particular book (Psychology of Money) actually has these punctuation and spacing issues. Has anyone else noticed the same thing? Pls help me!! more less https://i.redd.it/x4fjtl4mz5eh1.jpeg",,2026-07-19,https://old.reddit.com/r/IndiansRead/comments/1v0n4hg/ordered_a_book_from_blinkit_and_found_several/
1uysqe8,reddit,"Which cashback credit card should I get as my first card? Hi all. Looking to get my first credit card and would love some advice. My monthly spends are roughly: Salary is 60k. ₹6k–8k on subscriptions (Netflix, Spotify, OTTs, etc.) ₹5k on dining & food delivery The rest on Blinkit/instamart/ online shopping, cabs, and other miscellaneous expenses. My priority is cashback , not travel or lounge access. Which credit card would give me the best value based on this spending pattern? Would appreciate any recommendations or things I should keep in mind as a first-time credit card user. Thanks! more less",,2026-07-17,https://old.reddit.com/r/IndianCreditCards/comments/1uysqe8/which_cashback_credit_card_should_i_get_as_my/
1uyrq5p,reddit,"The future of shopping isn’t faster delivery. It’s fewer decisions. Everyone’s talking about AI in shopping, but I think we’re asking the wrong question. Instead of asking, “Will AI replace shopping apps?” , we should be asking: Will we even shop the way we do today? Platforms like Zepto, Swiggy Instamart, Blinkit, and Amazon are investing heavily in AI. But the real shift isn’t smarter recommendations—it’s reducing the number of decisions consumers have to make. Imagine an AI that already knows what you buy, when you usually run out of essentials, and which brands you prefer. Instead of browsing through hundreds of products, it simply says: “Your weekly groceries are due tomorrow. Should I place the order?” For years, quick commerce has competed on speed. The next competitive advantage might be trust . Because once people trust AI to make purchase decisions for them, shopping becomes less about searching and more about approving. The brands that win may not be the ones with the fastest delivery—but the ones consumers trust enough to let AI choose on their behalf. Would you let AI place your grocery order without checking the cart first? more less",,2026-07-17,https://old.reddit.com/user/heyits4MinuteMile/comments/1uyrq5p/the_future_of_shopping_isnt_faster_delivery_its/
1uxxs3u,reddit,"Agent approved wrong CC from what was discussed, haven't received physical card yet. What to do??? Help Needed/ Question I got a call from an agent for CC, I was planning to take one, asked them if millenia dual card ltf is available, they agreed, it was all on a phone call, I cross confirmed 3 times which card are you approving to which they replied correctly every time. 2 days later I checked my application status and found out they issued Moneyback+ instead. Got a call from RM, explained the situation, she said contact them again and cancel the card and you won't be able to apply again for 6 months as you're rejecting the card. And to reach out to her for anything in future not any one else. Physical card haven't arrived yet, didn't activate the virtual one. What to do now? Will this affect my cibil? Is there a way to reject this and get Millenia before 6 months cooldown period? PS: I confirmed with RM, millenia was available for me, yet they managed to issue the wrong one. more less https://i.redd.it/b24tnipy7kdh1.jpeg",,2026-07-16,https://old.reddit.com/r/CreditCardsIndia/comments/1uxxs3u/agent_approved_wrong_cc_from_what_was_discussed/
1v66o9l,reddit,Campaign Question is this campaign worth it?? 400₹ order krke kuch bekar coupon wagera dediya toh 400₹ barbad?🫠 more less https://www.reddit.com/gallery/1v66o9l,,2026-07-25,https://old.reddit.com/r/blinkit/comments/1v66o9l/campaign/
1v65ffg,reddit,"🔥 Blinkit ""Flavours of Asia"" Rewards Offer 🎁 Good Offer Order products worth ₹399 or more from the ""Flavours of Asia"" section on Blinkit in a single order and get a scratch card after delivery for a chance to win exciting rewards! 🎁 Possible Rewards ✈️ Yatra Voucher – Flat ₹1,000 OFF on Flight Bookings (No Minimum Booking Value) 🛒 Blinkit Coupon – ₹100 OFF 🎟️ District Voucher 🍟 Air Fryer 🎧 TWS Earbuds 🕶️ Sunglasses 👜 Premium Bags 💆 Korean Facial Kit 🔊 Bluetooth Speaker ...and more! 📅 Offer Validity 25–27 July 2026 📌 Important Terms Order value must be ₹399 or above in a single order. Only eligible ""Flavours of Asia"" products qualify. Scratch card appears under Collected Rewards after successful delivery. Rewards must be revealed by scratching the reward card. Rewards can be redeemed until 3 August 2026 . Reward is redeemable in one transaction only . Cannot be combined with other ongoing Blinkit offers. 📜 Official T&C https://blinkit.com/careers/blinkit-big-beauty-bash-tnc-2026 Has anyone received one of the bigger rewards yet? Share what you got in the comments! 👇 ⬆️ Upvote if this helped! Join our Telegram channel , where every post = a loot deal, steal offer or money-making/saving trick. Not a single spam post. Ever. more less https://i.redd.it/m2stwsoqycfh1.jpeg",,2026-07-25,https://old.reddit.com/r/LooteraShopper/comments/1v65ffg/blinkit_flavours_of_asia_rewards_offer/
1v612vs,reddit,"PS Exclusive Store Hyderabad Appreciation and Update I Haz New Shiny PS5 So, it happened finally. After 3 months of searching online and calling stores, after tracking the July 4 Amazon sale and not being able to place the order, I finally grabbed the PS from Hyderabad’s new exclusive Playstation store. This is an appreciation post for the store. I see there are a lot of comments on how they are not responding and rightly so, their communication and transparency could have been better especially when a person has no idea what is happening with the store opening. To give you background on July 6, I saw their insta post, reached out to their number and filled their interest form with literally 0 expectations. I continued waking up at 6AM to check on Zepto and blinkit, visited Vijay sales, Croma, reliance, amazon, flipkart sites at least 4times a day while spending an hour on reddit pages. Mentally the toll was just too much, add to that the guilt factor that why I did not make the purchase earlier (well I was simply busy with life but hey, what do I know) Cut to 23rd July evening i get a call from the store manager (she is the one in their insta reels) telling me that they are inviting me for the purchase on 25th July. They started selling 7AM onwards and mentioned on 24th evening they will share a QR code to manage the entry to the store. Now this is where comms could have been better. 24th evening there was no response from them to the calls or texts - understandable as there are many fellow gamers probably trying to reach out to them day and night. But for someone who was told to come on 25th, expecting a QR it only added to anxiety. Nonetheless, I receive the QR at 9:45PM - my takeaway: they are working overtime for sure. Today, I reach the store 45mins in advance, and was told to come closer to 9AM - I was more than happy to. They had opened a shop next to the store which had chairs, big fans, and bottled water - I was simply delighted. From seeing reels of that Ahemdabad store orpning which was a stampede kind of situation to a proper seating space with basic facilities. Great work on this Lahri and team. 10-15mins post waiting, my name was called. Since they took interest form, they had already kept a packed unit of digital console, took photographs while handing it over and also did a short interview for their socials. The employees were really welcoming and were congratulating (honestly, itni congratulations gaadi lete time nahi di thi dealership ne 😂) But jokes aside hardly took 10mins for billing, and they gave two PS branded bands too. Nothing fancy but a good token of remembrance. Oh and I did I mention that I got the console at the current 50K MRP? At the end, it felt like winning a battle especially against scalpers. To them all I can say is we understand you want a profit but do not take unnecessary advantage of this situation and DO NOT HOARD STOCK! To all the fellow gamers, the store manager did mention that they are also getting murmurs of the 65-70K price hike but it will be confirmed to them by Sony only in first week of August so fingers crossed. More stock at the Madhapur store is expected mid-August, so all the best. As for me, Rocket League, Hitman WOA, First Light and COD BO6 have been installed. Thanks for all the folks who engaged positively with this thread. If not anything else, it was good to have fellow companions during this tiresome 3 months journey. more less https://www.reddit.com/gallery/1v612vs",,2026-07-25,https://old.reddit.com/r/PlaystationIndia/comments/1v612vs/ps_exclusive_store_hyderabad_appreciation_and/
1v5kwtt,reddit,"Unable to place delivery on any of the quick commerce apps AskDelhi Am trying to place an order for the protestors at Jantar Mantar, but none of these apps - Blinkit, Zepto, Instamart, etc are taking any orders for this site. I did a quick search on Gemini, and it appears that a restriction has been put in place by the Delhi Traffic Police. Below is the message Traffic Advisory & Geo-Fencing Directive: Under prohibitory orders (Section 163 BNSS / Section 144), the Delhi Traffic Police issued a directive advising app-based food delivery, quick-commerce, and ride-hailing platforms (including Blinkit, Zomato, Swiggy, Zepto, Uber, etc.) to geo-fence and suspend operations in and around the Jantar Mantar and Central Delhi protest zone. Is there any alternative? I want to send few medicines and water. more less",,2026-07-24,https://old.reddit.com/r/delhi/comments/1v5kwtt/unable_to_place_delivery_on_any_of_the_quick/
1v5a0tb,reddit,"aitk or idk man i js feel bad this might not be the right sub to share this, but i js ordered some stuff from blinkit. Usually the delivery guy reaches the doorstep without having to ask for direction once. Today the one who came to deliver items called multiple times, went lost, coudn't figure out the maps. TBF out home is not on the main road so I understand the confusion. But it took him almost half an hour to reach, I was furious cause he js wont pick up the call and the only way I could guide him was when HE called. Now as he finally reached I was in a bad mood, but I didnt really interact badly w the delivery guy, generally I ask them for water in this heat but I didnt ask him. He still had a smile on his face like an awkward guilty smile, and I said ""kya bhaiyya raat ko 10 bje bhi ajate hain delivery wale aap kaise kho gye"" he didnt say much just a little excuse that network wasnt good and still the awkward smile. He must have been of around 35 years of age, some white hair that gives off that he does this job to feed his family. And that thought struck me. Since then I;ve been searching the salary of blinkit drivers, their working conditions, and so n so and I feel so bad so cussing him (not in front of him) knowing he js wasted so much petrol in this delivery that would barely pay him. i know nothing can be done now, i js feel how oblivious i have been to privileges of my life. more less",,2026-07-24,https://old.reddit.com/r/AmItheKameena/comments/1v5a0tb/aitk_or_idk_man_i_js_feel_bad/
1v59omg,reddit,"Any yellow apps suggestions pls, amazon lowkey pmo Shitpost https://i.redd.it/udcyp7z166fh1.jpeg",,2026-07-24,https://old.reddit.com/r/TeensofMaharashtra/comments/1v59omg/any_yellow_apps_suggestions_pls_amazon_lowkey_pmo/
1v4bixt,reddit,"Need guidance and referrals for AI/ML & Data Science roles (Goldman Sachs, Uber, Zomato, JPMorgan, etc.) Resume Hi everyone, I'm Manish, a Computer Science graduate from India. I previously worked as a Software Engineer, but over the past several months I've been transitioning into AI/ML and Data Science, which is the career I genuinely want to pursue. Instead of only completing online courses, I focused on building end-to-end projects to gain practical experience. Some of my projects include: TelcoPredict – Customer churn prediction using XGBoost, Optuna, MLflow, Docker, GitHub Actions, and AWS. Argus – A multi-agent AI research system built with LangGraph, LangChain, FastAPI, PostgreSQL (pgvector), and Redis. AudioCNN – Environmental sound classification using PyTorch and a custom ResNet-style CNN. I've also been practicing SQL, DSA, statistics, and machine learning fundamentals while applying for AI/ML, Data Science, and Applied AI roles. Despite putting in a lot of effort, getting interview calls has been much harder than I expected. I'm hoping to connect with people working at companies like Goldman Sachs, JPMorgan, Uber, Zomato, Blinkit, CRED, Microsoft, Google, Amazon, or any other company hiring for AI/ML or Data Science positions. If you think my profile is suitable for your company, I'd really appreciate a referral. If not, I'd still be grateful for any honest feedback on how I can improve my profile or job search strategy. I'm happy to share my resume via DM with anyone willing to help. more less",,2026-07-23,https://old.reddit.com/r/MachineLearningJobs/comments/1v4bixt/need_guidance_and_referrals_for_aiml_data_science/
1v47mkq,reddit,"My iPhone 13 got the green line today 😞 My iPhone My iPhone 13 suddenly got a green line on the right side while I was using it. Warranty expired long ago, and now I’m just sad. I wasn’t expecting this at all. Anyone else experienced this? 😔 more less https://www.reddit.com/gallery/1v47mkq",,2026-07-23,https://old.reddit.com/r/iPhone13/comments/1v47mkq/my_iphone_13_got_the_green_line_today/
1v45fzq,reddit,"Evofox katana s mini wired vs wireless Discussion I am tight on budget and need a keyboard The wireless version looks good for my needs, but if the wired version has the same quality 8 am totally fine with using it Is there any other difference like sound or efforts to press the keys? more less https://i.redd.it/9o4325pt8xeh1.png",,2026-07-23,https://old.reddit.com/r/mkindia/comments/1v45fzq/evofox_katana_s_mini_wired_vs_wireless/
1v44clb,reddit,what happened to my feed man all alcohol 😭😭🫪 https://i.redd.it/2g2zymndyweh1.jpeg,,2026-07-23,https://old.reddit.com/r/dwarkadelhi/comments/1v44clb/what_happened_to_my_feed_man_all_alcohol/
1v3h2zz,reddit,"Red flag ultimate checklist (Lesser known secrets) Marriage Advice Hi, boys and gals of this sub. I have prepared a list of checklists before taking the final call. For women looking for men: Check passport stamp, and trips to sex tourist destinations like Thailand, Philippines, malaysia, etc. if you see multiple travel in this region, you need to be a little cautious. Stress test your relationship by A. My parent/ sibling is in financial trouble (make something up) and we will have to do a much simpler wedding B. Ask for help during health emergency The reaction of his would make the bond either strong or very weak. Suggest threesome and see his reaction For men looking for women: Many women maintain two instagram accounts, one for friends etc, and other for family-relatives. A lot of them delete or disable the real Instagram, and all deeds are removed. Make sure in the talking stage to search for this, and keep an eye there. Always try to stress test the person, by telling them 2 things: A. You are going to lose your job, or lost it. B. Your parent has got a really incurable disease and might be living with them after marriage atleast until they get better. These 2 tests reveal, if the person is entering marriage with you for good times only or to support you during your lows as well or not. Share your vulnerable side, something that affected you a lot, and see if her behaviour changes towards you. Common checklist: When you are in talking stage, do check their zepto, blinkit orders history, and look if they were ordering contraceptions recently. Go to contacts, and search for ""Hinge"", ""Bumble"" etc, if they have contacts of previous dates with them, might still be connected in whatsapp. Throw a casual lunch somewhere, where both parties bring some of their close friends only, and see do friends actually show up for your partner? If no one is showing up, it may be a sign your partner isn't good at maintaining friendships with others. After meeting friends, you can get more idea into what kind of a person they are. Thanks more less",,2026-07-22,https://old.reddit.com/r/JodiMilan/comments/1v3h2zz/red_flag_ultimate_checklist_lesser_known_secrets/
1v36yem,reddit,Unable to order snacks for the protestors. All hail modiji Have been tring since yesterday. But no luck! more less https://www.reddit.com/gallery/1v36yem,,2026-07-22,https://old.reddit.com/r/JEENEETards/comments/1v36yem/unable_to_order_snacks_for_the_protestors/
1v2k0jf,reddit,"Support the cause, Support the Students Positive ✨ Hello There, I have seen alot of people asking how to support students in different subreddits. I sadly couldnt go to the delhi protest (which i still regret), but to help the students as much as I can, but you can do support them from your house by sending them essentials. Alot of the students there do not have food, do not have a place to sleep. You can order them food, or other essentials from online platforms such as zomato, swiggy, toing, blinkit and etcetra. The address you need to search for is -> Jantar Mantar Protest Site, Janpath, Connaught Place, New Delhi. Notes:- There are alot of restraunts on Toing (this is the platform i have been ordering from) has a lot of good enough food at a reasonable price (burger at 39/- rupees). QUANTITY of food is important than quality, there are alot of students. we dont want them to go hungry. Alot of Quick Commerce from yesterday are down, My friends had luck ordering some medical stuff but alas, I can't. alot of delivery guys are willing to go to a medical shop and buy stuff, but please tip them (atleast a 20/- will do them great favour). As far today's afternoon, No Delivery people are allowed inside the barricades, you can ask them to give it to any volunteer or any students that need help. You can also Donate to Sachkand Foundation, It is a gurudwara adjacent organization giving out people the food and accomadation (and transport home), so you can have a central organization to help if you need sachkhandfoundation on instagram https://www.instagram.com/sachkhandfoundation/ Cheers Everybody, Inquilab zinadabad! more less",,2026-07-21,https://old.reddit.com/r/AllindiaStudentUnion/comments/1v2k0jf/support_the_cause_support_the_students/
1v2jww6,reddit,"Support the cause, Support the Students Serious [No Jokes Allowed] Hello There, I have seen alot of people asking how to support students. I sadly couldnt go to the delhi protest (which i still regret), but to help the students as much as I can, but you can do support them from your house by sending them essentials. Alot of the students there do not have food, do not have a place to sleep. You can order them food, or other essentials from online platforms such as zomato, swiggy, toing, blinkit and etcetra. The address you need to search for is -> Jantar Mantar Protest Site, Janpath, Connaught Place, New Delhi. Notes:- There are alot of restraunts on Toing (this is the platform i have been ordering from) has a lot of good enough food at a reasonable price (burger at 39/- rupees). QUANTITY of food is important than quality, there are alot of students. we dont want them to go hungry. Alot of Quick Commerce from yesterday are down, My friends had luck ordering some medical stuff but alas, I can't. alot of delivery guys are willing to go to a medical shop and buy stuff, but please tip them (atleast a 20/- will do them great favour). As far today's afternoon, No Delivery people are allowed inside the barricades, you can ask them to give it to any volunteer or any students that need help. You can also Donate to Sachkand Foundation, It is a gurudwara adjacent organization giving out people the food and accomadation (and transport home), so you can have a central organization to help if you need sachkhandfoundation on instagram ( cant post them links ) Cheers Everybody, Inquilab zinadabad! more less",,2026-07-21,https://old.reddit.com/r/TwentiesIndia/comments/1v2jww6/support_the_cause_support_the_students/
1v2jswo,reddit,"Support the cause, Support the Students Hello There, I have seen alot of people asking how to support students. I sadly couldnt go to the delhi protest (which i still regret), but to help the students as much as I can, but you can do support them from your house by sending them essentials. Alot of the students there do not have food, do not have a place to sleep. You can order them food, or other essentials from online platforms such as zomato, swiggy, toing, blinkit and etcetra. The address you need to search for is -> Jantar Mantar Protest Site, Janpath, Connaught Place, New Delhi. Notes:- There are alot of restraunts on Toing (this is the platform i have been ordering from) has a lot of good enough food at a reasonable price (burger at 39/- rupees). QUANTITY of food is important than quality, there are alot of students. we dont want them to go hungry. Alot of Quick Commerce from yesterday are down, My friends had luck ordering some medical stuff but alas, I can't. alot of delivery guys are willing to go to a medical shop and buy stuff, but please tip them (atleast a 20/- will do them great favour). As far today's afternoon, No Delivery people are allowed inside the barricades, you can ask them to give it to any volunteer or any students that need help. You can also Donate to Sachkand Foundation, It is a gurudwara adjacent organization giving out people the food and accomadation (and transport home), so you can have a central organization to help if you need sachkhandfoundation on instagram ( cant post them links ) Cheers Everybody, Inquilab zinadabad! more less",,2026-07-21,https://old.reddit.com/r/RealTeensIndia/comments/1v2jswo/support_the_cause_support_the_students/
1v2jm5k,reddit,"Support the cause, Support the Students Serious Hello There, I have seen alot of people asking how to support students. I sadly couldnt go to the delhi protest (which i still regret), but to help the students as much as I can, but you can do support them from your house by sending them essentials. Alot of the students there do not have food, do not have a place to sleep. You can order them food, or other essentials from online platforms such as zomato, swiggy, toing, blinkit and etcetra. The address you need to search for is -> Jantar Mantar Protest Site, Janpath, Connaught Place, New Delhi. Notes:- There are alot of restraunts on Toing (this is the platform i have been ordering from) has a lot of good enough food at a reasonable price (burger at 39/- rupees). QUANTITY of food is important than quality, there are alot of students. we dont want them to go hungry. Alot of Quick Commerce from yesterday are down, My friends had luck ordering some medical stuff but alas, I can't. alot of delivery guys are willing to go to a medical shop and buy stuff, but please tip them (atleast a 20/- will do them great favour). As far today's afternoon, No Delivery people are allowed inside the barricades, you can ask them to give it to any volunteer or any students that need help. You can also Donate to Sachkand Foundation, It is a gurudwara adjacent organization giving out people the food and accomadation (and transport home), so you can have a central organization to help if you need sachkhandfoundation on instagram ( cant post them links ) Cheers Everybody, Inquilab zinadabad! more less",,2026-07-21,https://old.reddit.com/r/IndianTeenagers/comments/1v2jm5k/support_the_cause_support_the_students/
1v2jkoy,reddit,"Support the cause, Support the Students Health Hello There, I have seen alot of people asking how to support students. I sadly couldnt go to the delhi protest (which i still regret), but to help the students as much as I can, but you can do support them from your house by sending them essentials. Alot of the students there do not have food, do not have a place to sleep. You can order them food, or other essentials from online platforms such as zomato, swiggy, toing, blinkit and etcetra. The address you need to search for is -> Jantar Mantar Protest Site, Janpath, Connaught Place, New Delhi. Notes:- There are alot of restraunts on Toing (this is the platform i have been ordering from) has a lot of good enough food at a reasonable price (burger at 39/- rupees). QUANTITY of food is important than quality, there are alot of students. we dont want them to go hungry. Alot of Quick Commerce from yesterday are down, My friends had luck ordering some medical stuff but alas, I can't. alot of delivery guys are willing to go to a medical shop and buy stuff, but please tip them (atleast a 20/- will do them great favour). As far today's afternoon, No Delivery people are allowed inside the barricades, you can ask them to give it to any volunteer or any students that need help. You can also Donate to Sachkand Foundation, It is a gurudwara adjacent organization giving out people the food and accomadation (and transport home), so you can have a central organization to help if you need sachkhandfoundation on instagram ( cant post them links ) Cheers Everybody, Inquilab zinadabad! more less",,2026-07-21,https://old.reddit.com/r/india/comments/1v2jkoy/support_the_cause_support_the_students/
1v2dhxf,reddit,"Any Themes For App Dock Like IOS? Question/Help Tbh ive been looking for a theme which has an app dock like ios, do u guys have any themes which have an app dock? more less https://i.redd.it/xevg0jv6yjeh1.jpeg",,2026-07-21,https://old.reddit.com/r/PocoPhones/comments/1v2dhxf/any_themes_for_app_dock_like_ios/
1v1fuwh,reddit,"Lead Flutter & Full Stack Engineer: Resume Feedback Resume Review Here's my CV, I'm not sure how to grow to bigger companies. I need to optimize my CV, please comment your opinions and suggestions about if anything is not right. EDIT: My github https://github.com/omegaui/ and portfolio https://omegaui-io.web.app/ more less https://www.reddit.com/gallery/1v1fuwh",,2026-07-20,https://old.reddit.com/r/developersIndia/comments/1v1fuwh/lead_flutter_full_stack_engineer_resume_feedback/
1v1e6f1,reddit,Today’s setup with wallpaper attached Wallpaper https://www.reddit.com/gallery/1v1e6f1,,2026-07-20,https://old.reddit.com/r/iOSsetups/comments/1v1e6f1/todays_setup_with_wallpaper_attached/
1v1aze3,reddit,Now that FIFA is over Science & Technology Hated every second of this App. The shittiest service for 799 . I dont mind letting go of the 1.5 extra months left as using this has been a pain. more less https://i.redd.it/iblthlqn7beh1.jpeg,,2026-07-20,https://old.reddit.com/r/Coconaad/comments/1v1aze3/now_that_fifa_is_over/
2w132,reddit,"Getting hammered while getting slim A subreddit devoted to the careful craft of the low-carb drunk. Too many sugary cocktails and carb-laden beer finding their way to your gut, ass, and thighs? We've got the cure for you! Self promotion of any non-alcohol related keto products is considered SPAM On this sub and you will be banned without further question. search within r/ketodrunk",,,https://old.reddit.com/r/ketodrunk/
2r94o,reddit,You Should Know search within r/YouShouldKnow,,,https://old.reddit.com/r/YouShouldKnow/
2fk647,reddit,iphonesecrets This subreddit is dedicated to finding hidden features on iphones (or other apple products) that you may suspect many people do not know about. search within r/iphonesecrets,,,https://old.reddit.com/r/iphonesecrets/
1v6b9g8,reddit,"UCMS–LOTUS–006 Dream Ecology, Incubation, and the Botanical Engineering of Altered States Layer Verdict Ancient altered states were often produced not by one “magic plant,” but by a prepared ecology: Pilgrimage and separation + bodily purification + disrupted routine + fasting or dietary regulation + bathing and temperature exposure + darkness and sacred architecture + incense, wine, medicines, or botanicals + expectation of divine contact + sleep at a designated threshold + authoritative interpretation afterward = ritually structured altered experience The clearest example is Greek dream incubation. A person entered a sanctuary, underwent preliminary rites, slept in a specially designated sacred space, experienced or sought a dream, and then interpreted or enacted its instructions. This does not mean that every incubation sanctuary secretly administered hallucinogens. The surviving Greek evidence emphasizes purification, offerings, sleep, sacred expectation, dreams, and prescribed treatments—not routine psychedelic dosing. Botanical and chemical agents were possible components of some ancient rites, but the larger technology was the whole environment. This layer therefore introduces dream ecology as a UCMS analytical term: «Dream ecology is the coordinated arrangement of body, place, symbolism, sensory input, expectation, sleep, and interpretation around the production of meaningful altered experience.» --- I. Incubation: Deliberately Entering the Dream Threshold Ancient incubation involved intentionally sleeping in a sacred place to obtain healing, revelation, diagnosis, or instruction through a dream or nocturnal epiphany. It is especially well documented in sanctuaries of Asclepius, but also occurred at oracular and healing sites associated with figures such as Amphiaraus and Calchas. Preliminary purification, offerings, and entrance into a specially consecrated sleeping area commonly preceded the dream. The essential sequence was: Leave ordinary surroundings. Enter a sanctuary governed by different rules. Purify and prepare the body. Make sacrifice or offerings. Sleep inside a designated sacred enclosure. Encounter the god, remedy, symbol, or instruction. Recall and report the experience. Interpret or enact the prescription. Record, dedicate, or publicly commemorate the result. The sleep itself was not an accidental interruption of ritual. It was the central interface. --- II. Epidaurus as a Complete Healing Environment The sanctuary of Asclepius at Epidaurus was not merely a temple with a bedroom attached. It developed into a large therapeutic complex containing: - the temple; - an enkoimeterion or incubation hall; - baths; - accommodation; - banqueting facilities; - athletic areas; - hospital structures; - water systems; - a theatre; - a protected valley landscape. Not every building should be interpreted as a machine for producing visions. Taken together, however, the site created a total environmental transition. The visitor moved from ordinary civic life into a landscape organized around: - divine healing; - regulated movement; - bodily care; - water and purification; - ritual performance; - sleep; - testimony; - recovery. The sanctuary could alter experience before any dream occurred. A pilgrim had traveled, crossed a formal threshold, encountered monuments and sacred narratives, submitted to local procedures, and entered a community in which dreams were expected to diagnose disease and communicate treatment. The entire site communicated one message: «Something different can happen to you here.» That expectation was not peripheral. It was part of the operative environment. --- III. The Incubation Chamber as a Controlled Boundary The abaton or enkoimeterion functioned as a sacred interior within an already sacred sanctuary. The incubant did not simply fall asleep wherever convenient. Preliminary acts marked the transition into a more restricted space in which contact between human and divine was considered possible. The architecture created several boundaries at once: City / sanctuary Waking life / ritual preparation Public space / restricted sleeping place Ordinary sleep / divine incubation Private dream / institutional interpretation Darkness reduced ordinary visual orientation. Reclining lowered bodily vigilance. Silence or unfamiliar nocturnal sounds intensified attention. The sleeper entered a condition in which internal imagery, bodily sensations, environmental cues, and sacred expectations could merge. This was not passive sleep alone. It was sleep framed as an encounter. --- IV. Preparing the Body Before Preparing the Dream Ancient incubation rites varied between sanctuaries and periods, but the sources repeatedly show that the body was prepared before the sleeper entered the dream chamber. Purification might involve washing or bathing. Offerings could include cakes, sacrifices, or other prescribed gifts. At the oracle of Amphiaraus, Pausanias says that the consultant underwent purification, sacrificed a ram, spread out its skin, and slept upon it while awaiting enlightenment through a dream. The ram skin was more than bedding. It joined: - sacrifice; - animal vitality; - tactile contact; - sacred death; - bodily warmth; - sleep; - prophetic expectation. The consultant lay directly upon the material remains of the offering through which access had been requested. At other sanctuaries, bodily preparation could include: - dietary regulation; - fasting; - exercise; - bathing; - abstention; - prescribed changes in routine. The second-century orator Aelius Aristides describes an unusually extensive personal relationship with Asclepius in which dreams directed fasting, bloodletting, bathing restrictions, cold-water exposure, and other demanding regimens. His experience should not be treated as a universal incubation manual. It nevertheless demonstrates how dreams, medicine, bodily discipline, and religious authority could form one continuous therapeutic system. The Physiological Consequence Even without a psychoactive drug, these procedures could substantially change the sleeper’s condition: Travel + anxiety + unfamiliar diet + ritual washing + fasting or restricted food + physical exertion + nighttime wakefulness + unusual sleeping surface = altered sleep onset and intensified bodily awareness This is an inference from the combined ritual conditions, not proof that ancient practitioners possessed a modern theory of sleep physiology. They did not need such a theory to discover that changing the body changed the dream. --- V. Narrative Priming: The Dream Begins Before Sleep At Epidaurus, healing narratives known as the iamata were inscribed on stone. The surviving collections recount: - illnesses; - incubation dreams; - divine interventions; - prescribed treatments; - recoveries. The inscriptions were probably displayed around the stoa-abaton, the area associated with incubation. These stories served several functions simultaneously. They honored the god. They documented prior cures. They instructed newcomers about what could happen. They supplied a vocabulary through which unusual dreams and bodily sensations could later be understood. A visitor approaching sleep may already have learned that Asclepius could: - appear in human or divine form; - touch or operate upon the body; - prescribe a treatment; - use sacred snakes or dogs; - produce symbolic scenes; - cure while the patient slept; - complete a cure after the dreamer departed. The inscriptions therefore formed a dream-template archive. This does not mean every dream was fabricated or merely copied. It means the sanctuary provided culturally recognizable forms into which ambiguous nocturnal experience could settle: Heard testimony → expected divine pattern → dream or bodily event → recognition of the pattern → report using sanctuary language → new testimony reinforcing the archive This was a self-reinforcing meaning system. The cure stories shaped expectation, while each successful report increased the expectations of later incubants. --- VI. Dream Capture and Institutional Memory A dream is unstable. It can fade within minutes, change during retelling, or remain emotionally powerful while losing its details. Incubation systems addressed this problem by surrounding the dream with mechanisms of capture: - instructions before sleep; - immediate recollection after waking; - discussion with attendants or priests; - interpretation through established symbols; - enactment through treatment; - dedication of a votive; - public inscription of successful outcomes. The sanctuary did not merely produce dreams. It converted dreams into durable medical and religious objects. A private image could become: Diagnosis Prescription Testimony Votive object Institutional precedent Public proof of divine power This is where incubation became socially and politically consequential. The institution controlled the passage between a person’s internal experience and its accepted public meaning. The dreamer supplied the experience. The sanctuary supplied the grammar. --- VII. Egypt: Dream Interpretation Is Not the Same as Dream Incubation Egypt possessed a sophisticated dream culture, but several different practices must be separated. Papyrus Chester Beatty III contains a hieratic manual for interpreting dreams. It classifies dream images and assigns favorable or unfavorable meanings to them. The manuscript demonstrates organized oneiromancy—dream interpretation—but it does not prove that those dreams were chemically or ritually induced. This distinction matters: Dream interpretation does not equal dream induction Dream induction does not equal temple incubation Temple incubation does not equal psychoactive ritual Egypt also provides more suggestive incubation evidence. The so-called Bes Chambers excavated at the Anubeion at Saqqara have been theorized as places where pilgrims slept to receive divinely inspired dreams, possibly concerning fertility and fecundity. That interpretation remains a scholarly hypothesis rather than an established procedure preserved in an ancient ritual manual. The Egyptian evidence therefore occupies several confidence levels: Established - Organized dream classification - Formal dream interpretation Credible - Sleeping in some sacred contexts to seek revelatory dreams Plausible but Interpretive - Bes Chambers as dedicated incubation spaces Unestablished - Routine psychoactive dosing of dreamers --- VIII. The Bes Vessel: Direct Evidence for a Complex Ritual Mixture A 2024 multianalytical study examined residue from a small Egyptian vessel shaped as the head of Bes and tentatively dated to the Ptolemaic period. The researchers identified evidence consistent with: - Peganum harmala, or Syrian rue; - Egyptian blue water-lily material; - a plant of the Cleome genus; - fermented fruit-based liquid; - honey or royal-jelly-related material; - medicinal and bioactive compounds; - human biological fluids. The authors interpreted the contents as a complex ritual concoction and emphasized that the mixture had no exact known parallel. They also stressed that additional Bes vessels must be tested before the discovery can be considered representative of a widespread practice. This establishes something extremely important: «At least one ancient Egyptian ritual beverage was chemically and symbolically engineered as a multicomponent preparation.» It does not establish that every Bes vessel contained the same drink. It does not prove that the beverage was used for incubation. It does not prove that blue water-lily alone produced a visionary state. It does show that ancient ritual specialists could combine: - fermentation; - botanical compounds; - sweeteners; - bodily substances; - medicinal ingredients; - divine iconography; inside one ingestive object. The vessel itself was part of the preparation. The participant did not simply drink a liquid. The participant drank a mixture from the face of Bes. --- IX. Ritual Smoke as Botanical Delivery The clearest direct evidence for ritual aerosolization of a psychoactive plant in the ancient Near East comes from the Judahite shrine at Tel Arad. Residue analysis of two limestone altars identified: - cannabis-related compounds on the smaller altar; - frankincense on the larger altar. The cannabis appears to have been intentionally heated, while frankincense supplied a separately managed aromatic offering. This demonstrates an important technical principle: Plant selection + combustion substrate + controlled heating + enclosed sacred space = inhaled ritual atmosphere The shrine’s users did not need to eat the botanical material. The sacred space itself became the delivery system. Tel Arad is not a Lotus-Eater site and not an Asclepian incubation sanctuary. It nevertheless proves that ancient ritual environments could be consciously engineered through psychoactive and aromatic smoke. That changes the comparative question. We should not ask only: «What plant did the participant consume?» We must also ask: «What was burning in the room?» --- X. Aroma Without Intoxication Not every fragrant substance is psychoactive in the strong pharmacological sense. Incense, flowers, oils, smoke, wine, damp stone, animal skins, lamps, and human bodies could produce an intense olfactory field even when no hallucinogenic compound was present. Modern sleep studies suggest that externally presented odors can sometimes influence the emotional tone or content of dreams, although the findings vary and some effects are small or inconsistent. The evidence supports the limited proposition that sleeping brains continue to process olfactory information. It does not support the stronger claim that ancient incense reliably programmed visions. This gives us three distinct aromatic mechanisms. Symbolic Aroma A recognized sacred scent signals divine presence or ritual purity. Affective Aroma A pleasant, threatening, familiar, or unusual odor changes emotional tone and bodily expectation. Pharmacological Aerosol Volatile or smoke-borne compounds directly alter neurophysiology. These mechanisms may overlap, but they must not be collapsed. Frankincense can be ritually meaningful without being a strong hallucinogen. Cannabis smoke can be both symbolically meaningful and pharmacologically active. A lotus flower can transform the sensory field without serving as the principal drug. --- XI. Botanical Engineering Beyond a Single Substance Ancient ritual botany operated through several delivery channels. Ingestion Fruit, wine, beer, herbal preparations, cakes, medicines, and mixed beverages crossed directly into the body. Inhalation Incense, smoke, vaporized resins, and burned plant matter transformed the breathing environment. Dermal Application Oils, perfumes, ointments, and medicinal salves joined scent, touch, and absorption. Bathing Water could carry minerals, oils, herbs, temperature effects, and ritual meaning. Physical Contact Participants could: - sleep on hides; - wear garlands; - handle branches; - recline on plant material; - enter decorated botanical environments. Visual-Symbolic Exposure Flowers, wreaths, sacred trees, plant-shaped vessels, murals, and offerings prepared the interpretive field without requiring pharmacological activity. Archaeobotanical work at the Philistine temples of Tell eṣ-Ṣâfī/Gath has identified cultivated and wild plants used in ritual contexts, including species with medicinal, aromatic, toxic, or mood-affecting associations. Researchers emphasize both practical and symbolic possibilities and caution that some plants may have served as offerings or decorations rather than drugs. This gives us the central methodological rule: «Finding a psychoactive plant in a sanctuary does not automatically prove psychoactive use.» Its presence could represent: - food; - medicine; - decoration; - incense; - sacrifice; - stored commodity; - accidental intrusion; - deliberate consciousness alteration. Context, residue, vessel form, combustion evidence, concentration, and repeated patterns are all required. --- XII. The Difference Between Drugging and Incubating A drug-centered model imagines altered states as a direct chemical chain: Substance → brain effect → vision An incubation model is distributed: Journey → purification → expectation → sacred stories → altered routine → sleep threshold → sensory environment → dream → interpretation → treatment A botanical substance may enter this sequence at several points, but it does not need to carry the entire causal burden. This explains why searching for “the ancient drug” can misread the system. The effective unit was often not the plant. It was the ritual stack. --- XIII. Modern Dream Incubation as a Mechanism Check Modern research has demonstrated that dream themes can sometimes be influenced by presenting targeted verbal or auditory material during the transition into sleep. The Dormio experiments used repeated prompts during hypnagogia and found that targeted themes could be incorporated into dream reports. This does not validate ancient claims of divine communication. It does confirm that the sleep threshold is permeable to structured suggestion: Pre-sleep idea + repeated cue + expectation + hypnagogic transition = increased chance of related dream material Ancient sanctuaries lacked electronic sleep trackers, but they possessed other cueing systems: - hymns; - prayers; - statues; - ritual stories; - repeated divine names; - prescribed questions; - visible cure inscriptions; - sacred smells; - fear and hope; - attendants telling participants what to expect. The comparison does not prove deliberate ancient dream manipulation in the modern experimental sense. It does show that the sanctuary’s methods were psychologically plausible ways to bias dream content. --- XIV. The Dream-Ecology Model The complete altered-state environment can be represented as: Dream Ecology = P × S × X × T × B × A × M Where: - P — Physiological preparation: Fasting, bathing, fatigue, diet, illness, abstention, temperature - S — Sensory field: Darkness, sound, aroma, smoke, touch, architecture, visual symbols - X — Expectation: Belief, fear, hope, testimony, myth, prior instruction - T — Threshold timing: Evening ritual, sleep onset, hypnagogia, nocturnal awakening - B — Botanical load: Food, wine, medicines, incense, active mixtures, flowers, resins - A — Authority: God, priest, healer, sanctuary rules, interpretive tradition - M — Memory capture: Recall, questioning, inscription, prescription, votive record This is a UCMS heuristic, not an ancient formula or experimentally validated predictive equation. Its purpose is to prevent monocausal explanations. A powerful botanical may have little durable cultural effect if the experience is forgotten or rejected. A mild physiological alteration may become transformative if it occurs inside a highly charged interpretive system and is subsequently recorded as divine contact. --- XV. The Lotus-Eater Island as an Open-Air Incubation System The Lotus-Eater episode can now be reread through dream ecology. The island has no known temple, incubation hall, priesthood, or formal dream ritual. Yet it reproduces several components of the incubation stack: Prolonged displacement + exhaustion + unfamiliar coast + peaceful reception + sweet ingestible plant + possible fermentation + bodily relief + suspension of ordinary duty + repeated consumption + socially normalized altered orientation The sailors cross from maritime crisis into an environment of immediate safety and sweetness. Like an incubant, they leave ordinary time. Like a ritual patient, their bodies are first depleted and then reorganized. Like dreamers, their previous world remains cognitively present but loses operational authority. The crucial difference is that a healing incubation should return the person to waking life with a message, treatment, or renewed capacity. The Lotus-Eater ecology does not return them. It produces incubation without awakening. --- XVI. Dream Ecology and Hospitality Capture UCMS–LOTUS–004 identified hospitality capture as care that dissolves the guest’s ability or desire to leave. Dream ecology sharpens the mechanism. The captor does not need to administer a single overwhelming drug. Capture can emerge through accumulation: Fatigue lowers resistance. Sweetness rewards staying. Safety suppresses vigilance. Repetition narrows time. Local custom normalizes the state. Distance weakens external obligations. Absence of threat conceals the loss of agency. The Lotus-Eaters may not understand themselves as controllers. Their environment performs the capture. This is structurally similar to ritual systems in which no single component produces the final experience. The effect arises from how the components reinforce one another. --- XVII. Ancient Botanical Engineering: Confidence Ladder Tier 1 — Direct Material Evidence Tel Arad - Cannabis-related residue - Frankincense residue - Cultic altars - Evidence of deliberate heating Bes Vessel - Fermented liquid - Harmala-associated compounds - Water-lily-associated material - Medicinal and biological ingredients These cases provide direct archaeological chemistry. Tier 2 — Strong Textual Evidence Lotus-fruit fermentation Ancient writers explicitly describe wine made from North African lotus fruit. Medical and ritual preparations Ancient sources repeatedly describe wines, drugs, ointments, incense, and herbal compounds. The preparations are textually attested even where residue has not survived. Tier 3 — Contextual Evidence Plants, vessels, incense burners, sleeping chambers, baths, offerings, and ritual architecture occur together, but their exact pharmacological relationship remains uncertain. Tier 4 — Symbolic Inference Plant imagery, divine associations, flower-shaped vessels, or banquet scenes suggest ritual significance but do not prove ingestion or intoxication. Tier 5 — Speculative Reconstruction A missing psychoactive ingredient is proposed because it would explain a mythic effect. This remains the weakest category unless residue, recipe, or repeated contextual evidence is found. --- XVIII. Updated Claims Ledger LOT-C71 — Ancient incubation meant simply sleeping inside a temple. Status: Rejected as incomplete. It commonly involved preliminary purification, offerings, regulated space, expectation, sleep, and interpretation. LOT-C72 — Epidaurus functioned as a complete therapeutic landscape rather than a single shrine room. Status: Established. LOT-C73 — The Epidaurian iamata provided prior narratives of what divine healing could look like. Status: Established. LOT-C74 — Displayed cure stories may have primed later incubants’ expectations and dream interpretations. Status: Strong inference. LOT-C75 — Asclepian incubation routinely depended on hallucinogenic drugs. Status: Unsupported. LOT-C76 — Bodily preparation could alter sleep and perception even without a strong psychoactive substance. Status: Physiologically plausible inference. LOT-C77 — Amphiaraic incubation could involve sleeping directly upon the skin of a sacrificed ram. Status: Established through Pausanias. LOT-C78 — Papyrus Chester Beatty III proves chemically induced Egyptian dreaming. Status: Rejected. It demonstrates organized dream interpretation. LOT-C79 — The Bes Chambers were certainly pharmacological incubation laboratories. Status: Unsupported. Their incubation function remains interpretive. LOT-C80 — At least one Bes vessel contained a deliberately complex fermented ritual mixture with psychotropic and medicinal botanicals. Status: Established for the analyzed vessel. LOT-C81 — The Bes-vessel mixture was standard throughout ancient Egypt. Status: Unresolved and presently unsupported. LOT-C82 — Tel Arad provides direct evidence for ritual burning of cannabis and frankincense. Status: Established. LOT-C83 — Incense can influence a ritual environment without being strongly psychoactive. Status: Established as a conceptual distinction. LOT-C84 — External cues can sometimes influence dream themes or emotional tone. Status: Experimentally supported, with variable effect sizes. LOT-C85 — Ancient altered-state practices should be reconstructed as environmental stacks rather than automatically reduced to one drug. Status: Promoted to the leading methodological principle. LOT-C86 — The Lotus-Eater shore functions narratively as an open-air altered-state ecology. Status: Strong interpretive finding. LOT-C87 — The Lotus-Eater state resembles incubation without successful re-emergence. Status: Promoted as the central finding of this layer. --- Final Synthesis Ancient ritual specialists did not always engineer consciousness by isolating one active molecule. They engineered: - the journey; - the threshold; - the body; - the room; - the darkness; - the scent; - the question; - the sleeping posture; - the story expected to appear; - the authority that interpreted it; - the archive that preserved the result. Botanicals belonged inside that system, but in different roles. One plant might nourish. Another might ferment. Another might perfume the room. Another might sedate, stimulate, or alter perception. Another might exist only as a symbol of rebirth. The same flower could be food, medicine, offering, aroma, icon, and pharmacological ingredient without performing all those functions in every context. The great correction is therefore: Ancient altered state does not necessarily equal secret psychedelic plant More often: Prepared body + prepared environment + prepared expectation + sleep or ingestion + culturally authorized interpretation = meaningful altered state The historical Lotus-Eater fruit was probably ordinary enough to eat and ferment. The extraordinary effect emerged when food, exhaustion, hospitality, repetition, and narrative transformation were allowed to operate as one ecology. The Asclepian incubant entered the darkness to receive a dream and return with a cure. The Lotus-Eater entered sweetness and forgot that emergence was required. A successful sacred dream changes the traveler and returns them. The lotus dream changes the traveler by making return unnecessary. more less",,2026-07-25,https://old.reddit.com/r/SubspacePhysics/comments/1v6b9g8/ucmslotus006_dream_ecology_incubation_and_the/
1v6b8l9,reddit,"Three Magnets Brewing Co. Self Care Freak Flag Hazy IPA Review Picked this up from the NA bottle shop I highlighted in a post yesterday, More Or Less NA Bottles & Beer. It's a good example of when I mentioned they carry products you cannot find anywhere else locally. I've tried four or five different brews that Three Magnets has out there under the Self Care umbrella and I have really enjoyed them all. Something which makes them unique from any other NA that I've seen is they are not pasteurized. Before I continue, should a poster from yesterday's thread about More Or Less see this, yes this was refrigerated. Anydangway, back to what I was saying. I don't know if it's because the Self Care products are unpasteurized, but every one I've tried has a thicker, fuller mouth feel. I love it. On to Freak Flag. It's one of the better NA Hazy IPAs that I've had. It's got a nice, but not overpowering hoppy taste to it. And going back to my mouth feel comment, that's what really helps this stand out in my book. Definitely recommend this one should you have the opportunity to give it a try yourself! more less https://i.redd.it/8yy0ydhz8efh1.jpeg",,2026-07-25,https://old.reddit.com/r/NABEER/comments/1v6b8l9/three_magnets_brewing_co_self_care_freak_flag/
1v6b7ms,reddit,"IQUNIX EZ75 Review – My Thoughts After Two Months of Use Review Disclaimer: IQUNIX sent me this EZ75 review unit for free. I was not paid, and IQUNIX did not ask me to change my opinions or conclusion. Hey everyone! I've been using the IQUNIX EZ75 for about two months now, mostly playing competitive shooters like Counter-Strike 2 and Apex Legends, but also spending plenty of time typing on it, and I wanted to share some of the things that stood out to me the most. I've included a lot of photos, so make sure to take a look through the carousel. Generous Box Contents Alongside the keyboard, you get: USB-C to USB-A paracord cable Carrying case 2-in-1 keycap and switch puller Dust cover Dust brush IQUNIX stickers Documentation The unboxing experience is genuinely great. Instead of a regular cardboard box, IQUNIX includes a custom hard-shell carrying case that looks good and actually does a great job of protecting the keyboard. On top of that, you get a bunch of quality accessories, but more importantly, they're actually useful instead of being there just to make the list longer. Along with a nice, flexible paracord cable, you get a sturdy, cool-looking metal keycap/switch puller, a cleaning brush, and a dust cover. I appreciate this, especially considering that many Hall Effect keyboards in this price range don't include nearly as much in the box or come with more basic accessories. Top-tier Gaming Performance This is easily one of the best Hall Effect keyboards I've used for competitive gaming. With an 8000 Hz polling rate, 16000 Hz scanning rate, and Rapid Trigger adjustable down to 0.005 mm, it delivers the kind of responsiveness I'd expect from a top-tier Hall Effect keyboard - every keypress feels virtually instantaneous. More importantly, it remained consistent during actual gameplay. Whether I was making quick counter-strafes, repeatedly tapping movement keys, or rapidly switching directions, the keyboard always kept up perfectly. Even while aggressively spamming keys in CS2, I never experienced missed inputs, inconsistent triggering, or any of the odd behavior I've occasionally run into with other Hall Effect keyboards. Great for Typing Too The thing that surprised me was the typing experience. A lot of Hall Effect keyboards focus almost entirely on gaming, but the EZ75 is genuinely enjoyable to type on as well. It has a clean poppy sound profile, smooth factory-lubed switches, excellent stabilizers, and a well-executed gasket mount that softens bottom-outs without compromising the rigid structure Hall Effect keyboards need for accurate sensing. It's one of those keyboards that never made me think, ""I wish this felt a little better to type on."" That's surprisingly rare in the Hall Effect space, where gaming performance often takes priority over everything else. Build Quality & Design The seven-piece CNC-machined aluminum case deserves a special mention. For me, the case is a huge part of the overall keyboard experience. It's not just about how a keyboard looks (although that's certainly important, at least for me), but also about the quality of the construction, something you notice every single day you use it. And the EZ75 absolutely delivers on both fronts. It feels exceptionally well built. The machining is clean, the anodized finish is applied consistently across every part, and I couldn't find any cosmetic imperfections or assembly issues anywhere on my keeb. One thing I really appreciate is that the EZ75 doesn't look like every other aluminum keyboard on the market. The industrial-inspired design gives it a lot of character, and no matter which angle you look at it from, there's always an interesting detail to notice. My review unit came in the Black & White colorway, and I particularly like the white accent above the function row. It breaks up the otherwise all-black design nicely and gives the keyboard a bit more personality without feeling overdone. 75% Layout I've always found the 75% layout to be one of the best compromises between gaming and productivity. You keep the function row, dedicated arrow keys, and a small navigation cluster without taking up much more desk space than a compact keyboard. For my workflow, it strikes a really nice balance. Nice Keycaps I ended up liking the keycaps more than I expected. They're made from thick PBT with crisp double-shot legends that look sharp and should hold up well over time. I also like the Cherry profile. It's low enough to feel comfortable during long gaming sessions, but still sculpted enough to make typing feel natural. I also appreciate that IQUNIX didn't try to do anything overly flashy with them. The colors are tasteful, the legends are easy to read, and the overall design fits the keyboard perfectly. Smooth Switches The stock Magnetic X Ultra switches left a very positive impression. They come factory-lubed, feel consistently smooth throughout the entire keypress, and have very little stem wobble. They feel equally comfortable for gaming and everyday typing. Magnetic switches have improved tremendously over the last few years, and these are a good example of how far they've come. They feel refined straight out of the box and never gave me the impression that they needed additional tuning or lubrication. Polished Software The EZ75 is configured entirely through a web-based interface, which I personally prefer over traditional desktop software. There's nothing to install, nothing running in the background, and you can access all of the settings whenever you need them in just a few clicks. I also found the interface clean and intuitive. Despite the large number of available options, everything is logically organized, so I never had any trouble finding what I was looking for. Feature-wise, it has pretty much everything I'd expect from a modern Hall Effect keyboard. You get adjustable actuation, Rapid Trigger, SOCD with multiple modes, DKS (Dynamic Keystroke), MT (Mod Tap), TGL (Toggle Key), Rappy Snappy, three onboard profiles, customizable FN layers, macros, and plenty of RGB customization. More importantly, I never ran into any bugs or unexpected behavior while using it. If I had to point out one thing that's missing, it would be a Gamepad Mode. More and more Hall Effect keyboards are starting to support analog controller emulation, so I hope IQUNIX eventually adds it as well. Other than that, I really have no complaints about the software. Smart Switch Adaptation This is probably my favorite software feature. I enjoy experimenting with different switches, and the magnetic switch market is evolving so quickly that there's always something new worth trying. The problem is that swapping magnetic switches isn't usually as simple as it sounds. Normally, swapping magnetic switches means selecting the correct switch profile, or, if the software doesn't include the switches you've installed (which is usually the case, since most brands only support their own switches), you need to spend time manually recalibrating and adjusting everything. IQUNIX's Smart Switch Adaptation removes all of that hassle. The keyboard automatically learns the characteristics of newly installed magnetic switches and adapts to them on its own, making switch swapping almost as seamless as it is on a traditional mechanical keyboard. Just pull the old switch out, install the new one, and you're good to go. If you enjoy trying different magnetic switches as much as I do, this feature alone is a huge quality-of-life improvement. Value The EZ75 certainly isn't a budget keyboard. My Black & White version costs $259, while the Dark Side RS version with frosted keycaps is $279. That's roughly in line with other high-end Hall Effect keyboards.Whether that's worth it depends entirely on your budget. Personally, I think IQUNIX did a great job with the overall package. You're not just getting the great board itself. You also get a premium hard-shell carrying case, a generous selection of useful accessories, and an aluminum case that never left me wishing it was better. That's something I think is worth considering when comparing it to other Hall Effect keyboards, as some of them become more expensive than they initially appear once you factor in the cost of an aftermarket case. Pros and Cons Pros: Top-tier gaming performance Smart Switch Adaptation makes magnetic switch swapping effortless Excellent CNC-machined aluminum case Clean and easy-to-use web software Great typing sound out of the box Good PBT keycaps Smooth Magnetic X Ultra switches Generous accessory bundle Three onboard profiles Cons: No dedicated Gamepad Mode Premium price Final Verdict There are plenty of Hall Effect keyboards on the market today, but very few feel this complete. The EZ75 isn't just fast. It's also enjoyable to type on, built to a very high standard, backed by polished software, and filled with thoughtful touches that made me appreciate it more the longer I used it. If you're comfortable with the price, the EZ75 is an easy keyboard to recommend. Disclaimer: IQUNIX sent me this EZ75 review unit for free. I was not paid, and IQUNIX did not ask me to change my opinions or conclusion. more less https://www.reddit.com/gallery/1v6b7ms",,2026-07-25,https://old.reddit.com/r/MechanicalKeyboards/comments/1v6b7ms/iqunix_ez75_review_my_thoughts_after_two_months/
1v6b7ln,reddit,"Give Your App Away For Free General Advice A couple of weeks ago, I gave my app away on r/AppGiveaway -- free lifetime licenses to anyone that asked for it . An overwhelming amount of people asked for it (they still are asking), which made it skyrocket to the top #13 post of all time on that subreddit. I finally capped it at over 200+ licenses. Before that, I gave away 120+ licenses. Here are a few insights into the process as well as me trying to convince you to do the same. Most Lifetime Licenses Go Unclaimed People like free stuff. Simple. They hoard free deals and productivity apps. Giving away free lifetime licenses may sound scary, like your cloud bill will explode, but the number of users who will 1) not use it and 2) stop using it, will be a lot more than you think. If you built your app well, it won't make a dent. 2 weeks ago and we have ~50% redemption for lifetime codes. 50% of people didn't even redeem a code! Users Will Give You Free Reviews https://preview.redd.it/1o4mfmpk5efh1.png?width=1602&format=png&auto=webp&s=7b6248c55430f0f11c9b4860ee2a3a45e0e5e87c https://preview.redd.it/thfgnndg7efh1.png?width=1082&format=png&auto=webp&s=9509dbf9c1f9bb7c5f42f74eed2178dbd781aaeb https://preview.redd.it/gpi0l7yh7efh1.png?width=1068&format=png&auto=webp&s=414907729fba39ee6b6a91434d8f8c8144ec67fc Not much to add here, except that people really love free apps! You will attract paying users and find the price-point for your app Free lifetime licenses don't last forever. Some will pay full price for your app (highs) and some will pay with codes (2 lows). It's basically free marketing for your discount codes: https://preview.redd.it/g1tjxsqq5efh1.png?width=630&format=png&auto=webp&s=efeb3ec40fd08b2014bc830d315fffa937ee1fbb Users Will Give You Solid Feedback That Will Matter For Paying Users The free users have ran into some humongous issues. Not hard to solve, but would have put a grinding halt to the app if we hadn't stress tested it like we did. A few examples: - Our email client and Cloudflare client were on the free tier. Emails stopped sending at some point and CloudFlare was about to hit a limit on a key tool (HyperDrive) - Our trial had a frozen boolean and we would have not been able to have users activate Pro after they purchased it - Random bug fixes: pomodoro timer didn't count right. You Will Help People This is a good one to end on. Be a nice person whenever you can. It feels good. I hope this post also helped you. Feel free to give the concept a try and post back with your results! more less",,2026-07-25,https://old.reddit.com/r/ProductivityApps/comments/1v6b7ln/give_your_app_away_for_free/
1v6b771,reddit,"Sacramento Restoration Church saved me My 12-Month Experience at Sacramento Restoration Church Before I talk about my experience at Sacramento Restoration Church, I want to explain how I ended up there. I worked as an HVAC technician for 15 years before my life changed in an instant. I fell from a ladder and completely shattered the heel of my foot. The injury was severe enough that I needed two surgeries, followed by 15 months of recovery, much of it spent on the couch. Even before the accident, I was a heavy drinker. But being unable to work, losing my independence, and spending more than a year recovering took a heavy toll on me. During those 15 months, my drinking spiraled out of control. What had once been heavy drinking became full-blown alcoholism. By the time I was able to get back on my feet, I wasn't just recovering from a physical injury—I was fighting a battle with alcohol that had completely taken over my life. I knew I couldn't keep living that way, and I desperately needed help. Over the years, I tried just about everything. I attended Alcoholics Anonymous, went through government-funded rehabilitation programs, and even paid $18,000 out of pocket for a 30-day rehab. Despite my efforts, nothing seemed to stick. After being hospitalized for pancreatitis for the sixth time, the hospital's drug and alcohol counselor handed me a flyer for Sacramento Restoration Church. That flyer became the next step in my search for help. I arrived hoping to find healing, guidance, and a community that could help me rebuild my life. I walked through the doors with an open mind and a sincere desire to change. At that point, I was willing to do whatever it took to overcome my addiction and find a new direction. For the first month, I was required to stay in the men's home so I could get comfortable with the program and adjust to a new way of living. Our days were structured around prayer, Bible studies, cooking meals, cleaning the house, and building relationships with the other men. On the weekends, we had some time to relax and watch television together. Looking back, that first month was exactly what I needed. Being surrounded by people who had faced similar struggles gave me a sense of belonging and stability. For the first time in a long time, I wasn't fighting my addiction alone. After the first month, the program shifted its focus outward. We spent time on the streets talking with people, praying for anyone who wanted prayer, and collecting donations to help keep the program free for those who needed it. Those experiences had a profound impact on me. Praying for complete strangers taught me compassion, humility, and the importance of listening to others. I learned as much about myself as I did about the people I met. It challenged me to step outside my comfort zone and helped me grow in ways I never expected. After spending eleven months walking the streets and serving the community, the wear and tear on my body began to catch up with me. Because of the damage to the same side of my body where my foot had been surgically repaired, my hip deteriorated to the point where I needed a hip replacement. After recovering from my hip replacement surgery, I made the decision to return to Sacramento Restoration Church for two more months. I wanted to continue healing—not just physically, but mentally, emotionally, and spiritually. Those additional months helped strengthen the foundation I had been building throughout the program. When I left, it was time to put everything I had learned into practice and face the challenges of everyday life. Sobriety outside of the program would be the real test. Today, I am proud to say that I have been sober for eight years. I thank God for giving me another chance at life, and I am deeply grateful to Sacramento Restoration Church and Pastor Emerson for the role they played in my recovery. Their guidance, support, and willingness to invest in people like me helped change the course of my life, and for that I will always be thankful. Conclusion In closing, I'd like to say that there are two ways to look at Sacramento Restoration Church. Some people see us as people standing on street corners asking for donations, as if we're just walking ATMs looking for handouts. Others understand that there's much more happening beneath the surface. The men and women in the program are working to heal from addiction, rebuild their lives, and become productive members of society. Going out into the community to pray for people and ask for donations isn't just about raising money—it's also about learning humility, serving others, and helping keep the program free for the next person who desperately needs it. It's also important to remember that we live in California, where the cost of housing, food, transportation, and everyday living continues to rise. Keeping a residential recovery program operating without charging those who are trying to overcome addiction is no small task. My experience may not be everyone's experience, but I can only speak for myself. Sacramento Restoration Church gave me a place to heal when I had nowhere else to turn. Eight years later, I am still sober, and I will always be grateful for the opportunity they gave me to rebuild my life. more less",,2026-07-25,https://old.reddit.com/r/Kingman/comments/1v6b771/sacramento_restoration_church_saved_me/
1v6b6a7,reddit,"I got tired of babysitting backends built by AI agents, so I built one that repairs itself Not gonna lie, posting this is a little scary. I've been working on this for months, and I finally reached the point where I think it's better to let people break it than keep polishing it by myself. It's called Backenly , and it's fully open source. The idea came from something I kept noticing while building with Claude Code and Cursor. Over the last year, AI coding tools have completely changed how I build software. I can go from an idea to a working project much faster than I ever could before. But after using them for a while, I realized they all stop helping at the exact same moment once the code is generated. From that point on, you're back to doing everything yourself. You're still fixing migrations. You're still chasing weird production bugs. You're still finding missing indexes or broken permissions weeks later. The AI helped build the backend, but it never stuck around to help maintain it. That felt like the missing piece. So I started wondering: If we're happy letting AI build production systems, why shouldn't it help keep them healthy too? That question eventually became Backenly . I also want to be clear about one thing this isn't meant to be ""Supabase but better."" I actually like what the Supabase team has built. If you've used Supabase before, most of what Backenly does will feel familiar. The question I wanted to explore was different: what happens after the backend is built? The first thing I changed was removing raw SQL from structural changes completely. Whether it's your AI agent making a change or Backenly repairing something automatically, every structural change goes through the same governed path with a dry run, an audit log, and rollback support. The goal is to keep the AI's understanding of your backend and the actual backend from slowly drifting apart. The part I'm most excited about is what happens after that. Every project has a continuous loop that's always watching. It looks for things like schema drift, missing indexes, broken triggers, and RLS issues. When it finds something that's safe to repair, it fixes it and then verifies the fix actually worked instead of just sending an alert and hoping someone notices. Anything risky authentication, credentials, or destructive schema changes always waits for approval. I'd much rather interrupt someone with an approval request than silently break their production database. Under the hood it's all familiar tech. PostgreSQL, PostgREST, auth, storage, realtime, and functions. I wasn't trying to reinvent the backend stack I wanted to experiment with what happens after the backend is built. You can self-host everything too, including the self-healing system. It's definitely still early. There are bugs. There are missing features. I'm sure there are things I've overlooked. If you try it, I'd genuinely love to know what you think good or bad. And even if you don't try it, I'm curious about one thing: Do you think AI should stop after generating the code, or do you think it'll eventually be responsible for maintaining the software it creates too? Website: https://backenly.com more less",,2026-07-25,https://old.reddit.com/r/founder/comments/1v6b6a7/i_got_tired_of_babysitting_backends_built_by_ai/
1v6b4t7,reddit,"Venting and help me decide Buying Advice Country: USA Budget: variable Use case: needed for 3D art and AI Need help making a decision Hey all, I used to have a Asus rog zephyrus 14"" from 2022, very disappointed to find out the motherboard gave out in less than 3 years of owning it, did find out i wasnt the only one with this issue. I took well care of it. I thought Asus was a reputable brand? My Asus gaming laptop from 2011 is still working perfectly, something changed somewhere with them. Venting aside..... Im looking to buy a laptop that does well with blender 3D and AI agents, I landed on this and read good things about it. https://www.microcenter.com/product/703054/lenovo-legion-7-pro-oled-16-gaming-laptop-computer-eclipse-black If anyone has any other preference or has experience wning something similar that is tough and will last. Feel free to post it. Thanks all. more less",,2026-07-25,https://old.reddit.com/r/GamingLaptops/comments/1v6b4t7/venting_and_help_me_decide/
1v6b4g0,reddit,"Cat Survived Chylothorax, now what? Our male cat 4yo has survived Chylothorax (so far). Is any one else in a similar circumstance and what food do you recommend feeding your Chylothorax survivors? Background: In December 20th 2025 we woke up to find our cat Mowgli (Moe) taking quick, panting breaths, refusing to move or eat. He was fine the previous day, playing with his toys, running around the house with zoomies. At first with the way he was breathing we thought maybe a hairball, but after not attempting to hack anything out we took him to the vet to be safe as we had not seen this behavior from him before. We jested on the way “who takes a cat to the vet for a hair ball.” Once we arrive they saw us in immediately. After X-rays and bloodwork they let us know he has Chylothorax, something we had never heard of or knew was a possibility for a cat. Our vet explained in the simplest terms he could: “Essentially there is a thin lining around the lungs. The lymphatic system is leaking chyle (a milky, fatty fluid) into that lining, compressing the lungs and making it hard for him to breathe.” My husband and I relieved they have an answer. We asked what are the next steps, what do we do to help him? The next words our vet said made our hopeful stares unfocused and our hearts sink. “Prognosis is not good, most do not survive, we recommend euthanasia” 12 hours ago our boy was happy, running across the couches, eventually wearing himself out and curling up to snuggle against our feet on a fuzzy blanket as my husband played video games. Tears immediately puddled across our eyes, throats swollen, not functioning as they should as we tried to swallow reality. Forcing the words out we asked if that was the only option. Our vet explained there is treatment however the success rate is only about 50% or less for cats and it’s extremely expensive. He then explained that our town did not have the 24 hour treatment or technology to treat a cat with Chylothorax. He sympathized with us and shared a story with us on how he went through something similar with his own cat and it was terrible letting her go and wished the treatment worked for her. He left the room and said he’d give us some time with our boy. My husband and I weighed our options. We love this cat. He’s the first furry family member we got and raised together when we married m. He’s my husband first and only cat he’s ever had his entire life. But could we selfish, could we keep him alive with no treatment in our town, he’d suffer. We can’t be selfish. We love him, we have no options in our town to help him. We have to let him go. Our teary eyes intensify as we spoke and knew what was right. Mowgli moved across the tiny vet office floor and leaned himself against my husbands pant leg and let out some soft, labored meows. My husband eyes quickly glanced from Moe’s pleads of help to my eyes, both our cheeks being showered from our tears. “Is today the day we say goodbye to him or do you want to fight for his life?” I weakly squeaked out as my throated tightened even more at the question. “I want him to live, but we have no choice” The vet returned and sympathized about how hard this was then asked “what would you like to do” My husband straightened and asked, “you mentioned your cat went through treatment, but that there is none here, where did you go” Our vet, let us know there is a world renowned veterinary school and treatment facility in Fort Collins, CO and that they have successfully treated this condition there. He told us when he went there it was around $2,000 - $3,000 just to start diagnosis and treatment. My husband replied “how do we get an appointment” Our vet called the vet hospital, got us an appointment and emailed all the test results over. Fort Collins was 5 hours away from us. We returned home three random pairs of jeans and shirts into a bag and took off. They set Mowgli up for 24/7 treatment by having tubes attached to his sides that were being drained so he could breathe. He was placed in a large glass containment box that had a hole you could reach in and pet him like you’d see on a sci-fy movie where scientists are holding an unknown substance with rubber gloves. He received his own fresh oxygen that when anytime they opened the glass box you could hear the pssss sound as his fresh, clean air met the sterilized hospital room’s air that smelled of chemical, cleaning products. As the chyle kept refilling and suffocating his lungs every 6 to 8 to 12 hours their vets were draining him and keeping him on their machines. Keeping him breathing. After a few days of treatment bacteria tests, cancer screenings, heart tests, wounds or bodily damage — anything and everything that would have been a cause of Chylothorax was tested. The results: Idopathic — unknown cause. As they had no answers m they asked us if we’d like to do a surgery on him that would tie the thorax preventing it from leaking. The surgery has a less than 50% success rate and the result may not solve the issue or the cat might pass away from the surgery. We asked for another option. They recommended keeping him there for another few days and if the chyle build up reduces then signs a good. We stayed from December 20th - 25th. Christmas Eve the chyle buildup was reducing! They asked us to keep him one more day over night to see if it continues. It did. Christmas Day we were provided the option to go home with a treatment plan and medication we needed to give him at different hours each day. They also placed him on a prescription based diet of low fat weight management and hydrolyzed cat food. Note: Our cat is not and has never been overweight. This food was to reduce fatty build up as to not feed the chyle fluid. Upon our departure they recommended we take our cat to our vet if we see him starting to have try breathing and that our local vet should be able to continue to remove chyle build up as 24/7 removal is no longer needed. It is July 25, 2026. Mowgli is running around, full of energy and back to his ol’ self. We had to take him to our vet for 3 more drainage appointments between December 25 - January 15th. After the last visit he has not needed another draining. He had dry, heaving, cough up until March and April of 2026. But that has since stopped. Note: We did not use Rutin as many people have for cats with Chylothorax. We opted against it because the explanation was it’s a human medicine and has no proven studies that it actually helps Cats with Chylothorax. It is only thought that it could maybe be helpful. We did not want to throw in a unproven “maybe” into the mix of medications he was already on at the time. He is still on his prescription diet food today. To get this type of food it has to be ordered online, a notification is sent to our vet and the vet has to approve the prescription refill of food. He is likely going to have to live off this type of food for the rest of his life but we wanted to hear other options just in case this treatment is no longer accessible. more less",,2026-07-25,https://old.reddit.com/r/AskVet/comments/1v6b4g0/cat_survived_chylothorax_now_what/
1v6b3u7,reddit,"TEWL, trying to repair my barrier? Question Hii! I’m a big skincare lover and always wanting feedback or suggestions. I’ve had combination acne prone skin thats also very sensitive. I also struggle with rosacea and reactive skin. To back track I’ve been on Accutane, and currently on spironolactone for hormonal acne. I got a script for tretinoin 2-3 months ago and I’ve been trying to use it 2x a week using the sandwich method. However my skin is so fucking dry and dehydrated that I haven’t been consistent with my tret. I will say I have a habit of switching products but trying to find ones that will help repair my barrier. I don’t use any actives, and haven’t for the past month in trying to help my barrier. Im trying to find a way to restore my barrier so the water stays in my skin, keep using my tretinoin and ideally find a way to add in azelaic acid to help with my PIE (post inflammatory erythema). I don’t typically keep deep cystic acne after accutane but I am prone to a lot of closed comedones. I live in Oregon so the weather is fairly humid aswell. I’m honestly looking for any tips or recommendations to help my skin with the TEWL, either keep my routine, scale it back, or swap out things. Anything helps!! (Photo is of my skin skin morning, starting to feel some tightness around my mouth and eyes, skincare done a hour ago) Typically 1-2 hours after my skincare my skin starts feeling tight, dry, and redness around my nose and mouth however it looks oily it’s severely dehydrated. Current routine rn consists of: AM - cleanse with bioderma micellar water, rinse with water after, leaving face wet - 2-3 x layer laneige cream skin - Corsx snail mucin essence - inuik beta-glucan serum - 2-3 drops of squalene oil (pat into face) - innisfree green tea ceramide barrier cream - naturium dew-glow moisturizer spf 50++++ Through the day my skin gets tight, red but looks oily, I spray with Aestura altobarrier mist PM - double cleanse prequel oil cleanser, vanicream cleanser (double cleanse for makeup and spf) 2-3 x layer laneige cream skin - Corsx snail mucin essence - inuik beta-glucan serum - 2-3 drops of squalene oil (pat into face) - innisfree green tea ceramide barrier cream (If it’s a tret night, I stop here and let my skin dry for 10 minutes, apply tret, wait another 10, apply 2nd layer of barrier cream) - La Roche posay cicaplast b5+ balm more less https://i.redd.it/gfrejua08efh1.jpeg",,2026-07-25,https://old.reddit.com/r/SkinbarrierLovers/comments/1v6b3u7/tewl_trying_to_repair_my_barrier/
1v6b3pq,reddit,Blinkit APOB registration I’m trying to onboard my products on Blinkit. Sellers on Blinkit - could you help me understand if APOB registration is mandatory and how to go about it? more less,,2026-07-25,https://old.reddit.com/r/blinkit/comments/1v6b3pq/blinkit_apob_registration/
1v6b3fy,reddit,[Routine Help] Better routine for dehydration and acne Routine Help https://i.redd.it/8cbl7bex7efh1.jpeg,,2026-07-25,https://old.reddit.com/r/SkincareAddiction/comments/1v6b3fy/routine_help_better_routine_for_dehydration_and/
1v6b22g,reddit,"Hey what are your all thoughts on that protest of CJP , am i only one who find of out it less productive ? Because exam leak issue has been single decades changing person from seat won't help right ? Answers from All It's like changing the driver of a car whose engine is broken. Replacing the driver won't fix the car. Shouldn't the authorities be held accountable for the repeated paper leaks, make structural changes to the examination system, and punish everyone involved in the leaks? I've posted this in several large communities, but all I got were downvotes. People ignored my questions and just called me an ""andhbhakt"" or a BJP cell worker. more less",,2026-07-25,https://old.reddit.com/r/AskIndianMen/comments/1v6b22g/hey_what_are_your_all_thoughts_on_that_protest_of/
1v6axh8,reddit,"IQUNIX EZ75 Review – My Thoughts After Extended Use Discussion Disclaimer: IQUNIX sent me this EZ75 review unit for free. I was not paid, and IQUNIX did not ask me to change my opinions or conclusion. Hey everyone! I've been using the IQUNIX EZ75 for about two months now, mostly playing competitive shooters like Counter-Strike 2 and Apex Legends, but also spending plenty of time typing on it, and I wanted to share some of the things that stood out to me the most. I've included a lot of photos, so make sure to take a look through the carousel. Generous Box Contents Alongside the keyboard, you get: USB-C to USB-A paracord cable Carrying case 2-in-1 keycap and switch puller Dust cover Dust brush IQUNIX stickers Documentation The unboxing experience is genuinely great. Instead of a regular cardboard box, IQUNIX includes a custom hard-shell carrying case that looks good and actually does a great job of protecting the keyboard. On top of that, you get a bunch of quality accessories, but more importantly, they're actually useful instead of being there just to make the list longer. Along with a nice, flexible paracord cable, you get a sturdy, cool-looking metal keycap/switch puller, a cleaning brush, and a dust cover. I appreciate this, especially considering that many Hall Effect keyboards in this price range don't include nearly as much in the box or come with more basic accessories. Top-tier Gaming Performance This is easily one of the best Hall Effect keyboards I've used for competitive gaming. With an 8000 Hz polling rate, 16000 Hz scanning rate, and Rapid Trigger adjustable down to 0.005 mm, it delivers the kind of responsiveness I'd expect from a top-tier Hall Effect keyboard - every keypress feels virtually instantaneous. More importantly, it remained consistent during actual gameplay. Whether I was making quick counter-strafes, repeatedly tapping movement keys, or rapidly switching directions, the keyboard always kept up perfectly. Even while aggressively spamming keys in CS2, I never experienced missed inputs, inconsistent triggering, or any of the odd behavior I've occasionally run into with other Hall Effect keyboards. Great for Typing Too The thing that surprised me was the typing experience. A lot of Hall Effect keyboards focus almost entirely on gaming, but the EZ75 is genuinely enjoyable to type on as well. It has a clean poppy sound profile, smooth factory-lubed switches, excellent stabilizers, and a well-executed gasket mount that softens bottom-outs without compromising the rigid structure Hall Effect keyboards need for accurate sensing. It's one of those keyboards that never made me think, ""I wish this felt a little better to type on."" That's surprisingly rare in the Hall Effect space, where gaming performance often takes priority over everything else. Build Quality & Design The seven-piece CNC-machined aluminum case deserves a special mention. For me, the case is a huge part of the overall keyboard experience. It's not just about how a keyboard looks (although that's certainly important, at least for me), but also about the quality of the construction, something you notice every single day you use it. And the EZ75 absolutely delivers on both fronts. It feels exceptionally well built. The machining is clean, the anodized finish is applied consistently across every part, and I couldn't find any cosmetic imperfections or assembly issues anywhere on my keeb. One thing I really appreciate is that the EZ75 doesn't look like every other aluminum keyboard on the market. The industrial-inspired design gives it a lot of character, and no matter which angle you look at it from, there's always an interesting detail to notice. My review unit came in the Black & White colorway, and I particularly like the white accent above the function row. It breaks up the otherwise all-black design nicely and gives the keyboard a bit more personality without feeling overdone. 75% Layout I've always found the 75% layout to be one of the best compromises between gaming and productivity. You keep the function row, dedicated arrow keys, and a small navigation cluster without taking up much more desk space than a compact keyboard. For my workflow, it strikes a really nice balance. Nice Keycaps I ended up liking the keycaps more than I expected. They're made from thick PBT with crisp double-shot legends that look sharp and should hold up well over time. I also like the Cherry profile. It's low enough to feel comfortable during long gaming sessions, but still sculpted enough to make typing feel natural. I also appreciate that IQUNIX didn't try to do anything overly flashy with them. The colors are tasteful, the legends are easy to read, and the overall design fits the keyboard perfectly. Smooth Switches The stock Magnetic X Ultra switches left a very positive impression. They come factory-lubed, feel consistently smooth throughout the entire keypress, and have very little stem wobble. They feel equally comfortable for gaming and everyday typing. Magnetic switches have improved tremendously over the last few years, and these are a good example of how far they've come. They feel refined straight out of the box and never gave me the impression that they needed additional tuning or lubrication. Polished Software The EZ75 is configured entirely through a web-based interface, which I personally prefer over traditional desktop software. There's nothing to install, nothing running in the background, and you can access all of the settings whenever you need them in just a few clicks. I also found the interface clean and intuitive. Despite the large number of available options, everything is logically organized, so I never had any trouble finding what I was looking for. Feature-wise, it has pretty much everything I'd expect from a modern Hall Effect keyboard. You get adjustable actuation, Rapid Trigger, SOCD with multiple modes, DKS (Dynamic Keystroke), MT (Mod Tap), TGL (Toggle Key), Rappy Snappy, three onboard profiles, customizable FN layers, macros, and plenty of RGB customization. More importantly, I never ran into any bugs or unexpected behavior while using it. If I had to point out one thing that's missing, it would be a Gamepad Mode. More and more Hall Effect keyboards are starting to support analog controller emulation, so I hope IQUNIX eventually adds it as well. Other than that, I really have no complaints about the software. Smart Switch Adaptation This is probably my favorite software feature. I enjoy experimenting with different switches, and the magnetic switch market is evolving so quickly that there's always something new worth trying. The problem is that swapping magnetic switches isn't usually as simple as it sounds. Normally, swapping magnetic switches means selecting the correct switch profile, or, if the software doesn't include the switches you've installed (which is usually the case, since most brands only support their own switches), you need to spend time manually recalibrating and adjusting everything. IQUNIX's Smart Switch Adaptation removes all of that hassle. The keyboard automatically learns the characteristics of newly installed magnetic switches and adapts to them on its own, making switch swapping almost as seamless as it is on a traditional mechanical keyboard. Just pull the old switch out, install the new one, and you're good to go. If you enjoy trying different magnetic switches as much as I do, this feature alone is a huge quality-of-life improvement. Value The EZ75 certainly isn't a budget keyboard. My Black & White version costs $259, while the Dark Side RS version with frosted keycaps is $279. That's roughly in line with other high-end Hall Effect keyboards.Whether that's worth it depends entirely on your budget. Personally, I think IQUNIX did a great job with the overall package. You're not just getting the great board itself. You also get a premium hard-shell carrying case, a generous selection of useful accessories, and an aluminum case that never left me wishing it was better. That's something I think is worth considering when comparing it to other Hall Effect keyboards, as some of them become more expensive than they initially appear once you factor in the cost of an aftermarket case. Pros and Cons Pros: Top-tier gaming performance Smart Switch Adaptation makes magnetic switch swapping effortless Excellent CNC-machined aluminum case Clean and easy-to-use web software Great typing sound out of the box Good PBT keycaps Smooth Magnetic X Ultra switches Generous accessory bundle Three onboard profiles Cons: No dedicated Gamepad Mode Premium price Final Verdict There are plenty of Hall Effect keyboards on the market today, but very few feel this complete. The EZ75 isn't just fast. It's also enjoyable to type on, built to a very high standard, backed by polished software, and filled with thoughtful touches that made me appreciate it more the longer I used it. If you're comfortable with the price, the EZ75 is an easy keyboard to recommend. more less https://www.reddit.com/gallery/1v6axh8",,2026-07-25,https://old.reddit.com/r/mkindia/comments/1v6axh8/iqunix_ez75_review_my_thoughts_after_extended_use/
1v6awdb,reddit,"Design aspirant trying to figure out which design field might suit me. Could really use some guidance. Hey everyone. =) I'm in my last year of high school, and I know I want to pursue design as a career. The problem is... I have no idea which field I actually fit into. I don't want to blindly pick a university course without understanding what I'd enjoy doing in the long run. I'm new to Reddit, so I hope this is an okay place to ask. I noticed there are a lot of experienced designers here, and I was hoping some of you might be willing to share your thoughts. A little about me: I don't really enjoy sketching objects or animals. Sometimes I even find it a bit boring unless something about it catches my interest. I enjoy drawing people much more, especially practicing perspective with human figures. I've been drawing people since primary school, so maybe that's why I naturally lean towards it. I also think things like character design, logo design, or even making packaging (for example, designing a wraparound label for a pickle jar) sound much more interesting to me than product sketches. I like reading about colour theory just because I find it interesting, even though I don't always understand it fully. I'm not very confident with colouring, and I usually lose interest in things like storyboarding or comics if I don't have a good idea to work with. Lately I've also been going through a phase where I feel really stressed and insecure about creating anything. I don't feel motivated to explore new things, and my mind just feels... empty. Even when I do get an idea, I immediately think it won't turn out well or that it's probably not a good idea anyway. It's making me pretty anxious. Has anyone else gone through something similar while starting out? How did you get past it? One thing I do know is that I have a hard time imagining myself spending years designing everyday products like phones, shoes, pens, printers, etc., or making exploded views and technical drawings for them. That's the one area I don't really see myself enjoying right now. Everything else feels like a big question mark. Maybe I'd like it, maybe I wouldn't...I genuinely don't know yet. Based on what I've written, are there any design fields you think I should explore first? Even if you think I'm making assumptions too early, I'd really appreciate hearing your perspective. Thank you for reading. ^-^ P.S. One reason I'm asking is because once I have a better idea of which field I'm leaning toward, I'll know which design-specific subreddit to ask for laptop recommendations for university and future work. more less",,2026-07-25,https://old.reddit.com/r/talesfromdesigners/comments/1v6awdb/design_aspirant_trying_to_figure_out_which_design/
1v6aw0a,reddit,"🚩 Warning for creators: Fourthwall disabled my shop, kept ALL my money (even undisputed funds), and still won't say why Posting this as a warning, not a rant. If you're a creator relying on (Fourthwall) For Ecommerce & Clothing is Partner with Youtube, Don't Fall for this trap for real income, you need to see how this can play out. Here's exactly what happened, step by step: One customer opens 6 disputes across 6 separate orders on my shop. I do everything right. I send Fourthwall full proof the orders were legit — delivery/download logs, chat history showing the same person used different emails for each order, everything they asked for. Their support rep tells me, in writing and in chat, ""we believe you, we're on your side."" I feel like this is being handled properly. Then out of nowhere: ""you lost all 6 disputes, no right to appeal."" No explanation of how evidence that strong still lost. The rep who was helping me just stops responding entirely. Separately, I talk directly to the customer. They tell me they went back to their own bank and withdrew every single dispute themselves. I tell Fourthwall this in writing, assuming this closes the whole thing out. Instead, I get an email from their ""Legal Team"" that specifically states the shop was NOT disabled because of the disputes. It's because of some internal ""risk profile"" and ""risk indicators"" they refuse to identify. I ask, calmly and professionally, more than once: what rule did I break, what's the evidence? I get the same copy-paste non-answer every time. Here's the part that should worry any creator on this platform: my balance includes money from OTHER customers too. Zero disputes on those. Zero chargebacks. Products fully delivered, no complaints at all. Doesn't matter. Their exact words: ""no payouts will be issued to the account."" Not ""pending review."" Not ""after 90 days."" Just never, for money nobody has ever disputed. Why I'm posting this: If you're a creator and your income depends on a platform, you need to know that Fourthwall's internal risk system can flag your account for reasons they will never explain to you, and once that happens, they can freeze 100% of your balance indefinitely — including money tied to transactions that have absolutely nothing to do with whatever triggered the flag. You won't get evidence. You won't get a timeline. You'll get the same three sentences on repeat no matter how many times you ask. What I'd tell anyone using this platform: - Don't let your balance build up on their platform. Withdraw as often as the payout threshold allows. - Keep independent proof of every delivery/download outside their system, just in case. - If you ever get flagged, ask for the specific ToS clause you supposedly violated in writing, immediately. If they can't produce one, that tells you something. I've filed a complaint with the California Dept of Consumer Affairs already (case number on file) and I'm filing with the BBB next. Not looking for sympathy, just don't want the next person to find out the hard way like I did. also and i want a legal advice or help more less",,2026-07-25,https://old.reddit.com/r/VintedAdvice/comments/1v6aw0a/warning_for_creators_fourthwall_disabled_my_shop/
1v6as6m,reddit,"Education minister resigned but is it gonna make any change. He got removed from his position but not power . What next his resignation won't solve paper leak issue Politics is always DIRTY Removing him from his current position won't remove him from politics. And the next education Minister will be from bjp. Paper leak has been issue since decades . Changing driver of car that doesn't has engine isn't making any good . CJP should have put demands rather than resignation. Anyway congratulations 🎉 if this was main motive . I don't have any issue with this . Anyone saying bjp cell , it cell activated , payment recieved - I would like to clarify I am not a bjp supports mine almost all posts are against bjp , media that comes under it etc . The thing is I didn't find this protest that productive, you just helped him to change the topic from students protest to politics and anti nationals being involved . Should have demanded the names of people who were involved in paper leak. Paper leak has been issue since decades - changing government, education minister won't help . People in protest aren't even thinking , they are just following what happend in Nepal , Bangladesh. Nothing against students with certificates of reservations that comes from rich background . If i asked the same question on India discussion or any one community, i got comments like bjp cell activated, andbhkat but no one answered a single question. more less https://i.redd.it/cxwlyvtf5efh1.jpeg",,2026-07-25,https://old.reddit.com/r/20sIndiaReal/comments/1v6as6m/education_minister_resigned_but_is_it_gonna_make/
1v6art0,reddit,"welcome home shai! dolls🪞 i chased this girl DOWN at target let me tell you! i was in there almost every day for a week+ and ended up snagging the last one on the shelves at the moment, thank gosh 😭 i really love her, her lace details! Her SHOES! And her hair is so soft right out of box, i love that there’s no product!? I’m very pleased I got her. I think I’ll try to find Suki so she has a friend 🤭 more less https://www.reddit.com/gallery/1v6art0",,2026-07-25,https://old.reddit.com/r/mirrormi/comments/1v6art0/welcome_home_shai/
1v6arqo,reddit,Another post about FF7 rebirth Patient Review,,2026-07-25,https://old.reddit.com/r/patientgamers/comments/1v6arqo/another_post_about_ff7_rebirth/
1v6aqg9,reddit,"AI thumbnails on shaving videos I've been watching Ohio Shaves for a few years. I know some of you don't like him and think he's a shill. I don't mind him. His production quality is really good and a lot of his tips are helpful for me. Although, I see what you mean because his attitude sometimes with the ""thank me in the comments"" or ""this will change your life"" shit is annoying. What works for him doesn't work for me. And I don't think spending $300 on a razor is ""worth"" it. To each their own. However, his thumbnails are pretty much all AI. Like they don't even look like him at all, and I guess I just wanna see what other people here think of creators using AI for stuff like this. I find it to be very obvious and lazy. more less",,2026-07-25,https://old.reddit.com/r/wicked_edge/comments/1v6aqg9/ai_thumbnails_on_shaving_videos/
1v6apm5,reddit,"I created a platform where you can collect your software in a personal library Hey all, Not too long ago, I heard someone say that the future of software discovery is curated. Mainly because of LLMs and the saturation of apps and website, as well as the sharp decline of quality in search engines because of LLMs. This really resonated well with me, since I believe that a significant way for us to discover and explore quality products, such as software, is by listening to what other people are saying. Especially other people you share interests and values with. Anyways that's why I've created Marbls. A very simple site that allows users to collect software into a personal library, share that library, find software that other users have also collected, and discover software from likeminded people. It's all free. I'm not collecting any data except some very basic non-cookie, anonymized analytics hosted on the server itself. Other launch site like ProductHunt and similar allow too much pay-to-win mechanisms for people to have their products surfaced. This creates in my opinion a scewed picture. Marbls is more simple. The only ranking that matters, is the amount of people that have collected the product in their library. Marbls will never take payments from ranking. It will not implement any predatory algorithms that favors any over others. And anyone can submit a product they think others should also use. It's created a user that just wants to discover quality products from other people that loves software. Check it out at Marbls.app more less",,2026-07-25,https://old.reddit.com/r/SideProject/comments/1v6apm5/i_created_a_platform_where_you_can_collect_your/
1v6aoj7,reddit,"IQUNIX EZ75 Review – My Thoughts After Extended Use Review Disclaimer: IQUNIX sent me this EZ75 review unit for free. I was not paid, and IQUNIX did not ask me to change my opinions or conclusion. Hey everyone! I've been using the IQUNIX EZ75 for about two months now, mostly playing competitive shooters like Counter-Strike 2 and Apex Legends, but also spending plenty of time typing on it, and I wanted to share some of the things that stood out to me the most. I've included a lot of photos, so make sure to take a look through the carousel. Generous Box Contents Alongside the keyboard, you get: USB-C to USB-A paracord cable Carrying case 2-in-1 keycap and switch puller Dust cover Dust brush IQUNIX stickers Documentation The unboxing experience is genuinely great. Instead of a regular cardboard box, IQUNIX includes a custom hard-shell carrying case that looks good and actually does a great job of protecting the keyboard. On top of that, you get a bunch of quality accessories, but more importantly, they're actually useful instead of being there just to make the list longer. Along with a nice, flexible paracord cable, you get a sturdy, cool-looking metal keycap/switch puller, a cleaning brush, and a dust cover. I appreciate this, especially considering that many Hall Effect keyboards in this price range don't include nearly as much in the box or come with more basic accessories. Top-tier Gaming Performance This is easily one of the best Hall Effect keyboards I've used for competitive gaming. With an 8000 Hz polling rate, 16000 Hz scanning rate, and Rapid Trigger adjustable down to 0.005 mm, it delivers the kind of responsiveness I'd expect from a top-tier Hall Effect keyboard - every keypress feels virtually instantaneous. More importantly, it remained consistent during actual gameplay. Whether I was making quick counter-strafes, repeatedly tapping movement keys, or rapidly switching directions, the keyboard always kept up perfectly. Even while aggressively spamming keys in CS2, I never experienced missed inputs, inconsistent triggering, or any of the odd behavior I've occasionally run into with other Hall Effect keyboards. Great for Typing Too The thing that surprised me was the typing experience. A lot of Hall Effect keyboards focus almost entirely on gaming, but the EZ75 is genuinely enjoyable to type on as well. It has a clean poppy sound profile, smooth factory-lubed switches, excellent stabilizers, and a well-executed gasket mount that softens bottom-outs without compromising the rigid structure Hall Effect keyboards need for accurate sensing. It's one of those keyboards that never made me think, ""I wish this felt a little better to type on."" That's surprisingly rare in the Hall Effect space, where gaming performance often takes priority over everything else. Build Quality & Design The seven-piece CNC-machined aluminum case deserves a special mention. For me, the case is a huge part of the overall keyboard experience. It's not just about how a keyboard looks (although that's certainly important, at least for me), but also about the quality of the construction, something you notice every single day you use it. And the EZ75 absolutely delivers on both fronts. It feels exceptionally well built. The machining is clean, the anodized finish is applied consistently across every part, and I couldn't find any cosmetic imperfections or assembly issues anywhere on my keeb. One thing I really appreciate is that the EZ75 doesn't look like every other aluminum keyboard on the market. The industrial-inspired design gives it a lot of character, and no matter which angle you look at it from, there's always an interesting detail to notice. My review unit came in the Black & White colorway, and I particularly like the white accent above the function row. It breaks up the otherwise all-black design nicely and gives the keyboard a bit more personality without feeling overdone. 75% Layout I've always found the 75% layout to be one of the best compromises between gaming and productivity. You keep the function row, dedicated arrow keys, and a small navigation cluster without taking up much more desk space than a compact keyboard. For my workflow, it strikes a really nice balance. Nice Keycaps I ended up liking the keycaps more than I expected. They're made from thick PBT with crisp double-shot legends that look sharp and should hold up well over time. I also like the Cherry profile. It's low enough to feel comfortable during long gaming sessions, but still sculpted enough to make typing feel natural. I also appreciate that IQUNIX didn't try to do anything overly flashy with them. The colors are tasteful, the legends are easy to read, and the overall design fits the keyboard perfectly. Smooth Switches The stock Magnetic X Ultra switches left a very positive impression. They come factory-lubed, feel consistently smooth throughout the entire keypress, and have very little stem wobble. They feel equally comfortable for gaming and everyday typing. Magnetic switches have improved tremendously over the last few years, and these are a good example of how far they've come. They feel refined straight out of the box and never gave me the impression that they needed additional tuning or lubrication. Polished Software The EZ75 is configured entirely through a web-based interface, which I personally prefer over traditional desktop software. There's nothing to install, nothing running in the background, and you can access all of the settings whenever you need them in just a few clicks. I also found the interface clean and intuitive. Despite the large number of available options, everything is logically organized, so I never had any trouble finding what I was looking for. Feature-wise, it has pretty much everything I'd expect from a modern Hall Effect keyboard. You get adjustable actuation, Rapid Trigger, SOCD with multiple modes, DKS (Dynamic Keystroke), MT (Mod Tap), TGL (Toggle Key), Rappy Snappy, three onboard profiles, customizable FN layers, macros, and plenty of RGB customization. More importantly, I never ran into any bugs or unexpected behavior while using it. If I had to point out one thing that's missing, it would be a Gamepad Mode. More and more Hall Effect keyboards are starting to support analog controller emulation, so I hope IQUNIX eventually adds it as well. Other than that, I really have no complaints about the software. Smart Switch Adaptation This is probably my favorite software feature. I enjoy experimenting with different switches, and the magnetic switch market is evolving so quickly that there's always something new worth trying. The problem is that swapping magnetic switches isn't usually as simple as it sounds. Normally, swapping magnetic switches means selecting the correct switch profile, or, if the software doesn't include the switches you've installed (which is usually the case, since most brands only support their own switches), you need to spend time manually recalibrating and adjusting everything. IQUNIX's Smart Switch Adaptation removes all of that hassle. The keyboard automatically learns the characteristics of newly installed magnetic switches and adapts to them on its own, making switch swapping almost as seamless as it is on a traditional mechanical keyboard. Just pull the old switch out, install the new one, and you're good to go. If you enjoy trying different magnetic switches as much as I do, this feature alone is a huge quality-of-life improvement. Value The EZ75 certainly isn't a budget keyboard. My Black & White version costs $259, while the Dark Side RS version with frosted keycaps is $279. That's roughly in line with other high-end Hall Effect keyboards.Whether that's worth it depends entirely on your budget. Personally, I think IQUNIX did a great job with the overall package. You're not just getting the great board itself. You also get a premium hard-shell carrying case, a generous selection of useful accessories, and an aluminum case that never left me wishing it was better. That's something I think is worth considering when comparing it to other Hall Effect keyboards, as some of them become more expensive than they initially appear once you factor in the cost of an aftermarket case. Pros and Cons Pros: Top-tier gaming performance Smart Switch Adaptation makes magnetic switch swapping effortless Excellent CNC-machined aluminum case Clean and easy-to-use web software Great typing sound out of the box Good PBT keycaps Smooth Magnetic X Ultra switches Generous accessory bundle Three onboard profiles Cons: No dedicated Gamepad Mode Premium price Final Verdict There are plenty of Hall Effect keyboards on the market today, but very few feel this complete. The EZ75 isn't just fast. It's also enjoyable to type on, built to a very high standard, backed by polished software, and filled with thoughtful touches that made me appreciate it more the longer I used it. If you're comfortable with the price, the EZ75 is an easy keyboard to recommend. more less https://www.reddit.com/gallery/1v6aoj7",,2026-07-25,https://old.reddit.com/r/keyboards/comments/1v6aoj7/iqunix_ez75_review_my_thoughts_after_extended_use/
1v6aijt,reddit,"Top tips that help me with my trichotillomania Concealing Tools & Tips 1 - Being aware of daily situations where my elbow has something high to lean on like when working at a desk, driving the car, sitting on the side of the sofa, or in bed before going to sleep. In these cases my hand goes automatically to my head because it's already in a good position to do so without any extra effort - and therefore I tend to pull more in these situations. My solution is to try to avoid these positions when I can, and to notice that if I start pulling, I try to change position. Like standing up, sitting in the middle of the couch, etc. 2 - Leave my favourite fidget toys in the exact places I'll need them I have one for work - it's always next to my PC. One next to the bed, one on the coffee table in front of the TV. This way I can always get one with zero effort and start playing with it instead of my hair. This is important because if they're not close by, I find myself never getting up to go fetch them. I need them to be around. 3 - Use gaming gloves while driving. I wrote a separate post about this here It's one of my favourite trich products. When I have them on, my urge drops and the hair sensation is different, so I just don't pull. They breathe and work with touchscreen phones, so very convenient. I keep a pair in my car and I NEVER start driving without them on. Also super cheap - 3-5$ on AliExpress. 4 - Prepare myself ahead of time for the evening/night By this time I tend to be tired from the day, so I have less energy to fight the trich urge - and in the evening my pulling can easily get worse. I try to prepare myself in ways that rely less on willpower, like putting a hat on, putting gloves on, or just going for a walk to get some energy out 5 - Using an awareness app It really helps me channel my energy toward not pulling and staying more contained. These apps don't work for everyone, but they do work for some people, and for that reason I think they're worth trying to see if they help you. I'd personally recommend the app I developed called SoloUno, which I wrote about in this post 6 - Be compassionate with myself I know this trich is sometimes just stronger than me. A lot of the time it wins, and I find myself pulling even though I'd prefer not to. In those moments, when I look in the mirror ashamed of myself, I try to have compassion for myself and remind myself that we all have habits we struggle with, and none of us can be perfect. The shame and stress that comes with trich can make me pull more, so I try to let go of them. No more shame, no more stress - I try to get better every day, and on the hard days I keep reminding myself of that Thanks for reading - would love to hear what you think! more less",,2026-07-25,https://old.reddit.com/r/trichotillomania/comments/1v6aijt/top_tips_that_help_me_with_my_trichotillomania/
1v2pe9q,reddit,"How can I send some supplies for the people at Jantar Mantar? AskDelhi If I send some general supplies (food/water) via Instamart/Blinkit, how can I make sure that it reaches the right people there? If anyone is going to the protest tomorrow, and is willing to coordinate for the same, let me know in the DMs. If there’s any other alternate, let me know, would like to contribute in my own way. more less",,2026-07-21,https://old.reddit.com/r/delhi/comments/1v2pe9q/how_can_i_send_some_supplies_for_the_people_at/
1ux71hj,reddit,"Transitioning into veganism - brand recs needed Vegan Food I was a non-vegetarian until February this year. Around that time, I moved into a house owned by a Jain family. Since I respect their beliefs and they were quite clear about maintaining a vegetarian household, I stopped bringing non-vegetarian food into the house. Over time, I genuinely started enjoying a vegetarian diet, and I’ve now decided to gradually transition towards veganism. While I don’t really crave meat anymore, I do occasionally miss the taste and texture, so I’ve started exploring mock meats. I’d love recommendations for good brands that are actually worth trying. I’ve also been making small swaps wherever I can. For coffee, I’ve replaced dairy milk with homemade almond milk, which I really enjoy. However, I haven’t been able to find a good unsweetened plant-based milk for cooking (think Alfredo, creamy sauces, etc.). I don’t particularly enjoy the taste of oat or soy milk, so if anyone has alternatives they’d recommend, I’d really appreciate it. I’ve also started replacing paneer with tofu and tempeh, and recently experimented with making lentil tofu, which turned out surprisingly well. Are there any other high-protein vegan alternatives I should look into? As for cheese, I’ve bought nutritional yeast and tried a few vegan cheeses available on Blinkit. They’ve been decent, but I’m sure there are better brands out there. If you have any favourites or any other vegan staples you think are worth trying I’d love your recommendations! more less",,2026-07-15,https://old.reddit.com/r/VeganIndia/comments/1ux71hj/transitioning_into_veganism_brand_recs_needed/
1urr9cm,reddit,"What should I pick? Card Recommendation Current Cibil: (Never taken anything, no loan, no CC, nothing) Age: 51 Monthly Income and Employment status: 1.01 L, employed currently. Monthly Expenses & Spending Patterns: online shopping and payments (use UPI only), amazon (10k) + rest is zepto, bigbasket, etc + medicines (~20k) = 30k almost alternate day payments around 200-300 on zepto blinkit etc swiggy sometimes, (included prev) amazon subscriptional items at start of month, swiggy grocery per month (offline - dmart, reliance mart etc) 8k apart from zepto,etc. 2k phone bill, 4.5k - 5k electricity bill, 1.5k gas bill, miscellanous 4k, -total = 50k Top 5 Monthly spend categories and Top 5 Annual spend categories: Monthly - medicines (sometimes 15k), groceries (7-8k), online shopping, elictricity bill Annual - insurances/policy renewal/LIC(2.5L overall) , kid school fees, electricity bill(overall), wifi + hotstar subscription (10k combined) Preferences for Credit Card Features: already have icici and hdfc account, upi payments support to use reward points to buy stuff later, amazon discounts and cashback, easy approval since cibil is zero. Reward Preference (Cashback or Reward Points): cashback or reward points to buy stuff? i dont know. good discounts while purchasing stuff Lounge Access Required: No req Other Special Needs: Card to approve easily without existing CIBIL history.... more less",,2026-07-09,https://old.reddit.com/r/CreditCardsIndia/comments/1urr9cm/what_should_i_pick/
1uo0v7e,reddit,"Need advice on the best bank account + credit card setup for my spending pattern (₹1.5L/month salary) Hi everyone, I'm 23F and recently started working. My monthly in-hand salary is around ₹1.5 lakh , and I'm planning to restructure my finances by opening two bank accounts : Salary Account – Salary gets credited here, SIPs auto-debit from here, and I transfer money home. Spending Account – Every month I'll transfer a fixed amount here for all my expenses (UPI, credit card bill, etc.) so I can better track my spending and avoid dipping into my investments. Monthly cash flow Salary: ~₹1.5L Money sent home: ₹30k SIPs (auto-debit): ₹60k Remaining (~₹60k): Rent + groceries + shopping + lifestyle expenses Approximate annual spending Flights: ₹50,000 Hotel Bookings: ₹150,000 Groceries (Blinkit/BigBasket/Instamart, etc.): ₹84,000 Dining + Swiggy/Zomato: ₹80,000 Shopping (UNIQLO, Levi's, ONLY, Pepe Jeans, etc.): ₹60,000 Uber/Ola: ₹18,000 What I'm looking for in a credit card Low or ideally zero annual fee (or easily waived) Good airport lounge access (guest access would be a bonus) Strong rewards on flight bookings Good cashback/rewards on Amazon, Blinkit, Swiggy, Zomato, BigBasket, Instamart, etc. Decent rewards on clothing brands Good rewards on Uber/Ola Easy approval with my salary profile I don't mind using 2 credit cards if that gives significantly better returns than trying to use a single card. Current plan After doing some research, I'm thinking of: HDFC Salary Account IDFC FIRST Savings Account for daily spending HDFC Regalia Gold as my primary card HSBC Live+ for groceries and dining Does this sound like the best setup, or is there a better combination? Some questions: Would you recommend a different salary bank? Is Regalia Gold still the best option for my spending pattern, or would something like Axis Atlas, SBI Cashback, Amex MRCC, ICICI Emeralde/HPCL, etc. be better? Is HSBC Live+ still the best grocery/dining card, or are there better alternatives now? Should I prioritize cashback or travel rewards considering I spend only ~₹50k/year on flights? Are there any hidden drawbacks with this setup that I'm missing? Looking forward to your suggestions. Thanks! more less",,2026-07-05,https://old.reddit.com/r/IndianCreditCards/comments/1uo0v7e/need_advice_on_the_best_bank_account_credit_card/
1unw2ab,reddit,"need funds to continue feeding and providing shelter for 10-15 stray cats. Fundraiser Hello, I am from Pune. My family and I have been feeding stray cats behind our house since 2 years. i request your support to continue this. the monsoon is really difficult for the cats as they are really young. I provide them boxes and make soft bedding with foam and bedsheets inside. during rains, the sheets have to be changed very frequently. we are currently using old carpets, old bedsheets and clothes. currently there are 3 adult females. 1 adult made, 3 adolescent cats, 6 kittens (four are 1 month and two are 2 months old) I feed them 3 times a day. raw and boiled chicken, chicken heart and liver and sometimes eggs and purepet kibble.(1.2 kg finishes very fast because there are about 14 cats now) I also keep a box with cat litter for the kittens to defecate because they cannot go outside to poop. i also provide medical care to them whenever needed and i deworm them (300 per cat in my area) so that they can be healthy. its getting heavy on the pocket to continue this because the number of cats has increased and my family is wanting to not continue this anymore. i need your support so we can continue caring for the cats. my expenses caring for the cats per month are about Rs.3500. if i can meet this mark it will be really helpful. PS. the bills i have attached are from blinkit only. I also buy locally from shops which i dont have bills for so i didnt add in the collage these cats and I need your support to continue doing this you can donate on: devaanshpatra28@oksbi The donations will go towards: Raw chicken and cat food Cat litter Bedding or other suitable disposable alternatives Deworming and vaccinations Basic veterinary treatment whenever needed Thank you for your support more less https://www.reddit.com/gallery/1unw2ab",,2026-07-05,https://old.reddit.com/r/IndianPets/comments/1unw2ab/need_funds_to_continue_feeding_and_providing/
1umngqw,reddit,blinkit alternatives after 12am at night Ask Raipur kushalpur area more less,,2026-07-03,https://old.reddit.com/r/Raipur/comments/1umngqw/blinkit_alternatives_after_12am_at_night/
1uhzd56,reddit,"Toothpaste Reviews Product Reviews✨ Disclaimer: I am not a dentist; these are all my personal opinions. I am not using AI to correct grammar. I will be using Hindi and English to explain stuff. These toothpastes are the ones which were available to me in market or online stores like Blinkit, etc. Again, I am sorry for any mistakes I am going to make while reviewing these😭 As the images appear in order, I will try to review the toothpastes. 1. Colgate Total (basic/normal one) This toothpaste is one of my holy grails. I have used it for a year, and my teeth have become idk... better? or sundar😭? It is a good twice-a-day toothpaste. I would give it a 7/10. 2.Colgate Total Sensitive This is like a better version of the normal one if you have sensitive teeth. *cue the daanton me jhanjhanahat hai? commercial😭* I am currently using this one on a daily basis. It works like any other toothpaste would. If you want a daily toothpaste while also considering you have sensitive teeth? THIS IS THE ONE! I would give it a 8/10 for sensitive teeth. 3. Sensodyne Repair & Protect At first when I got this toothpaste, I thought kya hi alag hoga dusre toothpastes se🥴 But boy was I wrong😭 This toothpaste has something called as ""NOVAMIN"". What it does is - helps to repair deep inside the dentine, helping restore a protective mineral layer over exposed dentine (taken from Sensodyne website). When I used it, it made my mouth heat up (probably the novamin working). As few weeks passed by, I had regained my teeth sensitivity by 25-30%. How am I claiming this? Well, before using this toothpaste, I could eat ice cream and drink any hot drink without feeling anything in my insensitive teeth. After using this toothpaste, I could feel that I am eating something cold or hot. It did not fully help me regain the sensitivity but atleast kuch toh wapis aa gya😭☝️ So now, I have stopped using that toothpaste, cuz I still want to enjoy my random ice cream tub eating spree🥹 hehe. PS - That tube of toothpaste is still lying in my travel pouch. I use it when I travel. That way, I would be able to use it and finish it before it expires (aur 1 saal chal jayega araam se😌). I would give it a 9/10 for restoring my teeth sensitivity hehe. Now comes the Sensodyne Lineup which is pretty much the alternative to the Colgate Lineup. If you prefer Sensodyne over Colgate, one of these toothpastes is for you and they are easily available too. 4.Sensodyne Fresh Mint It is as the name suggests. If you prefer Sensodyne over Colgate, then this is a good choice. It did not give a freshness blast like the blue one, but it is okay-ish ig. I would give it a 6/10. 5.Sensodyne Fresh Gel This toothpaste is what I like to call a “Good Morning toothpaste”. It gives a blast of Freshness without actually going overboard, iykwim🥺. I would give it a 7/10. Now come my HOLY GRAIL of toothpastes, the Sensodyne Pronamel Lineup. 6. Sensodyne Pronamel Fresh Breath Now imagine the Sensodyne Fresh Gel toothpaste. Take its freshness and double it. This is what this toothpaste delivers😭 It is so good that I used it just once😭 I could not handle all the freshness it provided. If you like fresh toothpastes and really want a good ""wakeup toothpaste"", this one is for you. I would give it a 9/10. 7. Sensodyne Pronamel Daily Protection I use this every day. I alternate between this one and the 1st mentioned toothpaste above. It gives a subtle freshness, while cleaning up the teeth. It is overall a god toothpaste. I would give it a 10/10. Though the Pronamel lineup is expensive, personally, I feel they are worth the price. I have never tried whitening toothpastes. I want to but I have already fond my HOLY GRAILS of toothpastes🥹 Any other recommendations are also welcome<3 Thanks for reading till the end. I apologize for all the mistakes I made😭🥹. more less https://www.reddit.com/gallery/1uhzd56",,2026-06-28,https://old.reddit.com/r/IndianBeautyTalks/comments/1uhzd56/toothpaste_reviews/
1ugj2yg,reddit,"Blinkit Discussion This is so frustrating. They rejected Blinkit's license, but are they at least going to ensure there's a reliable alternative for students and working people who depend on quick commerce? As a student, quick commerce is genuinely important to me because I often don't have the time to go out and buy essentials. It doesn't have to be Blinkit specifically, but there should be a strong substitute. Right now, Somoi just isn't cutting it. Most of the products I need are out of stock, and the app itself feels unfinished and unreliable. If anyone from the Somoi tech team is reading this, please take it as feedback—the app seriously needs improvement in terms of performance, UI, and inventory management. I understand that local vendors are struggling, and they deserve support. But the government also needs to consider the public's convenience. Instead of banning or rejecting established quick-commerce platforms without offering a comparable alternative, why not promote a model where orders are fulfilled through local vendors rather than dark stores? That way, local businesses benefit while customers still get fast and reliable deliveries. The goal shouldn't just be to stop Blinkit—it should be to build something better. People need a platform where they can actually find the products they need, get them delivered quickly, and still support local businesses. Right now, we have neither. more less",,2026-06-26,https://old.reddit.com/r/Shillong/comments/1ugj2yg/blinkit/
1ug3zq7,reddit,"Amul icecreams Ask Kanpur Where do you guys buy amul icecreams in kanpur, online ? With quick commerce apps, zepto/blinkit, i have had very horrid experience, most of the time it's the melted/refrozen icecream which tastes horrible and grainy What's the alternative? more less",,2026-06-26,https://old.reddit.com/r/kanpur/comments/1ug3zq7/amul_icecreams/
1ufrbu9,reddit,"PlayStation gift card available on these sites stock availability Lately everyone's searching psn gvs. It's available on following sites- phonepe 3.5% cashback in pp wallet plus can use rupay cc too, best buy. Cred 1.5% discount can use credit card too. Blinkit selected locations can use cc (can't use blinkit gv) Rooter shop currently oos but they keep adding it on alternate days. Earlier they allowed to use rootershop voucher too but maybe bcoz of the demand they've disabled it on psn. Fampay they're asking for 100₹ for video call Verifacition so skipped. Any existing user can confirm the discount or charges. Benefits of using gv is you will save on the dcc charges that's levied on international transactions if u use any cc/dc and have to enable it too. If anyone finds any other source please share it here. more less",,2026-06-26,https://old.reddit.com/r/ps5india/comments/1ufrbu9/playstation_gift_card_available_on_these_sites/
1uf9l2s,reddit,"PS5 coming soon - Blinkit/Chennai stock availability Hey guys, quick heads up for people living in Chennai. Check Blinkit for stock availability. It shows coming soon, that means most probably at 12am or 330pm stock should be available. I bought myself one when I noticed it earlier. I’d suggest you guys turn on the notification and check the app every half an hour. Blinkit seems to release 2-3 units(from what I noticed) every day/alternative day until stock lasts. (Stock was available a day prior as well) Pincode 600106 Hope you guys get it! more less https://i.redd.it/7lbjgsbhhf9h1.jpeg",,2026-06-25,https://old.reddit.com/r/ps5india/comments/1uf9l2s/ps5_coming_soon_blinkitchennai/
1uf4ps1,reddit,"Mid day meal to ISCKON. What about it? What's going to happen? Is it right or not a good decision? ""School mid day meal program is being handed over to iskcon. Apparently from now on only vegetarian food will be served in the schools. A welcome move from the government. Many vegetarian students were deprived of this scheme in bengal as they didn't eat egg or chicken, also vegetarian option was not provided for them. Now everyone will get the same veg menu.""- I got this from another sub. This is my own words: I saw West Bengal's CM Suvendu Adhikari's latest announcement that mid day meals have been given to ISCKON. As much as I am happy about it, I am worried to a large extent. First, children in the government schools of West Bengal, although passed by the government, don't get proper nutritious food to eat because the teachers, principals and staffs steal them for their homes. Kids don't get to eat eggs or fish daily in the first place. And now when the whole deal is given to ISCKON, people are showing outrage, as I have attached in the pictures. Every other sub, every other news channel and article is talking about how the government is not doing right, how BJP is slowly banning fish and eggs and will soon ban meat for their own propaganda, how blind the current CM is and many more and bashing ISCKON, giving out reports of how rajma, panner, dal is not equivalent in nutrition as eggs and how highly disturbing it is. Although it's agreeable that eggs do provide huge amount of nutrition and kids should have 2 boiled eggs daily, but it is also true that dairy, meat and eggs are the products of animal cruelty but again, it is an essential food item for the development of children, their body and brains. The outrage is wild that it feels more like the CM and Bengalis committed some crime. I want to get to know your opinion on this. If it's good, why? If it's bad, why? I want to know from every perspective and point of view. more less https://www.reddit.com/gallery/1uf4ps1",,2026-06-25,https://old.reddit.com/r/KrishnaConsciousness/comments/1uf4ps1/mid_day_meal_to_isckon_what_about_it_whats_going/
1ueyer8,reddit,"Need 1 main CC suggestion after recent devaluations. My spends: Blinkit/BB groceries, offline groceries, dining, mall/offline shopping, online shopping, and occasional travel. Considering HDFC Regalia Gold, Axis Horizon, HSBC TravelOne. Which is best, or any better alternative? /r/u_mohitautomation/comments/1ueyc5k/need_1_main_cc_suggestion_after_recent/",,2026-06-25,https://old.reddit.com/r/credit_cards/comments/1ueyer8/need_1_main_cc_suggestion_after_recent/
1ueyc5k,reddit,"Need 1 main CC suggestion after recent devaluations. My spends: Blinkit/BB groceries, offline groceries, dining, mall/offline shopping, online shopping, and occasional travel. Considering HDFC Regalia Gold, Axis Horizon, HSBC TravelOne. Which is best, or any better alternative? And also i am having salary account in icici and didn’t getting any benefits out of it should i change my salary account with HDFC, AXIS or HSBC or any other alternative please do let me know? more less",,2026-06-25,https://old.reddit.com/user/mohitautomation/comments/1ueyc5k/need_1_main_cc_suggestion_after_recent/
1ueiskf,reddit,"Wrong time to post but I feel like I'm losing brain cells after coming back home. Disclaimer/TW/CW: I don't know what I'm trying to achieve by writing this post. Maybe sympathy? Maybe just the feeling of being heard and seen but I just hope something good comes out of it. I know I'm not the only one struggling and everyone has it hard in life but I just wanted to speak about myself without overthinking this or downplaying my struggles. That being said, if you're going through something stressful in life, I advise you to not read this post as it's just me trauma dumping and it may be stress inducing for you. It's a long post and I haven't given a tldr as that doesn't cover what I'm writing and this isn't important to read anyway. During mbbs abroad, I always had people around me missing home. They'd cry remembering their family, they'd cry while leaving home after vacations. I was counting days I had left abroad. I didn't want to return. I knew I had to so I did and I knew that phase had an expiry date on it. I had logically accepted it but emotionally I had no desire to come back. It's hard to explain why. Life abroad was tough and shitty. It was hard, incredibly lonely and dangerous but that felt better somehow. It's not like I have incredibly abusive family or something. There have been certain things, sure, but almost every Indian has had unpleasant experiences and they still wanted to be with their family. I don't know what's wrong with me to not want that. I was exploring my options of staying abroad but I was seriously struggling with a disease alone and had no one beside me for a year. If something happened to me abroad needing emergency, I knew I'd be gone without any help. My parents were calling me back desperately, saying I'd finally have a comfortable life back home. I remember starting household chores at home at age ten and it never stopped after that. I was the zepto and blinkit of my family. My mom would forget listing out items and I would run to the market 3-4 times daily. Do household chores and wonder why I'm not smart as others in my class. I didn't know majority of them had free time to themselves. I took the blame whenever parents scolded me for not trying hard enough. We had to shift our rented house every year almost due to issues with the landlords and my parents scheduled it during my vacations so I could pack, move, and arrange all household things. I remember during this hard labor everyday for a week, working throughout the day and the night before going for a shower and getting one hour sleep and catching flight back to spend seven hours in flight, drag my luggages, travel another six hours to reach my city and finally getting few hours of rest before going to college because missing a day of college wasn't an option (fines). The idea of coming home to rest used to feel fake and absurd no matter how sweet it sounded. But the pandemic really reset my family's brain in positive ways, so I had started believing in positivity too. Before the pandemic, the males in my family contributed nothing to household chores because alpha males don't do that. Mom was sick so the burden was on her (however much she could do) and me. Before anyone thinks that they must be earning, yes dad used to earn but he entered his soft girl era when I was in 7th grade and stopped looking for a job after he was let go of during global recession. That phase continued for a decade so my mom, brother and I were also financially abandoned for that time period. My mom thankfully had gotten better health-wise after her final surgery and she was able to look after the house financially. My brother was a school dropout because of his mental illness and couldn't do anything because of it. The burden of carrying and elevating the family lied on me. After my second drop, I wanted to go to Kota to give myself a final try but my dad didn't want to send me there because he really suspected I would off myself (I didn't had such plans) so he looked into alternate options and with the help of mom's earning+extended family+generous strangers+school alumni scholarship+odd jobs I did I was able to go abroad and complete my degree. I don't even know how I got through that phase as every semester there was an uncertainty of me reaching the finish line. I could've had to drop out any moment but somehow everything worked out. The pandemic did bring my family closer. Dad started paying more attention to home and family, mom finally got help from dad at home, brother finally realised that bedrotting is not the way to life (although he took four more years to comply to his treatment and do something). Currently my family looks really nice. Coming back home, my plan was to get a diagnosis for whatever health stuff was going on with me, start treatment, course correct, continue my two jobs, prepare for fmge, complete internship, get license, and go to another country for a job (it was already secured through the job I was doing). I enter home (visiting after almost three years) and it is a hoarder's mess. My mind got a little dizzy just by the amount of clutter everywhere. One room from our 2bhk was completely unusable including the bed. I had no place to sleep and had to crash on the couch or squeeze on my parent's bed. I cleaned the bed in the unusable room but my brother took it so I had to sleep sometimes in the room in which he works night shift with the lights and voice on but at least we have AC there, or on the hall floor near the kitchen but mom used to use the kitchen (which isn't separated from the hall at all) throughout the night for my brother so I didn't get restful sleep for a whole year. I would run to NMC again and again for my EC and my dad would blame me for it. I had no time to get my health checked as I was also doing two jobs online and trying to prepare for my exam but my health started deteriorating at the speed of light. Almost like as soon as I came to India, my health got 100x worse in a month and kept declining. In three months, I was rushed to the emergency in the middle of the night and the scans were concerning so now it was hard to ignore. Went through the multiple consultations stuff at AIIMS and other government facilities and everyone knows how long it takes. I had to let go of one of my jobs (which was the higher paying one) because I just couldn't handle the stress at all. I got diagnosed with an incurable disease that has limited treatment options which doesn't work and it keeps getting worse (Not a fun news for a doctor). It got so worse that I became bed ridden for two months and failed my first attempt. My dad would criticize me saying it'll take me ten attempts to pass and my mom would criticize me for being sick and not working. I got onto a treatment that worked in some ways but had severe side effects that it made my mind crazy and su*cidal so I had to stop it after six months. Failed my second attempt during this time period and lost my second job too. Dad was asking for ROI. Mom was calling me selfish for not working at home like she had to during her illness. (It took them one whole year to acknowledge I have an illness and it's better now than before :)). After the second attempt failure, I took radical self responsibility to give myself as much comfort as possible. I kicked my brother out of the room I had cleaned for myself and could finally have a place to get enough restful sleep and quiet. I said I needed the room for studying and I planned to but I haven't really studied in past five months. I switched to the expensive treatment that made my mental health better and worked through my past traumas. I just relaxed and let myself be. I spent almost a month in flares and pain and other four months, I just rested. I talked to people online, processed whatever was weighing heavy on me, got into terms with a body that just refuses to function, really reduced stress. I didn't mindlessly watch series or movies, not even one but I just let myself learn random things that interest me and talk to people and just eat and sleep well. I'm not prepared for this third attempt but I couldn't care less. Not that I don't care about my career or I don't love medicine. I do and I'm very interested but I just can't bring myself to stress about it or anything else. I feel okay with whatever happens, now, and in the future. I feel okay to just let the pressure go for a while and just breathe and live. I feel okay if I don't make it big in life or I'm not able to bring my family out of debt or fulfill theur dreams or make a family of my own or go on family vacations to other countries. I don't even know if I'm right or wrong here but I just have no desire to hustle now. I may live a life 10x smaller than what I envisioned but I just can't bring myself to care about changing my circumstances. I don't know if this is something positive or it is something arising from a mental pathology (sometimes I feel really positive but other times I feel I'm losing brain cells as I used to be so full of spirit when I was abroad and used to believe in possibilities and just make so much happen and had so much more self-belief, confidence, and will) and I will utilise professional mental therapy modalities after this attempt but I just thought of writing all of this here, don't know why exactly. I don't know what I'm trying to achieve by writing it here but if you have anything at all to say to me, I'll be glad to listen to it) more less",,2026-06-24,https://old.reddit.com/r/fmge/comments/1ueiskf/wrong_time_to_post_but_i_feel_like_im_losing/
1ucyh0w,reddit,"This Week's Top E-commerce News Stories 💥 June 22nd, 2026 Shopify General Discussion Shopify General Discussion Hi r/Shopify - I'm Paul and I follow the e-commerce industry closely for my Shopifreaks E-commerce Newsletter, which I've published weekly since 2021. I was invited by the Mods of this subreddit to share my weekly e-commerce news recaps (ie: shorter versions of my full editions). Although my news recaps aren't strictly about Shopify (some weeks Shopify is covered more than others), I hope they bring value to your business no matter what platform you're on. Let's dive in to this week's top stories from Edition #283... STAT OF THE WEEK: OpenAI burned through $3.7B in cash in the first quarter of 2026, more than half of its $5.7B in revenue, with both figures roughly tripling from a year earlier, according to documents the company shared with shareholders and reported by The Information. It ended the quarter with more than $73B on hand after its March funding round, a cushion big enough that it may not need to raise again soon or rush to go public. The company posted a $9.3B operating loss, though its gross margin rose to 39% from 33% a year earlier, suggesting the core business is getting more efficient as it scales. Shopify released its Spring '26 Edition, dubbed The Everywhere Edition, which is a great name for it given that the edition features “150+ updates that put your products everywhere people are buying.” A recurring theme that I've written about extensively in 2026 is how Shopify is turning the entire Internet into a marketplace for its merchants, and that theme is demonstrated throughout this edition. The backbone is Shopify Catalog, which structures product data and feeds it to AI surfaces like ChatGPT, Copilot, and Google's AI Mode, alongside the Universal Commerce Protocol, the open agentic-commerce standard Shopify co-developed with Google, both on by default for merchants. A new Agentic Storefronts dashboard lets merchants manage those AI channels and see orders, sales, and conversions from each in one view, with search intelligence surfacing the AI queries they don't yet rank for. Shopify also opened Shop Pay to brands not on its platform for the first time, giving them access to its 250M-plus Shop shoppers and one-click checkout. Faire , the wholesale marketplace partially owned by Shopify, opened its platform to business-user buyers, which include companies like hotels, medical practices, and event planners buying wholesale products for their own operations rather than for resale. Since launching in 2017, Faire has catered to retailers, who purchase items wholesale to resell in their own stores. However, the company says that there's been “a large, underserved segment of wholesale demand” from these business-use buyers that it's now aiming to cater to. Faire says that many of its brands are already serving business-use buyers, but have to do so through cumbersome outside workflows, whereas now, they can capture that demand on Faire's platform, which is already integrated with the rest of their tech stack. I think it's a brilliant move! Why let Amazon and Walmart have all the B2B fun? Chances are, Faire brands are selling on those B2B platforms anyway, and now this gives Faire the ability to take a piece of that market leveraging their existing seller base. Uber Advertising launched a set of “Offsite Ads” that for the first time extend its first-party data signals beyond its own apps to reach consumers on Meta and Google Shopping, while tracking the results back to Uber Eats orders and store visits. This is the first time that Uber has looked beyond its own apps to sell ads, and comes at a time when its ad business is already surging, having surpassed $2B in ad revenue last year. The move turns Uber's ride and delivery data — covering meals, errands, events, and destinations — into a targeting layer brands can use off-platform. Alongside the launch, Uber unveiled new ad formats, including spots that appear within the Uber ride-sharing app, allowing brands to offer sponsored discounts to riders and brand takeovers on Uber Eats. For example, one new in-app format offers a shoppable menu carousel that lets users add items straight to the cart. The move pushes Uber deeper into the commerce-media race against DoorDash, which rolled out its own full-stack advertising expansion just a few days earlier. Using Anthropic and OpenAI is like writing a blank check and depositing it into a black box. You're authorizing spend you can't see, against limits you can't track, on work you can't audit for efficiency. That's the basis of a proposed class-action lawsuit by a Claude user who is suing Anthropic over its $100 Max 5x and $200 Max 20x coding tiers allegedly delivering far below the advertised capacity. The plaintiff, Karl Kahn, says he blew through his caps almost immediately after upgrading, once burning 15% of his entire weekly allowance in a single five-hour session. The lawsuit targets whether Anthropic delivered upon its advertised usage limits. However, the real question is less about whether it's delivering on all promised tokens, and more about whether it's efficiently using those tokens. Anthropic is already moving away from unlimited and capped plans toward usage-based plans, so the “5x” or “20x” become irrelevant, but the question over how Claude uses your tokens remains. When AI companies charge based on usage, how efficient they are with your tasks becomes a YOU problem, not a THEM problem. New York Democrat Representative Dan Goldman introduced a bill that would give BNPL users the same legal protections credit-card holders get, an area where they currently have no federal safeguards. The Buy Now, Pay Later Consumer Protection Act would require BNPL providers to spell out fees clearly, send periodic statements, give borrowers a window to pay before they're hit with late fees or dinged on their credit, and grant dispute rights like refunds on returns and protection from unauthorized charges. If this sounds familiar, it's because the bill is very similar to one proposed in December 2025 by U.S. Senators. That one was called The Buy Now, Pay Later Protection Act, while this new one from Goldman is called The Buy Now, Pay Later Consumer Protection Act. LOL, the names keep getting longer, but the lack of consumer protection in the space remains the same. Meanwhile, states aren't sitting around waiting for Congress to figure their shit out (because that might be a while)… Last week, Illinois passed its own bill requiring BNPL lenders to register with the state, disclose terms, and weigh a borrower's ability to repay before extending Pay in 4 and other point-of-sale installment loans. The bill now heads to the Governor for approval. This follows New York unveiling the nation's first comprehensive regulatory framework for BNPL lenders this past March, stepping in on a state level to fill the regulatory gap that the CFPB left. Meta introduced AI Mode , a new search tab powered by its Muse Spark model that answers questions using information curated from public posts within its apps instead of the broader web. Muse Spark is the company's first major model developed by Meta Superintelligence Labs, which is headed by former Scale AI CEO Alexandr Wang, and debuted in April. I think it's a great idea for Meta to populate answers from its own trove of user generated content. It's the biggest way Meta can stand out in the search world, and it's no different from what Google is doing in partnership with Reddit. However, some are questioning the integrity of its answers and whether we should trust information generated from your crazy uncle's Facebook posts. Meta's AI Mode won't be perfect — no AI is. However, it's about time that Meta got serious about search, again, especially if they plan on pushing deeper into commerce, again. Meta is leaning harder into livestream shopping, putting its live-video shopping ads on Instagram and rolling them out worldwide on Facebook. New Facebook tools let viewers shop promoted items mid-broadcast without leaving the stream, powered by live-shopping platforms like CommentSold, Firework, and TalkShopLive. Meta also introduced virtual cards for shoppers, which are temporary numbers tied to the Mastercard or Visa they already have, so they never hand a merchant their real card details. (Meta's like, “We know we have scams on our platform, so here's a virtual card so that you only get ripped off by this one purchase instead of having your credit limit maxed out.”) On the creator side, Meta is expanding its affiliate partner program, allowing creators to earn commissions by tagging products from India's Flipkart, Latin America's Mercado Libre, and soon Lazada across Asia. Lastly, the company is automating product ad creation. Advertisers can simply supply raw product data and creative assets, and Meta's AI system builds a tailored ad format for each individual viewer on the fly. OpenAI is moving to automate ad creative, the most labor-intensive part of advertising, with updated terms revealing AI tools that let advertisers generate, modify, optimize, and localize their assets, according to Digiday. For the pilot's first four months, OpenAI required advertisers to upload their own creative, whereas the new tools hint at handling more of the production. Advertiser beware though, because its policy disclaims responsibility for errors in what the AI generates and leaves the task of reviewing the output to the advertiser (which is fair in my opinion). The tools would put OpenAI on par with Meta and Google, which offer AI creative generation through Advantage+ and Performance Max, and in direct competition with platforms that specialize in AI ad creative generation including AdCreative-ai, Pencil, and Cuttable. Shopify shareholders voted down a proposal calling on the company to adopt a formal AI policy, with just under 14% backing it at the company's annual general meeting. The Shareholder Association for Research and Education (SHARE) brought the measure on behalf of the United Church of Canada's pension plan, arguing that generative and agentic AI carry risks around human rights, misinformation, and erroneous automated transactions. Shopify's board urged a no vote, calling the proposal disconnected from how it builds technology and saying its existing contracts and terms of service already set guardrails around AI, though proponents of the AI policy say those contracts don't provide enough transparency into Shopify's AI risk management and governance controls. SHARE said it expected to lose the vote, given Shopify's dual-class share structure and the founder share that gives CEO Tobi Lütke 40% of the voting power on top of his Class B stake, which makes any shareholder proposal the board opposes nearly impossible to pass. The news follows my report from earlier this month about how Shopify wants governments to stay out of its way with AI regulation. Amazon launched a new program called Brand Elevation that gives brand-submitted data priority over third-party sellers in how products are described and stops them from creating new catalog listings for items unless the brand authorizes them to do so. Amazon says that the new offering gives brands a “competitive advantage on the detail page” and “eliminates catalog errors” caused by incorrect data from third-party merchants or its systems overriding brand-submitted information. However, The Information framed the move as Amazon giving brands “priority over independent merchants” as it courts larger brands like Nike and Estée Lauder to its platform. I think that the change is long overdue and will benefit consumers and brands alike by creating a single source of truth for product information and helping customers avoid counterfeit merchandise. That said, I do understand the limitations it puts on resellers, who effectively now need a brand's approval to sell items that the brand itself doesn't list on Amazon, which may push them to other marketplaces. Google launched an AI tool called “Ask Ad Manager” that helps publishers troubleshoot campaigns and cut down on slow, repetitive manual work involved with selling and managing ad space on their sites. Initially the tool covers three problem areas: 1) diagnosing why a campaign is underperforming, 2) answering detailed questions about how specific bidders are doing and how campaigns compare to industry benchmarks, and 3) steering publishers to suggested fixes or the data they need. Trials started in mid-June with publishers including Yahoo, which built Ad Manager into its own agents, with Google planning to ship developer tools later in the year to support more workflows. For now, Ask Ad Manager doesn't take any automated action and a human must apply any suggestion, but Google frames it as an early step toward a broader agentic advertising system where AI handles inventory, pricing, and negotiations. LGBTQ+ consumers are steering their spending away from Target, Walmart, and Amazon over what they see as those companies' retreat from diversity commitments, according to a new survey from the Human Rights Campaign Foundation. Nearly 72% of LGBTQ+ respondents said they buy fewer products from brands they view as pulling back on DEI, with Target, Walmart, Amazon, Chick-fil-A, and Home Depot named most often. Conversely, 70% said they bought more from brands they consider inclusive such as Costco, Apple, Ben & Jerry's, Delta, and Kroger. LGBTQ+ consumers represent more than $1.4T in annual U.S. spending power, according to the HRC Foundation's estimate, which is around 7% of annual consumer spending in the U.S. One important thing to note though is that the survey respondents indicated that they bought “fewer” or “more” from certain businesses, not that they “didn't shop” or “exclusively shopped” at those places, so the true economic impact is only a fraction of that $1.4T buying power mentioned. Carvana is extending its all-online sales model to new cars, rebranding its Stellantis franchise dealerships as test-drive centers and “playgrounds” rather than places that sell new vehicles. For example, the company's Dallas test location has no finance offices or commission salespeople, just hourly associates and QR codes that let shoppers customize and test-drive vehicles before buying through Carvana's website, where the cars are actually sold. Carvana has spent more than $171M acquiring several Stellantis dealerships and won approval as the automaker's certified website provider, giving it a unique advantage over rival dealers. Its online-only approach breaks from a franchised-dealer model that NADA says topped $1.3T in U.S. sales last year, while Carvana now ranks as the most valuable U.S. auto retailer, with a market cap above $70B — though Amazon is coming for its lunch with Amazon Autos. Pinterest is expanding its AI-powered Performance+ ad suite and Shopify integration with two updates aimed at SMBs, including a new customer acquisition feature and a one-click campaign setup for Shopify merchants. The new customer acquisition update lets advertisers feed in their existing customers so its AI can steer bids and delivery toward similar high-intent shoppers, with the option to weight new buyers more heavily through value rules. Pinterest says early testing of the tool, which reminds me of look-alike audiences on other platforms, raised new-customer conversions by 64% on average, which is a pretty big lift! The second update lets eligible merchants launch a Performance+ shopping campaign directly from Pinterest's Shopify integration, with best practices enabled by default, and is part of Pinterest's broader push to pull more small businesses onto the platform. TikTok Shop's top sellers are overwhelmingly products people wear, apply, or consume, driving over two-thirds of revenue across the 1,000 best-selling U.S. products, according to Marketplace Pulse. Three categories take most of the sales with beauty and personal care at about 30%, health and wellness around 20%, and apparel near 17%, leaving home goods, electronics, automotive, pets, books and the rest to split what's left. The median top product sells for about $40 and roughly two-thirds of items are priced under $50, with 1% of sellers driving about 60% of GMV on the platform. Marketplace Pulse notes that 13 of the 20 biggest sellers from TikTok Shop's first full year still rank among the 1,000 top sellers, including medicube, Halara, MERACH, Goli, tarte, and MaryRuth's, which together make up about a quarter of tracked branded revenue. Amazon is testing software that reassigns warehouse workers to different sections of the facility in real time as package volumes shift in a similar way it's automated the routing of packages throughout facilities, according to documents seen by Business Insider. The tool, called Full Facility Load Balancing, rechecks staffing every three minutes or so and flags workers to move from overstaffed spots to busier ones, which the documents project could save nearly 7M labor hours and $193M a year — while helping to ensure that employees never get a single moment of reprieve while on the clock. Amazon disputes those numbers, calling them inaccurate and drawn from hypothetical models, not real productivity, and says managers stay in charge while the tool just feeds them faster information. The pilot targets Container Build, which is where workers load packages into outbound carts, and aims to reach every robotics-enabled fulfillment center it runs in North America this year. LLMs.txt , the file many publishers have adopted to help get their content surfaced by AI, was never built for that purpose and won't deliver it, according to Google's John Mueller. On Google's Search Off the Record podcast, Mueller said that one of the creators of LLMs.txt told him it was originally meant to help an AI that already knows a site find more of its pages, not to make a site discoverable. Okay, so it helps an AI discover more of a site's pages? I feel like we're debating semantics here. He also called the format inherently untrustworthy, since it lets a site owner simply assert what their content is about, something an LLM has no reason to believe, and stressed that discovery and ranking still run through a site's HTML. Mueller pointed to Google's WebMCP as being a better fit for e-commerce, since it gives AI agents specific abilities like filtering products, comparing them, and adding items to a cart, though he said that no agentic standard has won out yet. TikTok Shop sellers have been luring shoppers into livestream auctions with iPhones and iPads, then awarding most winners cheap prizes like teddy bears and charging cords, according to a WIRED investigation. Through a feature called Surprise Sets, which was added to TikTok last year, auction hosts create buckets of up to 500 prizes, and whichever viewer bids the most walks away with a random prize from the lot. The problem is that aside from a handful of high value items, most of the prizes are junk, which has pissed off a lot of buyers. WIRED reached out to TikTok for comment during the investigation, and one day later, the company rolled out a change to its livestream policies that prohibit hosts from including iPhones, iPads, televisions, diamonds, gift cards, or precious metals as part of the prizes available during a Surprise Set, a change that TikTok claims was already in the works. TikTok bans gambling and says it does not consider the auctions gambling, but what the fuck else are you supposed to call it when you pay money to spin a wheel and win a prize? Speaking of gambling… Polymarket paid creators to stage fake winning bets on lookalike versions of its website, according to a Wall Street Journal investigation, which found that none of the roughly $1.9M in bets shown across 1,105 videos were genuine. The campaign cuts against the company's core pitch that every real trade settles on the public Polygon blockchain in USDC where anyone can audit it, since the staged trades ran on dummy sites that no ledger could verify. One clip showed a creator winning $100,000 on a bet that Trump said “McDonald's” in January, an event that never happened, while public data shows more than 50 real accounts placed that bet and all lost. Creators, who were mostly college-aged, earned $2,000 to $3,000 a month and were told not to disclose the payments, while Polymarket hired a marketing firm to push the clips past 140M views. So an off-shore gambling website that's riddled with insider trading faked bet outcomes to grow in popularity? Color me surprised… BNPL is coming to video games and ride sharing! Wait, why did I use an exclamation point? That's not really a good thing… Xbox appears to be preparing a BNPL option for its products, according to code found by a data miner on Xbox's website that names PayPal and Klarna. Microsoft neither confirmed nor denied the news, nor did they provide any clarification about whether BNPL was potentially coming to video consoles, video games, or both. Meanwhile in Europe, Klarna has partnered with Bolt , a European ride-hailing app, to integrate its BNPL payment options across Sweden, Germany, Finland, and Norway. Personally, I don't think video games or ride-sharing should be so cost-prohibitively expensive that customers need to pay-in-4, but now they can. Though to be fair, Klarna positions the integration as part of its push into Pay in Full methods. Did you know that someone made a documentary about the scandal involving eBay executives cyberstalking Ina and David Steiner of EcommerceBytes? I had no idea! Liz Morton of Value Added Resource, who has been covering the scandal for years, wrote that “Whatever It Takes: Inside the eBay Scandal,” which is streaming on Amazon Prime of all places, omits the context that would make it more than a “few bad apples” story. Morton said the film never names SVP Wendy Jones, the security chief's direct supervisor and later a defendant, nor the anonymous critic “unsuckEBAY” whom executives sought to unmask, and framed the case as a “workplace vendetta” rather than a corporate attack on journalists and protected speech. She also pressed on governance threads the film sidesteps, including the 8-figure exit packages for departed executives that eBay declined to claw back, founder Pierre Omidyar's silence, and the film's own ties to Omidyar-adjacent media networks. Whether or not the documentary falls short, it sounds scandalous! I'm going to need to give it a watch. Amazon's Prime Air drone delivery sparked protests in Richardson, Texas, where residents say the 80-pound drones crossing over their homes and schools have turned the sky into a “drone highway,” or as Kenny Loggins likes to sing, “a highway to the danger drones!” Neighbors are complaining about the constant noise from low-flying flights they estimate at barely 100 feet that pass by every few minutes, with one person saying she can hear them in her home even with the TV on. Residents also say they got little warning before the program launched and that complaints they've brought to the city and the FAA have brought no results, while Amazon contends that customer reaction has been strongly positive and that it's responded to concerns, such as raising altitudes and rerouting some flight paths. Kroger's e-commerce operations were profitable for the first time in its most recent quarter, with digital sales up 19% YoY, after grocery delivery drew a “record number” of new customers to its e-commerce platform. Notably, orders delivered in less than one hour represented about half of Kroger's e-commerce growth during the quarter. Outside of e-commerce, the company's retail media business grew more than 20%, while comparable sales excluding fuel rose just 1%, down from 3.2% a year earlier, total sales rose about 2% to $46.1B, and operating profit grew more than 6%. Kroger's new CEO Greg Foran, who previously led Walmart's U.S. business, said about 60% of Kroger's stores need to improve and that the chain has grown its footprint too slowly against rivals, but expects e-commerce to continue expanding. In lawsuits this week… Amazon is facing a possible FTC lawsuit over claims it misled advertisers about the terms and pricing behind the sponsored listings that sit above (and between, and below) its product search results, according to Bloomberg sources. The case could carry billions of dollars in civil penalties due to the involvement of several state attorneys general, whose consumer protection laws allow daily fines beyond the federal limits on what the FTC can collect on its own. TikTok is being sued by Florida Attorney General James Uthmeier for allegedly violating HB3, the state's online child-protections law, by letting children under 14 create accounts and admitting 14 and 15 year olds without parental consent. The complaint also accuses the app under Florida's deceptive-practices act of using design features built to hook kids and misleading parents about its sexualized, drug-related, and mature content. Uthmeier is seeking financial penalties and an injunction forcing compliance, while TikTok says it's engaged in good faith and has already begun suspending under-14 accounts in the state. Meta may face a revived antitrust suit after a group of Facebook users petitioned the 9th Circuit to reinstate their dismissed case alleging that the company monopolized the market for “personal social network services” and used that dominance to harvest user data without paying for it. The plaintiffs argue that a jury rather than a trial judge should have weighed their estimate that, in a competitive market, Meta would have to pay users about $5 a month for their data. The suit runs parallel to a separate FTC antitrust case Meta also defeated and is now appealing. xAI lost its trade-secret suit against OpenAI after a federal judge dismissed it with prejudice, ruling Elon Musk's company failed to show that OpenAI improperly obtained confidential information about its Grok chatbot and that asking a former xAI engineer about his prior work during recruiting was routine hiring, not inducement to reveal secrets. The dismissal marks Musk's second courtroom loss to OpenAI in four weeks, after a jury in May rejected his $150B suit alleging OpenAI abandoned its nonprofit mission. Meta failed to get an adult-film copyright suit dismissed, with a federal judge ruling the producers don't have to prove their films trained Meta's AI because the downloading itself is the infringement. The judge also rejected Meta's claim that employees grabbed the content for personal use, pointing to 47 corporate IP addresses pulling thousands of files between 2018 and 2025 as evidence of systematic collection. Meta must face a copyright suit from Eminem's publisher Eight Mile Style over allegedly hosting 243 of the rapper's songs without a license across Facebook, Instagram, and WhatsApp. The publisher is seeking $150,000 per work x 243 songs x 3 platforms, putting the total potential damages at around $109M. It'd be hilarious if Meta argued that “Facebook, Instagram, and WhatsApp” are part of just “one platform called Meta” to save money, and then later that argument came to bite them in the ass in a different lawsuit! Speaking of Meta copyright infringing songs… Meta asked a federal court to throw out another copyright and defamation suit, this time from Wixen Music Publishing, which is seeking over $102M across 681 songs. Meta is attempting to frame the case as a routine licensing dispute, after a deal between the two companies lapsed in December 2025, but Wixen counters that Meta cut rates to swap songwriter-made music for royalty-free AI-generated tracks in an effort to squeeze independent publishers holding out for fair pay. Without any information whatsoever about this case, I'm going to side with Wixen. Last but not least in music publishing lawsuits… X asked a federal court to throw out the NMPA-led music publishers' copyright suit accusing it of infringing more than 2,000 songs and seeking up to $150K each, a case which dates back to June 2023 when the platform was still Twitter. (To many, it is still Twitter. LOL) X argues that the Supreme Court's March Cox v. Sony ruling shields it from infringement, an argument Meta is using in some of its cases too. Three Amazon software engineers filed a civil-rights complaint alleging the company retaliated against them for backing data-center regulation before the Seattle City Council, claiming each was pulled into an HR investigation with firing on the table a day after the council passed a 12-month ban on big new data centers. Amazon disputes the allegations, saying it's only checking a possible breach of its policy against speaking for the company without approval and that it never threatened to fire them. In corporate shakeups this week… Fiserv named Takis Georgakopoulos CEO effective immediately after Mike Lyons abruptly left to run Truist Financial, making him the company's second chief executive in two years as it fights to recover from an earnings slump that's cut its stock more than 70%. Noam Shazeer, the Google DeepMind researcher and key author of the original transformer paper behind modern GPT models, is leaving Google's Gemini team to join OpenAI, two years after Google brought him back through a $2.7B deal for his startup Character-AI. Barret Zoph , OpenAI's head of enterprise AI sales, departed just five months after returning to the company, having rejoined in January following his abrupt exit from Mira Murati's Thinking Machines Lab over alleged misconduct involving an undisclosed relationship with a colleague. BigBasket , the Tata-backed Indian quick-commerce and online grocery platform, replaced co-founder and CEO Hari Menon with longtime Amazon India executive Amit Nanda as it fends off fierce quick-commerce competition from Blinkit, Zepto, and Swiggy Instamart. X is trying to poach Meta engineers with a cheeky pitch to “match or even exceed any snack budget offer,” after Meta CTO Andrew Bosworth said the company would upgrade office-kitchen snacks to lift morale following repeated layoffs. Really? Snacks? Meta is so freaking out of touch, it's insane. Amazon has withdrawn from distributing “Artificial,” a scripted feature film about OpenAI CEO Sam Altman, amid Amazon deepening its business relationship with OpenAI and as the AI firm prepares to go public, according to Puck. The film features Altman and Elon Musk, painting neither in a flattering light, which some people believe may have influenced Amazon's decision. Amazon has not linked the exit to its OpenAI partnership, but the timing is anything but coincidental, as the news just broke earlier this month that OpenAI confidentially filed for an IPO. Well, I hope someone else distributes the movie instead because I want to watch it! President Trump said he viewed Anthropic as a threat to national security as of last week, but relations have since improved, in an exclusive interview with “The Axios Show.” When asked whether Anthropic or its CEO, Dario Amodei, posed a threat, Trump said “not now, but a week ago, maybe,” and called Amodei nice and smart after the G7 event. His remarks follow a crackdown in which the Commerce Department blocked everyone outside the U.S. from Anthropic's top models and the Pentagon flagged it as a supply-chain risk, set off by an Amazon report on a vulnerability. Anthropic said it's grateful for the administration's partnership in resolving the matter. See my coverage from last week for more details about what led up to Trump's comments. Amazon is in talks to sell its Trainium AI chips for use in other data centers, according to Amazon VP Peter DeSantis. Until now, the chips have been available exclusively through Amazon Web Services, but now DeSantis says, “We view AI infrastructure as rapidly evolving, and we're constantly looking at ways to get to more customers.” DeSantis dismissed the worry that selling Trainium outside AWS could undercut Amazon's cloud business, citing heavy underconsumption in AI, with the chip's third generation already sold out and a fourth drawing interest. The move follows Google opening its own TPUs to outside data centers in April and builds on CEO Andy Jassy's projection that external sales could roughly double Amazon's annualized chip revenue toward $50B. Etsy launched a “Shop Other Jeffs” marketing campaign that spotlights the more than 5,000 independent sellers named Jeff on its platform, taking a shot at Jeff Bezos right before Amazon's Prime Day, which starts tomorrow. The campaign features the tagline “one Jeff should not rule commerce” and showcases makers like a North Carolina potter, a Tahoe woodworker, and an Ann Arbor lighting designer, framing Etsy's nearly 6M sellers as a values-driven alternative to convenience-first shopping. The ads roll out across broadcast TV, streaming, paid social, and out-of-home activations in NYC, Seattle, and DC, including, with the irony fully intended, placements on Amazon Prime Video. 🏆 This week's most ridiculous story (and speaking of Jeffs)… Jeff Bezos predicted that AI will create more jobs and even cause a labor shortage rather than make workers redundant, pushing back against fears that the technology will wipe out large numbers of jobs. And when exactly will that happen, Jeffrey? In our lifetimes or in like three generations from now? He argued at a Paris tech conference that people are held back by barriers technology can remove, not by limited ambition, and that AI will unlock new opportunities and increase demand for human labor. The claim contradicts what everyone else is actually seeing happen in the market right now. Plus 16 seed rounds, IPOs, and acquisitions of interest, including Salesforce acquiring Fin for $3.6B. I hope you found this recap helpful. See you next week! PAUL PS: If I missed any big news this week, please share in the comments. more less",,2026-06-22,https://old.reddit.com/r/shopify/comments/1ucyh0w/this_weeks_top_ecommerce_news_stories_june_22nd/
1ucygom,reddit,"What's new in e-commerce? 🔥 Week of June 22nd, 2026 Hi r/ShopifyeCommerce - I'm Paul and I follow the e-commerce industry closely for my Shopifreaks E-commerce Newsletter . Every week for the past 5 years I've posted a summary recap of the week's top stories on this subreddit, which I cover in depth with sources in the full edition. Let's dive in to this week's top e-commerce news from Edition #283... STAT OF THE WEEK: OpenAI burned through $3.7B in cash in the first quarter of 2026, more than half of its $5.7B in revenue, with both figures roughly tripling from a year earlier, according to documents the company shared with shareholders and reported by The Information. It ended the quarter with more than $73B on hand after its March funding round, a cushion big enough that it may not need to raise again soon or rush to go public. The company posted a $9.3B operating loss, though its gross margin rose to 39% from 33% a year earlier, suggesting the core business is getting more efficient as it scales. Shopify released its Spring '26 Edition, dubbed The Everywhere Edition, which is a great name for it given that the edition features “150+ updates that put your products everywhere people are buying.” A recurring theme that I've written about extensively in 2026 is how Shopify is turning the entire Internet into a marketplace for its merchants, and that theme is demonstrated throughout this edition. The backbone is Shopify Catalog, which structures product data and feeds it to AI surfaces like ChatGPT, Copilot, and Google's AI Mode, alongside the Universal Commerce Protocol, the open agentic-commerce standard Shopify co-developed with Google, both on by default for merchants. A new Agentic Storefronts dashboard lets merchants manage those AI channels and see orders, sales, and conversions from each in one view, with search intelligence surfacing the AI queries they don't yet rank for. Shopify also opened Shop Pay to brands not on its platform for the first time, giving them access to its 250M-plus Shop shoppers and one-click checkout. Faire , the wholesale marketplace partially owned by Shopify, opened its platform to business-user buyers, which include companies like hotels, medical practices, and event planners buying wholesale products for their own operations rather than for resale. Since launching in 2017, Faire has catered to retailers, who purchase items wholesale to resell in their own stores. However, the company says that there's been “a large, underserved segment of wholesale demand” from these business-use buyers that it's now aiming to cater to. Faire says that many of its brands are already serving business-use buyers, but have to do so through cumbersome outside workflows, whereas now, they can capture that demand on Faire's platform, which is already integrated with the rest of their tech stack. I think it's a brilliant move! Why let Amazon and Walmart have all the B2B fun? Chances are, Faire brands are selling on those B2B platforms anyway, and now this gives Faire the ability to take a piece of that market leveraging their existing seller base. Uber Advertising launched a set of “Offsite Ads” that for the first time extend its first-party data signals beyond its own apps to reach consumers on Meta and Google Shopping, while tracking the results back to Uber Eats orders and store visits. This is the first time that Uber has looked beyond its own apps to sell ads, and comes at a time when its ad business is already surging, having surpassed $2B in ad revenue last year. The move turns Uber's ride and delivery data — covering meals, errands, events, and destinations — into a targeting layer brands can use off-platform. Alongside the launch, Uber unveiled new ad formats, including spots that appear within the Uber ride-sharing app, allowing brands to offer sponsored discounts to riders and brand takeovers on Uber Eats. For example, one new in-app format offers a shoppable menu carousel that lets users add items straight to the cart. The move pushes Uber deeper into the commerce-media race against DoorDash, which rolled out its own full-stack advertising expansion just a few days earlier. Using Anthropic and OpenAI is like writing a blank check and depositing it into a black box. You're authorizing spend you can't see, against limits you can't track, on work you can't audit for efficiency. That's the basis of a proposed class-action lawsuit by a Claude user who is suing Anthropic over its $100 Max 5x and $200 Max 20x coding tiers allegedly delivering far below the advertised capacity. The plaintiff, Karl Kahn, says he blew through his caps almost immediately after upgrading, once burning 15% of his entire weekly allowance in a single five-hour session. The lawsuit targets whether Anthropic delivered upon its advertised usage limits. However, the real question is less about whether it's delivering on all promised tokens, and more about whether it's efficiently using those tokens. Anthropic is already moving away from unlimited and capped plans toward usage-based plans, so the “5x” or “20x” become irrelevant, but the question over how Claude uses your tokens remains. When AI companies charge based on usage, how efficient they are with your tasks becomes a YOU problem, not a THEM problem. New York Democrat Representative Dan Goldman introduced a bill that would give BNPL users the same legal protections credit-card holders get, an area where they currently have no federal safeguards. The Buy Now, Pay Later Consumer Protection Act would require BNPL providers to spell out fees clearly, send periodic statements, give borrowers a window to pay before they're hit with late fees or dinged on their credit, and grant dispute rights like refunds on returns and protection from unauthorized charges. If this sounds familiar, it's because the bill is very similar to one proposed in December 2025 by U.S. Senators. That one was called The Buy Now, Pay Later Protection Act, while this new one from Goldman is called The Buy Now, Pay Later Consumer Protection Act. LOL, the names keep getting longer, but the lack of consumer protection in the space remains the same. Meanwhile, states aren't sitting around waiting for Congress to figure their shit out (because that might be a while)… Last week, Illinois passed its own bill requiring BNPL lenders to register with the state, disclose terms, and weigh a borrower's ability to repay before extending Pay in 4 and other point-of-sale installment loans. The bill now heads to the Governor for approval. This follows New York unveiling the nation's first comprehensive regulatory framework for BNPL lenders this past March, stepping in on a state level to fill the regulatory gap that the CFPB left. Meta introduced AI Mode , a new search tab powered by its Muse Spark model that answers questions using information curated from public posts within its apps instead of the broader web. Muse Spark is the company's first major model developed by Meta Superintelligence Labs, which is headed by former Scale AI CEO Alexandr Wang, and debuted in April. I think it's a great idea for Meta to populate answers from its own trove of user generated content. It's the biggest way Meta can stand out in the search world, and it's no different from what Google is doing in partnership with Reddit. However, some are questioning the integrity of its answers and whether we should trust information generated from your crazy uncle's Facebook posts. Meta's AI Mode won't be perfect — no AI is. However, it's about time that Meta got serious about search, again, especially if they plan on pushing deeper into commerce, again. Meta is leaning harder into livestream shopping, putting its live-video shopping ads on Instagram and rolling them out worldwide on Facebook. New Facebook tools let viewers shop promoted items mid-broadcast without leaving the stream, powered by live-shopping platforms like CommentSold, Firework, and TalkShopLive. Meta also introduced virtual cards for shoppers, which are temporary numbers tied to the Mastercard or Visa they already have, so they never hand a merchant their real card details. (Meta's like, “We know we have scams on our platform, so here's a virtual card so that you only get ripped off by this one purchase instead of having your credit limit maxed out.”) On the creator side, Meta is expanding its affiliate partner program, allowing creators to earn commissions by tagging products from India's Flipkart, Latin America's Mercado Libre, and soon Lazada across Asia. Lastly, the company is automating product ad creation. Advertisers can simply supply raw product data and creative assets, and Meta's AI system builds a tailored ad format for each individual viewer on the fly. OpenAI is moving to automate ad creative, the most labor-intensive part of advertising, with updated terms revealing AI tools that let advertisers generate, modify, optimize, and localize their assets, according to Digiday. For the pilot's first four months, OpenAI required advertisers to upload their own creative, whereas the new tools hint at handling more of the production. Advertiser beware though, because its policy disclaims responsibility for errors in what the AI generates and leaves the task of reviewing the output to the advertiser (which is fair in my opinion). The tools would put OpenAI on par with Meta and Google, which offer AI creative generation through Advantage+ and Performance Max, and in direct competition with platforms that specialize in AI ad creative generation including AdCreative-ai, Pencil, and Cuttable. Shopify shareholders voted down a proposal calling on the company to adopt a formal AI policy, with just under 14% backing it at the company's annual general meeting. The Shareholder Association for Research and Education (SHARE) brought the measure on behalf of the United Church of Canada's pension plan, arguing that generative and agentic AI carry risks around human rights, misinformation, and erroneous automated transactions. Shopify's board urged a no vote, calling the proposal disconnected from how it builds technology and saying its existing contracts and terms of service already set guardrails around AI, though proponents of the AI policy say those contracts don't provide enough transparency into Shopify's AI risk management and governance controls. SHARE said it expected to lose the vote, given Shopify's dual-class share structure and the founder share that gives CEO Tobi Lütke 40% of the voting power on top of his Class B stake, which makes any shareholder proposal the board opposes nearly impossible to pass. The news follows my report from earlier this month about how Shopify wants governments to stay out of its way with AI regulation. Amazon launched a new program called Brand Elevation that gives brand-submitted data priority over third-party sellers in how products are described and stops them from creating new catalog listings for items unless the brand authorizes them to do so. Amazon says that the new offering gives brands a “competitive advantage on the detail page” and “eliminates catalog errors” caused by incorrect data from third-party merchants or its systems overriding brand-submitted information. However, The Information framed the move as Amazon giving brands “priority over independent merchants” as it courts larger brands like Nike and Estée Lauder to its platform. I think that the change is long overdue and will benefit consumers and brands alike by creating a single source of truth for product information and helping customers avoid counterfeit merchandise. That said, I do understand the limitations it puts on resellers, who effectively now need a brand's approval to sell items that the brand itself doesn't list on Amazon, which may push them to other marketplaces. Google launched an AI tool called “Ask Ad Manager” that helps publishers troubleshoot campaigns and cut down on slow, repetitive manual work involved with selling and managing ad space on their sites. Initially the tool covers three problem areas: 1) diagnosing why a campaign is underperforming, 2) answering detailed questions about how specific bidders are doing and how campaigns compare to industry benchmarks, and 3) steering publishers to suggested fixes or the data they need. Trials started in mid-June with publishers including Yahoo, which built Ad Manager into its own agents, with Google planning to ship developer tools later in the year to support more workflows. For now, Ask Ad Manager doesn't take any automated action and a human must apply any suggestion, but Google frames it as an early step toward a broader agentic advertising system where AI handles inventory, pricing, and negotiations. LGBTQ+ consumers are steering their spending away from Target, Walmart, and Amazon over what they see as those companies' retreat from diversity commitments, according to a new survey from the Human Rights Campaign Foundation. Nearly 72% of LGBTQ+ respondents said they buy fewer products from brands they view as pulling back on DEI, with Target, Walmart, Amazon, Chick-fil-A, and Home Depot named most often. Conversely, 70% said they bought more from brands they consider inclusive such as Costco, Apple, Ben & Jerry's, Delta, and Kroger. LGBTQ+ consumers represent more than $1.4T in annual U.S. spending power, according to the HRC Foundation's estimate, which is around 7% of annual consumer spending in the U.S. One important thing to note though is that the survey respondents indicated that they bought “fewer” or “more” from certain businesses, not that they “didn't shop” or “exclusively shopped” at those places, so the true economic impact is only a fraction of that $1.4T buying power mentioned. Carvana is extending its all-online sales model to new cars, rebranding its Stellantis franchise dealerships as test-drive centers and “playgrounds” rather than places that sell new vehicles. For example, the company's Dallas test location has no finance offices or commission salespeople, just hourly associates and QR codes that let shoppers customize and test-drive vehicles before buying through Carvana's website, where the cars are actually sold. Carvana has spent more than $171M acquiring several Stellantis dealerships and won approval as the automaker's certified website provider, giving it a unique advantage over rival dealers. Its online-only approach breaks from a franchised-dealer model that NADA says topped $1.3T in U.S. sales last year, while Carvana now ranks as the most valuable U.S. auto retailer, with a market cap above $70B — though Amazon is coming for its lunch with Amazon Autos. Pinterest is expanding its AI-powered Performance+ ad suite and Shopify integration with two updates aimed at SMBs, including a new customer acquisition feature and a one-click campaign setup for Shopify merchants. The new customer acquisition update lets advertisers feed in their existing customers so its AI can steer bids and delivery toward similar high-intent shoppers, with the option to weight new buyers more heavily through value rules. Pinterest says early testing of the tool, which reminds me of look-alike audiences on other platforms, raised new-customer conversions by 64% on average, which is a pretty big lift! The second update lets eligible merchants launch a Performance+ shopping campaign directly from Pinterest's Shopify integration, with best practices enabled by default, and is part of Pinterest's broader push to pull more small businesses onto the platform. TikTok Shop's top sellers are overwhelmingly products people wear, apply, or consume, driving over two-thirds of revenue across the 1,000 best-selling U.S. products, according to Marketplace Pulse. Three categories take most of the sales with beauty and personal care at about 30%, health and wellness around 20%, and apparel near 17%, leaving home goods, electronics, automotive, pets, books and the rest to split what's left. The median top product sells for about $40 and roughly two-thirds of items are priced under $50, with 1% of sellers driving about 60% of GMV on the platform. Marketplace Pulse notes that 13 of the 20 biggest sellers from TikTok Shop's first full year still rank among the 1,000 top sellers, including medicube, Halara, MERACH, Goli, tarte, and MaryRuth's, which together make up about a quarter of tracked branded revenue. Amazon is testing software that reassigns warehouse workers to different sections of the facility in real time as package volumes shift in a similar way it's automated the routing of packages throughout facilities, according to documents seen by Business Insider. The tool, called Full Facility Load Balancing, rechecks staffing every three minutes or so and flags workers to move from overstaffed spots to busier ones, which the documents project could save nearly 7M labor hours and $193M a year — while helping to ensure that employees never get a single moment of reprieve while on the clock. Amazon disputes those numbers, calling them inaccurate and drawn from hypothetical models, not real productivity, and says managers stay in charge while the tool just feeds them faster information. The pilot targets Container Build, which is where workers load packages into outbound carts, and aims to reach every robotics-enabled fulfillment center it runs in North America this year. LLMs.txt , the file many publishers have adopted to help get their content surfaced by AI, was never built for that purpose and won't deliver it, according to Google's John Mueller. On Google's Search Off the Record podcast, Mueller said that one of the creators of LLMs.txt told him it was originally meant to help an AI that already knows a site find more of its pages, not to make a site discoverable. Okay, so it helps an AI discover more of a site's pages? I feel like we're debating semantics here. He also called the format inherently untrustworthy, since it lets a site owner simply assert what their content is about, something an LLM has no reason to believe, and stressed that discovery and ranking still run through a site's HTML. Mueller pointed to Google's WebMCP as being a better fit for e-commerce, since it gives AI agents specific abilities like filtering products, comparing them, and adding items to a cart, though he said that no agentic standard has won out yet. TikTok Shop sellers have been luring shoppers into livestream auctions with iPhones and iPads, then awarding most winners cheap prizes like teddy bears and charging cords, according to a WIRED investigation. Through a feature called Surprise Sets, which was added to TikTok last year, auction hosts create buckets of up to 500 prizes, and whichever viewer bids the most walks away with a random prize from the lot. The problem is that aside from a handful of high value items, most of the prizes are junk, which has pissed off a lot of buyers. WIRED reached out to TikTok for comment during the investigation, and one day later, the company rolled out a change to its livestream policies that prohibit hosts from including iPhones, iPads, televisions, diamonds, gift cards, or precious metals as part of the prizes available during a Surprise Set, a change that TikTok claims was already in the works. TikTok bans gambling and says it does not consider the auctions gambling, but what the fuck else are you supposed to call it when you pay money to spin a wheel and win a prize? Speaking of gambling… Polymarket paid creators to stage fake winning bets on lookalike versions of its website, according to a Wall Street Journal investigation, which found that none of the roughly $1.9M in bets shown across 1,105 videos were genuine. The campaign cuts against the company's core pitch that every real trade settles on the public Polygon blockchain in USDC where anyone can audit it, since the staged trades ran on dummy sites that no ledger could verify. One clip showed a creator winning $100,000 on a bet that Trump said “McDonald's” in January, an event that never happened, while public data shows more than 50 real accounts placed that bet and all lost. Creators, who were mostly college-aged, earned $2,000 to $3,000 a month and were told not to disclose the payments, while Polymarket hired a marketing firm to push the clips past 140M views. So an off-shore gambling website that's riddled with insider trading faked bet outcomes to grow in popularity? Color me surprised… BNPL is coming to video games and ride sharing! Wait, why did I use an exclamation point? That's not really a good thing… Xbox appears to be preparing a BNPL option for its products, according to code found by a data miner on Xbox's website that names PayPal and Klarna. Microsoft neither confirmed nor denied the news, nor did they provide any clarification about whether BNPL was potentially coming to video consoles, video games, or both. Meanwhile in Europe, Klarna has partnered with Bolt , a European ride-hailing app, to integrate its BNPL payment options across Sweden, Germany, Finland, and Norway. Personally, I don't think video games or ride-sharing should be so cost-prohibitively expensive that customers need to pay-in-4, but now they can. Though to be fair, Klarna positions the integration as part of its push into Pay in Full methods. Did you know that someone made a documentary about the scandal involving eBay executives cyberstalking Ina and David Steiner of EcommerceBytes? I had no idea! Liz Morton of Value Added Resource, who has been covering the scandal for years, wrote that “Whatever It Takes: Inside the eBay Scandal,” which is streaming on Amazon Prime of all places, omits the context that would make it more than a “few bad apples” story. Morton said the film never names SVP Wendy Jones, the security chief's direct supervisor and later a defendant, nor the anonymous critic “unsuckEBAY” whom executives sought to unmask, and framed the case as a “workplace vendetta” rather than a corporate attack on journalists and protected speech. She also pressed on governance threads the film sidesteps, including the 8-figure exit packages for departed executives that eBay declined to claw back, founder Pierre Omidyar's silence, and the film's own ties to Omidyar-adjacent media networks. Whether or not the documentary falls short, it sounds scandalous! I'm going to need to give it a watch. Amazon's Prime Air drone delivery sparked protests in Richardson, Texas, where residents say the 80-pound drones crossing over their homes and schools have turned the sky into a “drone highway,” or as Kenny Loggins likes to sing, “a highway to the danger drones!” Neighbors are complaining about the constant noise from low-flying flights they estimate at barely 100 feet that pass by every few minutes, with one person saying she can hear them in her home even with the TV on. Residents also say they got little warning before the program launched and that complaints they've brought to the city and the FAA have brought no results, while Amazon contends that customer reaction has been strongly positive and that it's responded to concerns, such as raising altitudes and rerouting some flight paths. Kroger's e-commerce operations were profitable for the first time in its most recent quarter, with digital sales up 19% YoY, after grocery delivery drew a “record number” of new customers to its e-commerce platform. Notably, orders delivered in less than one hour represented about half of Kroger's e-commerce growth during the quarter. Outside of e-commerce, the company's retail media business grew more than 20%, while comparable sales excluding fuel rose just 1%, down from 3.2% a year earlier, total sales rose about 2% to $46.1B, and operating profit grew more than 6%. Kroger's new CEO Greg Foran, who previously led Walmart's U.S. business, said about 60% of Kroger's stores need to improve and that the chain has grown its footprint too slowly against rivals, but expects e-commerce to continue expanding. In lawsuits this week… Amazon is facing a possible FTC lawsuit over claims it misled advertisers about the terms and pricing behind the sponsored listings that sit above (and between, and below) its product search results, according to Bloomberg sources. The case could carry billions of dollars in civil penalties due to the involvement of several state attorneys general, whose consumer protection laws allow daily fines beyond the federal limits on what the FTC can collect on its own. TikTok is being sued by Florida Attorney General James Uthmeier for allegedly violating HB3, the state's online child-protections law, by letting children under 14 create accounts and admitting 14 and 15 year olds without parental consent. The complaint also accuses the app under Florida's deceptive-practices act of using design features built to hook kids and misleading parents about its sexualized, drug-related, and mature content. Uthmeier is seeking financial penalties and an injunction forcing compliance, while TikTok says it's engaged in good faith and has already begun suspending under-14 accounts in the state. Meta may face a revived antitrust suit after a group of Facebook users petitioned the 9th Circuit to reinstate their dismissed case alleging that the company monopolized the market for “personal social network services” and used that dominance to harvest user data without paying for it. The plaintiffs argue that a jury rather than a trial judge should have weighed their estimate that, in a competitive market, Meta would have to pay users about $5 a month for their data. The suit runs parallel to a separate FTC antitrust case Meta also defeated and is now appealing. xAI lost its trade-secret suit against OpenAI after a federal judge dismissed it with prejudice, ruling Elon Musk's company failed to show that OpenAI improperly obtained confidential information about its Grok chatbot and that asking a former xAI engineer about his prior work during recruiting was routine hiring, not inducement to reveal secrets. The dismissal marks Musk's second courtroom loss to OpenAI in four weeks, after a jury in May rejected his $150B suit alleging OpenAI abandoned its nonprofit mission. Meta failed to get an adult-film copyright suit dismissed, with a federal judge ruling the producers don't have to prove their films trained Meta's AI because the downloading itself is the infringement. The judge also rejected Meta's claim that employees grabbed the content for personal use, pointing to 47 corporate IP addresses pulling thousands of files between 2018 and 2025 as evidence of systematic collection. Meta must face a copyright suit from Eminem's publisher Eight Mile Style over allegedly hosting 243 of the rapper's songs without a license across Facebook, Instagram, and WhatsApp. The publisher is seeking $150,000 per work x 243 songs x 3 platforms, putting the total potential damages at around $109M. It'd be hilarious if Meta argued that “Facebook, Instagram, and WhatsApp” are part of just “one platform called Meta” to save money, and then later that argument came to bite them in the ass in a different lawsuit! Speaking of Meta copyright infringing songs… Meta asked a federal court to throw out another copyright and defamation suit, this time from Wixen Music Publishing, which is seeking over $102M across 681 songs. Meta is attempting to frame the case as a routine licensing dispute, after a deal between the two companies lapsed in December 2025, but Wixen counters that Meta cut rates to swap songwriter-made music for royalty-free AI-generated tracks in an effort to squeeze independent publishers holding out for fair pay. Without any information whatsoever about this case, I'm going to side with Wixen. Last but not least in music publishing lawsuits… X asked a federal court to throw out the NMPA-led music publishers' copyright suit accusing it of infringing more than 2,000 songs and seeking up to $150K each, a case which dates back to June 2023 when the platform was still Twitter. (To many, it is still Twitter. LOL) X argues that the Supreme Court's March Cox v. Sony ruling shields it from infringement, an argument Meta is using in some of its cases too. Three Amazon software engineers filed a civil-rights complaint alleging the company retaliated against them for backing data-center regulation before the Seattle City Council, claiming each was pulled into an HR investigation with firing on the table a day after the council passed a 12-month ban on big new data centers. Amazon disputes the allegations, saying it's only checking a possible breach of its policy against speaking for the company without approval and that it never threatened to fire them. In corporate shakeups this week… Fiserv named Takis Georgakopoulos CEO effective immediately after Mike Lyons abruptly left to run Truist Financial, making him the company's second chief executive in two years as it fights to recover from an earnings slump that's cut its stock more than 70%. Noam Shazeer, the Google DeepMind researcher and key author of the original transformer paper behind modern GPT models, is leaving Google's Gemini team to join OpenAI, two years after Google brought him back through a $2.7B deal for his startup Character-AI. Barret Zoph , OpenAI's head of enterprise AI sales, departed just five months after returning to the company, having rejoined in January following his abrupt exit from Mira Murati's Thinking Machines Lab over alleged misconduct involving an undisclosed relationship with a colleague. BigBasket , the Tata-backed Indian quick-commerce and online grocery platform, replaced co-founder and CEO Hari Menon with longtime Amazon India executive Amit Nanda as it fends off fierce quick-commerce competition from Blinkit, Zepto, and Swiggy Instamart. X is trying to poach Meta engineers with a cheeky pitch to “match or even exceed any snack budget offer,” after Meta CTO Andrew Bosworth said the company would upgrade office-kitchen snacks to lift morale following repeated layoffs. Really? Snacks? Meta is so freaking out of touch, it's insane. Amazon has withdrawn from distributing “Artificial,” a scripted feature film about OpenAI CEO Sam Altman, amid Amazon deepening its business relationship with OpenAI and as the AI firm prepares to go public, according to Puck. The film features Altman and Elon Musk, painting neither in a flattering light, which some people believe may have influenced Amazon's decision. Amazon has not linked the exit to its OpenAI partnership, but the timing is anything but coincidental, as the news just broke earlier this month that OpenAI confidentially filed for an IPO. Well, I hope someone else distributes the movie instead because I want to watch it! President Trump said he viewed Anthropic as a threat to national security as of last week, but relations have since improved, in an exclusive interview with “The Axios Show.” When asked whether Anthropic or its CEO, Dario Amodei, posed a threat, Trump said “not now, but a week ago, maybe,” and called Amodei nice and smart after the G7 event. His remarks follow a crackdown in which the Commerce Department blocked everyone outside the U.S. from Anthropic's top models and the Pentagon flagged it as a supply-chain risk, set off by an Amazon report on a vulnerability. Anthropic said it's grateful for the administration's partnership in resolving the matter. See my coverage from last week for more details about what led up to Trump's comments. Amazon is in talks to sell its Trainium AI chips for use in other data centers, according to Amazon VP Peter DeSantis. Until now, the chips have been available exclusively through Amazon Web Services, but now DeSantis says, “We view AI infrastructure as rapidly evolving, and we're constantly looking at ways to get to more customers.” DeSantis dismissed the worry that selling Trainium outside AWS could undercut Amazon's cloud business, citing heavy underconsumption in AI, with the chip's third generation already sold out and a fourth drawing interest. The move follows Google opening its own TPUs to outside data centers in April and builds on CEO Andy Jassy's projection that external sales could roughly double Amazon's annualized chip revenue toward $50B. Etsy launched a “Shop Other Jeffs” marketing campaign that spotlights the more than 5,000 independent sellers named Jeff on its platform, taking a shot at Jeff Bezos right before Amazon's Prime Day, which starts tomorrow. The campaign features the tagline “one Jeff should not rule commerce” and showcases makers like a North Carolina potter, a Tahoe woodworker, and an Ann Arbor lighting designer, framing Etsy's nearly 6M sellers as a values-driven alternative to convenience-first shopping. The ads roll out across broadcast TV, streaming, paid social, and out-of-home activations in NYC, Seattle, and DC, including, with the irony fully intended, placements on Amazon Prime Video. 🏆 This week's most ridiculous story (and speaking of Jeffs)… Jeff Bezos predicted that AI will create more jobs and even cause a labor shortage rather than make workers redundant, pushing back against fears that the technology will wipe out large numbers of jobs. And when exactly will that happen, Jeffrey? In our lifetimes or in like three generations from now? He argued at a Paris tech conference that people are held back by barriers technology can remove, not by limited ambition, and that AI will unlock new opportunities and increase demand for human labor. The claim contradicts what everyone else is actually seeing happen in the market right now. Plus 16 seed rounds, IPOs, and acquisitions of interest, including Salesforce acquiring Fin for $3.6B. I hope you found this recap helpful. See you next week! PAUL Editor of Shopifreaks E-Commerce Newsletter PS: If I missed any big news this week, please share in the comments. more less",,2026-06-22,https://old.reddit.com/r/ShopifyeCommerce/comments/1ucygom/whats_new_in_ecommerce_week_of_june_22nd_2026/
1ucyd3n,reddit,"E-commerce Industry News Recap 🔥 Week of June 22nd, 2026 📰 News Hi r/ecommerce - I'm Paul and I follow the e-commerce industry closely for my Shopifreaks E-commerce Newsletter. Every week for the past 5 years I've posted a summary recap of the week's top stories on this subreddit, which I cover in depth with sources in the full edition. Let's dive in to this week's top e-commerce news from Edition #283... STAT OF THE WEEK: OpenAI burned through $3.7B in cash in the first quarter of 2026, more than half of its $5.7B in revenue, with both figures roughly tripling from a year earlier, according to documents the company shared with shareholders and reported by The Information. It ended the quarter with more than $73B on hand after its March funding round, a cushion big enough that it may not need to raise again soon or rush to go public. The company posted a $9.3B operating loss, though its gross margin rose to 39% from 33% a year earlier, suggesting the core business is getting more efficient as it scales. Shopify released its Spring '26 Edition, dubbed The Everywhere Edition, which is a great name for it given that the edition features “150+ updates that put your products everywhere people are buying.” A recurring theme that I've written about extensively in 2026 is how Shopify is turning the entire Internet into a marketplace for its merchants, and that theme is demonstrated throughout this edition. The backbone is Shopify Catalog, which structures product data and feeds it to AI surfaces like ChatGPT, Copilot, and Google's AI Mode, alongside the Universal Commerce Protocol, the open agentic-commerce standard Shopify co-developed with Google, both on by default for merchants. A new Agentic Storefronts dashboard lets merchants manage those AI channels and see orders, sales, and conversions from each in one view, with search intelligence surfacing the AI queries they don't yet rank for. Shopify also opened Shop Pay to brands not on its platform for the first time, giving them access to its 250M-plus Shop shoppers and one-click checkout. Faire , the wholesale marketplace partially owned by Shopify, opened its platform to business-user buyers, which include companies like hotels, medical practices, and event planners buying wholesale products for their own operations rather than for resale. Since launching in 2017, Faire has catered to retailers, who purchase items wholesale to resell in their own stores. However, the company says that there's been “a large, underserved segment of wholesale demand” from these business-use buyers that it's now aiming to cater to. Faire says that many of its brands are already serving business-use buyers, but have to do so through cumbersome outside workflows, whereas now, they can capture that demand on Faire's platform, which is already integrated with the rest of their tech stack. I think it's a brilliant move! Why let Amazon and Walmart have all the B2B fun? Chances are, Faire brands are selling on those B2B platforms anyway, and now this gives Faire the ability to take a piece of that market leveraging their existing seller base. Uber Advertising launched a set of “Offsite Ads” that for the first time extend its first-party data signals beyond its own apps to reach consumers on Meta and Google Shopping, while tracking the results back to Uber Eats orders and store visits. This is the first time that Uber has looked beyond its own apps to sell ads, and comes at a time when its ad business is already surging, having surpassed $2B in ad revenue last year. The move turns Uber's ride and delivery data — covering meals, errands, events, and destinations — into a targeting layer brands can use off-platform. Alongside the launch, Uber unveiled new ad formats, including spots that appear within the Uber ride-sharing app, allowing brands to offer sponsored discounts to riders and brand takeovers on Uber Eats. For example, one new in-app format offers a shoppable menu carousel that lets users add items straight to the cart. The move pushes Uber deeper into the commerce-media race against DoorDash, which rolled out its own full-stack advertising expansion just a few days earlier. Using Anthropic and OpenAI is like writing a blank check and depositing it into a black box. You're authorizing spend you can't see, against limits you can't track, on work you can't audit for efficiency. That's the basis of a proposed class-action lawsuit by a Claude user who is suing Anthropic over its $100 Max 5x and $200 Max 20x coding tiers allegedly delivering far below the advertised capacity. The plaintiff, Karl Kahn, says he blew through his caps almost immediately after upgrading, once burning 15% of his entire weekly allowance in a single five-hour session. The lawsuit targets whether Anthropic delivered upon its advertised usage limits. However, the real question is less about whether it's delivering on all promised tokens, and more about whether it's efficiently using those tokens. Anthropic is already moving away from unlimited and capped plans toward usage-based plans, so the “5x” or “20x” become irrelevant, but the question over how Claude uses your tokens remains. When AI companies charge based on usage, how efficient they are with your tasks becomes a YOU problem, not a THEM problem. New York Democrat Representative Dan Goldman introduced a bill that would give BNPL users the same legal protections credit-card holders get, an area where they currently have no federal safeguards. The Buy Now, Pay Later Consumer Protection Act would require BNPL providers to spell out fees clearly, send periodic statements, give borrowers a window to pay before they're hit with late fees or dinged on their credit, and grant dispute rights like refunds on returns and protection from unauthorized charges. If this sounds familiar, it's because the bill is very similar to one proposed in December 2025 by U.S. Senators. That one was called The Buy Now, Pay Later Protection Act, while this new one from Goldman is called The Buy Now, Pay Later Consumer Protection Act. LOL, the names keep getting longer, but the lack of consumer protection in the space remains the same. Meanwhile, states aren't sitting around waiting for Congress to figure their shit out (because that might be a while)… Last week, Illinois passed its own bill requiring BNPL lenders to register with the state, disclose terms, and weigh a borrower's ability to repay before extending Pay in 4 and other point-of-sale installment loans. The bill now heads to the Governor for approval. This follows New York unveiling the nation's first comprehensive regulatory framework for BNPL lenders this past March, stepping in on a state level to fill the regulatory gap that the CFPB left. Meta introduced AI Mode , a new search tab powered by its Muse Spark model that answers questions using information curated from public posts within its apps instead of the broader web. Muse Spark is the company's first major model developed by Meta Superintelligence Labs, which is headed by former Scale AI CEO Alexandr Wang, and debuted in April. I think it's a great idea for Meta to populate answers from its own trove of user generated content. It's the biggest way Meta can stand out in the search world, and it's no different from what Google is doing in partnership with Reddit. However, some are questioning the integrity of its answers and whether we should trust information generated from your crazy uncle's Facebook posts. Meta's AI Mode won't be perfect — no AI is. However, it's about time that Meta got serious about search, again, especially if they plan on pushing deeper into commerce, again. Meta is leaning harder into livestream shopping, putting its live-video shopping ads on Instagram and rolling them out worldwide on Facebook. New Facebook tools let viewers shop promoted items mid-broadcast without leaving the stream, powered by live-shopping platforms like CommentSold, Firework, and TalkShopLive. Meta also introduced virtual cards for shoppers, which are temporary numbers tied to the Mastercard or Visa they already have, so they never hand a merchant their real card details. (Meta's like, “We know we have scams on our platform, so here's a virtual card so that you only get ripped off by this one purchase instead of having your credit limit maxed out.”) On the creator side, Meta is expanding its affiliate partner program, allowing creators to earn commissions by tagging products from India's Flipkart, Latin America's Mercado Libre, and soon Lazada across Asia. Lastly, the company is automating product ad creation. Advertisers can simply supply raw product data and creative assets, and Meta's AI system builds a tailored ad format for each individual viewer on the fly. OpenAI is moving to automate ad creative, the most labor-intensive part of advertising, with updated terms revealing AI tools that let advertisers generate, modify, optimize, and localize their assets, according to Digiday. For the pilot's first four months, OpenAI required advertisers to upload their own creative, whereas the new tools hint at handling more of the production. Advertiser beware though, because its policy disclaims responsibility for errors in what the AI generates and leaves the task of reviewing the output to the advertiser (which is fair in my opinion). The tools would put OpenAI on par with Meta and Google, which offer AI creative generation through Advantage+ and Performance Max, and in direct competition with platforms that specialize in AI ad creative generation including AdCreative-ai, Pencil, and Cuttable. Shopify shareholders voted down a proposal calling on the company to adopt a formal AI policy, with just under 14% backing it at the company's annual general meeting. The Shareholder Association for Research and Education (SHARE) brought the measure on behalf of the United Church of Canada's pension plan, arguing that generative and agentic AI carry risks around human rights, misinformation, and erroneous automated transactions. Shopify's board urged a no vote, calling the proposal disconnected from how it builds technology and saying its existing contracts and terms of service already set guardrails around AI, though proponents of the AI policy say those contracts don't provide enough transparency into Shopify's AI risk management and governance controls. SHARE said it expected to lose the vote, given Shopify's dual-class share structure and the founder share that gives CEO Tobi Lütke 40% of the voting power on top of his Class B stake, which makes any shareholder proposal the board opposes nearly impossible to pass. The news follows my report from earlier this month about how Shopify wants governments to stay out of its way with AI regulation. Amazon launched a new program called Brand Elevation that gives brand-submitted data priority over third-party sellers in how products are described and stops them from creating new catalog listings for items unless the brand authorizes them to do so. Amazon says that the new offering gives brands a “competitive advantage on the detail page” and “eliminates catalog errors” caused by incorrect data from third-party merchants or its systems overriding brand-submitted information. However, The Information framed the move as Amazon giving brands “priority over independent merchants” as it courts larger brands like Nike and Estée Lauder to its platform. I think that the change is long overdue and will benefit consumers and brands alike by creating a single source of truth for product information and helping customers avoid counterfeit merchandise. That said, I do understand the limitations it puts on resellers, who effectively now need a brand's approval to sell items that the brand itself doesn't list on Amazon, which may push them to other marketplaces. Google launched an AI tool called “Ask Ad Manager” that helps publishers troubleshoot campaigns and cut down on slow, repetitive manual work involved with selling and managing ad space on their sites. Initially the tool covers three problem areas: 1) diagnosing why a campaign is underperforming, 2) answering detailed questions about how specific bidders are doing and how campaigns compare to industry benchmarks, and 3) steering publishers to suggested fixes or the data they need. Trials started in mid-June with publishers including Yahoo, which built Ad Manager into its own agents, with Google planning to ship developer tools later in the year to support more workflows. For now, Ask Ad Manager doesn't take any automated action and a human must apply any suggestion, but Google frames it as an early step toward a broader agentic advertising system where AI handles inventory, pricing, and negotiations. LGBTQ+ consumers are steering their spending away from Target, Walmart, and Amazon over what they see as those companies' retreat from diversity commitments, according to a new survey from the Human Rights Campaign Foundation. Nearly 72% of LGBTQ+ respondents said they buy fewer products from brands they view as pulling back on DEI, with Target, Walmart, Amazon, Chick-fil-A, and Home Depot named most often. Conversely, 70% said they bought more from brands they consider inclusive such as Costco, Apple, Ben & Jerry's, Delta, and Kroger. LGBTQ+ consumers represent more than $1.4T in annual U.S. spending power, according to the HRC Foundation's estimate, which is around 7% of annual consumer spending in the U.S. One important thing to note though is that the survey respondents indicated that they bought “fewer” or “more” from certain businesses, not that they “didn't shop” or “exclusively shopped” at those places, so the true economic impact is only a fraction of that $1.4T buying power mentioned. Carvana is extending its all-online sales model to new cars, rebranding its Stellantis franchise dealerships as test-drive centers and “playgrounds” rather than places that sell new vehicles. For example, the company's Dallas test location has no finance offices or commission salespeople, just hourly associates and QR codes that let shoppers customize and test-drive vehicles before buying through Carvana's website, where the cars are actually sold. Carvana has spent more than $171M acquiring several Stellantis dealerships and won approval as the automaker's certified website provider, giving it a unique advantage over rival dealers. Its online-only approach breaks from a franchised-dealer model that NADA says topped $1.3T in U.S. sales last year, while Carvana now ranks as the most valuable U.S. auto retailer, with a market cap above $70B — though Amazon is coming for its lunch with Amazon Autos. Pinterest is expanding its AI-powered Performance+ ad suite and Shopify integration with two updates aimed at SMBs, including a new customer acquisition feature and a one-click campaign setup for Shopify merchants. The new customer acquisition update lets advertisers feed in their existing customers so its AI can steer bids and delivery toward similar high-intent shoppers, with the option to weight new buyers more heavily through value rules. Pinterest says early testing of the tool, which reminds me of look-alike audiences on other platforms, raised new-customer conversions by 64% on average, which is a pretty big lift! The second update lets eligible merchants launch a Performance+ shopping campaign directly from Pinterest's Shopify integration, with best practices enabled by default, and is part of Pinterest's broader push to pull more small businesses onto the platform. TikTok Shop's top sellers are overwhelmingly products people wear, apply, or consume, driving over two-thirds of revenue across the 1,000 best-selling U.S. products, according to Marketplace Pulse. Three categories take most of the sales with beauty and personal care at about 30%, health and wellness around 20%, and apparel near 17%, leaving home goods, electronics, automotive, pets, books and the rest to split what's left. The median top product sells for about $40 and roughly two-thirds of items are priced under $50, with 1% of sellers driving about 60% of GMV on the platform. Marketplace Pulse notes that 13 of the 20 biggest sellers from TikTok Shop's first full year still rank among the 1,000 top sellers, including medicube, Halara, MERACH, Goli, tarte, and MaryRuth's, which together make up about a quarter of tracked branded revenue. Amazon is testing software that reassigns warehouse workers to different sections of the facility in real time as package volumes shift in a similar way it's automated the routing of packages throughout facilities, according to documents seen by Business Insider. The tool, called Full Facility Load Balancing, rechecks staffing every three minutes or so and flags workers to move from overstaffed spots to busier ones, which the documents project could save nearly 7M labor hours and $193M a year — while helping to ensure that employees never get a single moment of reprieve while on the clock. Amazon disputes those numbers, calling them inaccurate and drawn from hypothetical models, not real productivity, and says managers stay in charge while the tool just feeds them faster information. The pilot targets Container Build, which is where workers load packages into outbound carts, and aims to reach every robotics-enabled fulfillment center it runs in North America this year. LLMs.txt , the file many publishers have adopted to help get their content surfaced by AI, was never built for that purpose and won't deliver it, according to Google's John Mueller. On Google's Search Off the Record podcast, Mueller said that one of the creators of LLMs.txt told him it was originally meant to help an AI that already knows a site find more of its pages, not to make a site discoverable. Okay, so it helps an AI discover more of a site's pages? I feel like we're debating semantics here. He also called the format inherently untrustworthy, since it lets a site owner simply assert what their content is about, something an LLM has no reason to believe, and stressed that discovery and ranking still run through a site's HTML. Mueller pointed to Google's WebMCP as being a better fit for e-commerce, since it gives AI agents specific abilities like filtering products, comparing them, and adding items to a cart, though he said that no agentic standard has won out yet. TikTok Shop sellers have been luring shoppers into livestream auctions with iPhones and iPads, then awarding most winners cheap prizes like teddy bears and charging cords, according to a WIRED investigation. Through a feature called Surprise Sets, which was added to TikTok last year, auction hosts create buckets of up to 500 prizes, and whichever viewer bids the most walks away with a random prize from the lot. The problem is that aside from a handful of high value items, most of the prizes are junk, which has pissed off a lot of buyers. WIRED reached out to TikTok for comment during the investigation, and one day later, the company rolled out a change to its livestream policies that prohibit hosts from including iPhones, iPads, televisions, diamonds, gift cards, or precious metals as part of the prizes available during a Surprise Set, a change that TikTok claims was already in the works. TikTok bans gambling and says it does not consider the auctions gambling, but what the fuck else are you supposed to call it when you pay money to spin a wheel and win a prize? Speaking of gambling… Polymarket paid creators to stage fake winning bets on lookalike versions of its website, according to a Wall Street Journal investigation, which found that none of the roughly $1.9M in bets shown across 1,105 videos were genuine. The campaign cuts against the company's core pitch that every real trade settles on the public Polygon blockchain in USDC where anyone can audit it, since the staged trades ran on dummy sites that no ledger could verify. One clip showed a creator winning $100,000 on a bet that Trump said “McDonald's” in January, an event that never happened, while public data shows more than 50 real accounts placed that bet and all lost. Creators, who were mostly college-aged, earned $2,000 to $3,000 a month and were told not to disclose the payments, while Polymarket hired a marketing firm to push the clips past 140M views. So an off-shore gambling website that's riddled with insider trading faked bet outcomes to grow in popularity? Color me surprised… BNPL is coming to video games and ride sharing! Wait, why did I use an exclamation point? That's not really a good thing… Xbox appears to be preparing a BNPL option for its products, according to code found by a data miner on Xbox's website that names PayPal and Klarna. Microsoft neither confirmed nor denied the news, nor did they provide any clarification about whether BNPL was potentially coming to video consoles, video games, or both. Meanwhile in Europe, Klarna has partnered with Bolt , a European ride-hailing app, to integrate its BNPL payment options across Sweden, Germany, Finland, and Norway. Personally, I don't think video games or ride-sharing should be so cost-prohibitively expensive that customers need to pay-in-4, but now they can. Though to be fair, Klarna positions the integration as part of its push into Pay in Full methods. Did you know that someone made a documentary about the scandal involving eBay executives cyberstalking Ina and David Steiner of EcommerceBytes? I had no idea! Liz Morton of Value Added Resource, who has been covering the scandal for years, wrote that “Whatever It Takes: Inside the eBay Scandal,” which is streaming on Amazon Prime of all places, omits the context that would make it more than a “few bad apples” story. Morton said the film never names SVP Wendy Jones, the security chief's direct supervisor and later a defendant, nor the anonymous critic “unsuckEBAY” whom executives sought to unmask, and framed the case as a “workplace vendetta” rather than a corporate attack on journalists and protected speech. She also pressed on governance threads the film sidesteps, including the 8-figure exit packages for departed executives that eBay declined to claw back, founder Pierre Omidyar's silence, and the film's own ties to Omidyar-adjacent media networks. Whether or not the documentary falls short, it sounds scandalous! I'm going to need to give it a watch. Amazon's Prime Air drone delivery sparked protests in Richardson, Texas, where residents say the 80-pound drones crossing over their homes and schools have turned the sky into a “drone highway,” or as Kenny Loggins likes to sing, “a highway to the danger drones!” Neighbors are complaining about the constant noise from low-flying flights they estimate at barely 100 feet that pass by every few minutes, with one person saying she can hear them in her home even with the TV on. Residents also say they got little warning before the program launched and that complaints they've brought to the city and the FAA have brought no results, while Amazon contends that customer reaction has been strongly positive and that it's responded to concerns, such as raising altitudes and rerouting some flight paths. Kroger's e-commerce operations were profitable for the first time in its most recent quarter, with digital sales up 19% YoY, after grocery delivery drew a “record number” of new customers to its e-commerce platform. Notably, orders delivered in less than one hour represented about half of Kroger's e-commerce growth during the quarter. Outside of e-commerce, the company's retail media business grew more than 20%, while comparable sales excluding fuel rose just 1%, down from 3.2% a year earlier, total sales rose about 2% to $46.1B, and operating profit grew more than 6%. Kroger's new CEO Greg Foran, who previously led Walmart's U.S. business, said about 60% of Kroger's stores need to improve and that the chain has grown its footprint too slowly against rivals, but expects e-commerce to continue expanding. In lawsuits this week… Amazon is facing a possible FTC lawsuit over claims it misled advertisers about the terms and pricing behind the sponsored listings that sit above (and between, and below) its product search results, according to Bloomberg sources. The case could carry billions of dollars in civil penalties due to the involvement of several state attorneys general, whose consumer protection laws allow daily fines beyond the federal limits on what the FTC can collect on its own. TikTok is being sued by Florida Attorney General James Uthmeier for allegedly violating HB3, the state's online child-protections law, by letting children under 14 create accounts and admitting 14 and 15 year olds without parental consent. The complaint also accuses the app under Florida's deceptive-practices act of using design features built to hook kids and misleading parents about its sexualized, drug-related, and mature content. Uthmeier is seeking financial penalties and an injunction forcing compliance, while TikTok says it's engaged in good faith and has already begun suspending under-14 accounts in the state. Meta may face a revived antitrust suit after a group of Facebook users petitioned the 9th Circuit to reinstate their dismissed case alleging that the company monopolized the market for “personal social network services” and used that dominance to harvest user data without paying for it. The plaintiffs argue that a jury rather than a trial judge should have weighed their estimate that, in a competitive market, Meta would have to pay users about $5 a month for their data. The suit runs parallel to a separate FTC antitrust case Meta also defeated and is now appealing. xAI lost its trade-secret suit against OpenAI after a federal judge dismissed it with prejudice, ruling Elon Musk's company failed to show that OpenAI improperly obtained confidential information about its Grok chatbot and that asking a former xAI engineer about his prior work during recruiting was routine hiring, not inducement to reveal secrets. The dismissal marks Musk's second courtroom loss to OpenAI in four weeks, after a jury in May rejected his $150B suit alleging OpenAI abandoned its nonprofit mission. Meta failed to get an adult-film copyright suit dismissed, with a federal judge ruling the producers don't have to prove their films trained Meta's AI because the downloading itself is the infringement. The judge also rejected Meta's claim that employees grabbed the content for personal use, pointing to 47 corporate IP addresses pulling thousands of files between 2018 and 2025 as evidence of systematic collection. Meta must face a copyright suit from Eminem's publisher Eight Mile Style over allegedly hosting 243 of the rapper's songs without a license across Facebook, Instagram, and WhatsApp. The publisher is seeking $150,000 per work x 243 songs x 3 platforms, putting the total potential damages at around $109M. It'd be hilarious if Meta argued that “Facebook, Instagram, and WhatsApp” are part of just “one platform called Meta” to save money, and then later that argument came to bite them in the ass in a different lawsuit! Speaking of Meta copyright infringing songs… Meta asked a federal court to throw out another copyright and defamation suit, this time from Wixen Music Publishing, which is seeking over $102M across 681 songs. Meta is attempting to frame the case as a routine licensing dispute, after a deal between the two companies lapsed in December 2025, but Wixen counters that Meta cut rates to swap songwriter-made music for royalty-free AI-generated tracks in an effort to squeeze independent publishers holding out for fair pay. Without any information whatsoever about this case, I'm going to side with Wixen. Last but not least in music publishing lawsuits… X asked a federal court to throw out the NMPA-led music publishers' copyright suit accusing it of infringing more than 2,000 songs and seeking up to $150K each, a case which dates back to June 2023 when the platform was still Twitter. (To many, it is still Twitter. LOL) X argues that the Supreme Court's March Cox v. Sony ruling shields it from infringement, an argument Meta is using in some of its cases too. Three Amazon software engineers filed a civil-rights complaint alleging the company retaliated against them for backing data-center regulation before the Seattle City Council, claiming each was pulled into an HR investigation with firing on the table a day after the council passed a 12-month ban on big new data centers. Amazon disputes the allegations, saying it's only checking a possible breach of its policy against speaking for the company without approval and that it never threatened to fire them. In corporate shakeups this week… Fiserv named Takis Georgakopoulos CEO effective immediately after Mike Lyons abruptly left to run Truist Financial, making him the company's second chief executive in two years as it fights to recover from an earnings slump that's cut its stock more than 70%. Noam Shazeer, the Google DeepMind researcher and key author of the original transformer paper behind modern GPT models, is leaving Google's Gemini team to join OpenAI, two years after Google brought him back through a $2.7B deal for his startup Character-AI. Barret Zoph , OpenAI's head of enterprise AI sales, departed just five months after returning to the company, having rejoined in January following his abrupt exit from Mira Murati's Thinking Machines Lab over alleged misconduct involving an undisclosed relationship with a colleague. BigBasket , the Tata-backed Indian quick-commerce and online grocery platform, replaced co-founder and CEO Hari Menon with longtime Amazon India executive Amit Nanda as it fends off fierce quick-commerce competition from Blinkit, Zepto, and Swiggy Instamart. X is trying to poach Meta engineers with a cheeky pitch to “match or even exceed any snack budget offer,” after Meta CTO Andrew Bosworth said the company would upgrade office-kitchen snacks to lift morale following repeated layoffs. Really? Snacks? Meta is so freaking out of touch, it's insane. Amazon has withdrawn from distributing “Artificial,” a scripted feature film about OpenAI CEO Sam Altman, amid Amazon deepening its business relationship with OpenAI and as the AI firm prepares to go public, according to Puck. The film features Altman and Elon Musk, painting neither in a flattering light, which some people believe may have influenced Amazon's decision. Amazon has not linked the exit to its OpenAI partnership, but the timing is anything but coincidental, as the news just broke earlier this month that OpenAI confidentially filed for an IPO. Well, I hope someone else distributes the movie instead because I want to watch it! President Trump said he viewed Anthropic as a threat to national security as of last week, but relations have since improved, in an exclusive interview with “The Axios Show.” When asked whether Anthropic or its CEO, Dario Amodei, posed a threat, Trump said “not now, but a week ago, maybe,” and called Amodei nice and smart after the G7 event. His remarks follow a crackdown in which the Commerce Department blocked everyone outside the U.S. from Anthropic's top models and the Pentagon flagged it as a supply-chain risk, set off by an Amazon report on a vulnerability. Anthropic said it's grateful for the administration's partnership in resolving the matter. See my coverage from last week for more details about what led up to Trump's comments. Amazon is in talks to sell its Trainium AI chips for use in other data centers, according to Amazon VP Peter DeSantis. Until now, the chips have been available exclusively through Amazon Web Services, but now DeSantis says, “We view AI infrastructure as rapidly evolving, and we're constantly looking at ways to get to more customers.” DeSantis dismissed the worry that selling Trainium outside AWS could undercut Amazon's cloud business, citing heavy underconsumption in AI, with the chip's third generation already sold out and a fourth drawing interest. The move follows Google opening its own TPUs to outside data centers in April and builds on CEO Andy Jassy's projection that external sales could roughly double Amazon's annualized chip revenue toward $50B. Etsy launched a “Shop Other Jeffs” marketing campaign that spotlights the more than 5,000 independent sellers named Jeff on its platform, taking a shot at Jeff Bezos right before Amazon's Prime Day, which starts tomorrow. The campaign features the tagline “one Jeff should not rule commerce” and showcases makers like a North Carolina potter, a Tahoe woodworker, and an Ann Arbor lighting designer, framing Etsy's nearly 6M sellers as a values-driven alternative to convenience-first shopping. The ads roll out across broadcast TV, streaming, paid social, and out-of-home activations in NYC, Seattle, and DC, including, with the irony fully intended, placements on Amazon Prime Video. 🏆 This week's most ridiculous story (and speaking of Jeffs)… Jeff Bezos predicted that AI will create more jobs and even cause a labor shortage rather than make workers redundant, pushing back against fears that the technology will wipe out large numbers of jobs. And when exactly will that happen, Jeffrey? In our lifetimes or in like three generations from now? He argued at a Paris tech conference that people are held back by barriers technology can remove, not by limited ambition, and that AI will unlock new opportunities and increase demand for human labor. The claim contradicts what everyone else is actually seeing happen in the market right now. Plus 16 seed rounds, IPOs, and acquisitions of interest, including Salesforce acquiring Fin for $3.6B. I hope you found this recap helpful. See you next week! PAUL Editor of Shopifreaks E-Commerce Newsletter PS: If I missed any big news this week, please share in the comments. more less",,2026-06-22,https://old.reddit.com/r/ecommerce/comments/1ucyd3n/ecommerce_industry_news_recap_week_of_june_22nd/
1ucqfdm,reddit,I am thinking of trying adapalene 0.1% gel - but I'm confused I have acne prone sensitive oily skin. Tho it isn't that oily these days (as I've been using besan) I do have mild acnes and many scars - I heard adapalene gel does wonders Is there's anyone who has tried this and it helped you? I would like to talk about it 😭 ​ Is it okay if I don't have prescription? Why is blinkit zepto asking for prescription? Any tips that helped you maintain mental health during purging? Any products to avoid Which sunscreen suits this process? I'm thinking of buying shadow gel spf 50 or minimalist spf 50 Should I go with minimalist moisturizer or ponds gel? Salicylic acid face wash or oat extract face wash? Can you wear a mask in case it purges? Is benzoyl peroxide the best alternative? Adaferin or differin? ​ more less https://i.redd.it/dfhios7n7v8h1.jpeg,,2026-06-22,https://old.reddit.com/r/SkincareAddicts/comments/1ucqfdm/i_am_thinking_of_trying_adapalene_01_gel_but_im/
1ucq9eg,reddit,I am thinking of trying adapalene 0.1% gel - but I'm confused 👗👠 Fashion & Beauty I have acne prone sensitive oily skin. Tho it isn't that oily these days (as I've been using besan) I do have mild acnes and many scars - I heard adapalene gel does wonders Is there's anyone who has tried this and it helped you? I would like to talk about it 😭 ​ Is it okay if I don't have prescription? Why is blinkit zepto asking for prescription? Any tips that helped you maintain mental health during purging? Any products to avoid Which sunscreen suits this process? I'm thinking of buying shadow gel spf 50 or minimalist spf 50 Should I go with minimalist moisturizer or ponds gel? Salicylic acid face wash or oat extract face wash? Can you wear a mask in case it purges? Is benzoyl peroxide the best alternative? Adaferin or differin? ​ more less https://i.redd.it/dfhios7n7v8h1.jpeg,,2026-06-22,https://old.reddit.com/r/TwentiesIndia/comments/1ucq9eg/i_am_thinking_of_trying_adapalene_01_gel_but_im/
1ubi2qf,reddit,"India's choice: Socialism for votes or capitalism for growth? (Part- 3) Disclaimer:- ​ This is part 3 of a connected 3 part series. Please read part 1 and 2 first for complete understanding. ​ H. An era post-2014. ​ In 2014, the country witnessed a change in government. ​ We saw the transition from the UPA government, who were in power for roughly 60 years, to the present NDA-BJP government, who are currently in power and has completed 12 years. ​ With the way the current government works, we also witnessed a transition from a pure socialist form of governance model to a semi-capitalist form of governance model. ​ Proof? ​ The following is a list of schemes of the current government that show the characteristics of capitalism. They are the following:- ​ 1) Startup India. ​ 2) Make in India. ​ 3) Production Linked Incentive Scheme. ​ 4) National Manufacturing. ​ 5) India AI mission. ​ 6) Semiconductor Mission. ​ 7) Nuclear Energy Mission. ​ 8) PM Gati Shakti. ​ 9) Bharatmala. ​ 9) Sagarmala. ​ 10) Digital India. ​ 11) Atmanirbhar Bharat. ​ 12) Skill India. ​ 13) Shipbuilding Financial Assistance Policy. ​ 14) Shipbuilding Development Scheme. ​ On the socialist side, the following is a list of schemes of the current government that show the characteristics of capitalism. They are the following:- ​ 1) MGNREGA (replaced by Viksit Bharat- Guarantee for Rozgar and Ajeevika Mission (Gramin) (VB-G RAM G)) ​ 2) PM Garib Kalyan Anna Yogana. ​ 3) PM-KISAN. ​ 4) Ayushman Bharat. ​ 5) Food Security Schemes. ​ 6) Ujjwala Yojana. ​ 7) Jan Dhan Yojana. ​ 8) PM Awas Yojana. ​ 9) Jal Jeevan Mission. ​ 10) Pension and insurance welfare schemes. ​ If we were to split the two capitalist and socialist schemes of the current government into percentages, we would see that approximately 60-70% of the schemes have a capitalist character, and approximately 30-40% have a socialist character. ​ If we compare this with the UPA government era, we can see that approximately 65-75% of schemes had a socialist character, and approximately 25-35% had a capitalist character. ​ The following are some of the UPA-era schemes that show the characteristics of socialism. They are the following:- ​ 1) MGNREGA. ​ 2) National Food Security Act. ​ 3) Right to Education Act. ​ 4) National Rural Health Mission. ​ 5) Jawaharlal Nehru National Urban Renewal Mission. ​ 6) Integrated Child Development Services. ​ 7) Midday Meal Scheme. ​ 8) Indra Awaas Yojana. ​ 9) Aadhaar. ​ 10) Rashtriya Swasthya Bima Yogana. ​ 11) National Social Assistance Programme. ​ 12) Farm loan waiver programmes, debt relief for farmers. ​ 13) Fertilizer subsidy expansion, heavy agricultural subsidy structure. ​ The following are some UPA-era schemes that exhibit characteristics of capitalism. They are the following:- ​ 1) Delhi-Mumbai Industrial Corridor. ​ 2) National Highways Development Project. ​ 3) Telecom sector expansion reforms. ​ 4) Special Economic Zone (SEZ) policy expansion. ​ 5) Banking modernization and financial liberalization. ​ 6) FDI liberalization in selected sectors. ​ 7) Civil aviation expansion policies. ​ 8) Unique Identification Authority of India (UIAI) infrastructure expansion. ​ 9) National Manufacturing Competitiveness initiatives. ​ The above percentage split between socialist policies and capitalist policies of both the NDA-BJP and the UPA government is clear proof that the former is a semi-socialist party and the latter is a complete socialist party. ​ See, it's not about having many policies in hand; it all comes down to whether the above-mentioned capitalist policies of the current government have created any positive impact on our economy. ​ Let's examine the impact of the capitalist policies of the current government on our economy. ​ We will be examining it under two heads. They are:- ​ a) GDP contribution by the manufacturing sector from 2014 to 2025. ​ b) Number of startups in the manufacturing sector from 2014 to 2025. ​ Let's examine each in detail, ​ ​ a) GDP contribution by the manufacturing sector from 2014 to 2025. ​ Before going into the stat, it is to be noted that the current Indian government's target for the GDP contribution by the manufacturing sector was 25%. ​ Now, let's examine the stat, ​ i) 2014- approx 15% ​ ii) 2015- approx 16% ​ iii) 2016- approx 15% ​ iv) 2017- approx 15% ​ v) 2018- approx 15% ​ vi) 2019- approx 13% ​ vii) 2020- approx 14% ​ viii) 2021- approx 14% ​ ix) 2022- approx 13% ​ x) 2023- approx 13% ​ xi) 2024- approx 13-14% ​ xii) 2025- approx 14% (estimated) ​ The above stat clearly shows the following trend, ​ India’s manufacturing sector's contribution to GDP has ranged from 13% to 16% from 2014 to 2025. ​ b) Number of startups in the manufacturing sector from 2014 to 2025. ​ i) Automotive- roughly between 1000 and 2000 ​ ii) Chemicals- roughly between 500 and 1200 ​ iii) Construction- roughly between 2000 and 4000 ​ iv) Aerospace and defence- roughly 300 and 800 ​ v) Biotechnology- roughly between 200 and 600 ​ vi) Agriculture-tech- roughly between 200 and 600 ​ vi) Logistics and transportation- roughly between 50000 and 10000 ​ vii) Electronics/Telecom/Networking- roughly between 1000 and 3000 ​ Note: Roughly 1- 3% of the startups are in the manufacturing sector. ​ Now, as we have clearly understood the above-mentioned statistics, the obvious question would be the following- ​ Despite having a target to raise our manufacturing sector’s contribution to GDP to 25%, and also having an increasing number of innovative startups in varied sectors, why are we still not able to achieve the target? ​ It is the three important stakeholders who are often not taken into consideration in discussions. We are much more interested in shifting the blame from these five important stakeholders to the government for not providing the much-needed finance in the form of higher subsidies. ​ The elephant in the room is the structured financial institutions, such as venture capital, private equity, and angel investors, as well as big established corporates, banks, and financial institutions. ​ For any startups to get started, establish, and expand, they must require sufficient capital. There are limitations in raising funds through bank loans or crowdfunding through friends and relatives. To a certain extent, these methods can be adopted, but beyond those limits, startups need capital that offsets the above limitations. As of now, the closest method that can, to a great extent, offset the above limitations is to source capital from structured financial institutions such as venture capital, private equity, and angel investors, and from big Indian corporates. ​ But unfortunately, these three important stakeholders are not investing sufficiently in risk-taking and innovative manufacturing startups; instead, each one of them is investing in the following:- ​ a) Structured financial institutions (venture capital, private equity, and angel investors) ​ There is a famous saying in business, “Where there is more risk, there is more return.” ​ Here, structured financial institutions, which are capable of taking high risk, instead of investing in risk-taking and innovative manufacturing sector startups, tend to play the safe game in investing to have a guaranteed safe return. ​ The so-called “safe game” is done by investing more in service sector startups than in manufacturing sector startups. Mostly, they invest in startups, which I call “substitute startups”. ​ The question is two-fold. They are:- ​ i) Is this practice acceptable? ​ ii) Should we really need to accept it blindly? ​ No, this practice is not at all acceptable, nor should we ever accept it. ​ See, if this so-called “safe game” was played by an ordinary retail investor, then we could have accepted it and excused, because by default, the basic characteristics of any ordinary retail investor are to have careful budgeting, make good investments, get good returns, and have low risk. ​ But if the structured financial institutions that have enough wealth and a higher risk-taking appetite do not invest in more risk-taking and innovative startups in the manufacturing sector, but rather play a “safe game” by only investing in a much less risky sector like the service sector is bad. In fact its a shame. ​ All structured financial institutions should understand one thing: it's this- ​ Unlike any other period that we have gone through, now is the real time that our economy needs to be independent. It can only be achieved through manufacturing. In order to encourage and have more innovative startups in the manufacturing sectors, the market should create a conducive financial environment for startup founders in our country, wherein startups feel that the market is ready and willing to financially support them for their growth. ​ It is to be noted that being independent does not mean we can be one hundred percent independent without any imports, but we can surely be completely independent through manufacturing in sectors where we have resource abundance and import resources that we lack. ​ b) Big corporate companies. ​ Big corporations today are investing their money in two areas. They are:- ​ a) Business expansion, ​ b) AI inclusion, ​ Instead, of budgeting a small part of that amount to invest in risk-taking and innovative startups in the manufacturing sector. ​ But if we were to compare with structured financial institutions, they are at least ready and willing to invest in service sector startups, but even that is not happening with big corporations. ​ Instead of funding those independent startups for growth, many big corporations indirectly “support” them by either taking a majority stake (especially a stake above 50%) in those startups, wherein startup founders' ownership gets diluted, or by complete acquisition. ​ The obvious question is, who is to blame here? Is it the startup founders or big corporations? ​ We shall answer this from two different perspectives. They are:- ​ i) Startup. ​ ii) Big corporations. ​ Let's discuss each in brief. ​ i) Startup. ​ From a startup's perspective, they become ready to sell (complete acquisition) their company or take a majority stake (especially a stake above 50%) due to the following chain of reasons. They are:- ​ a) Not enough capital to fund growth or recovery. ​ b) Lowers founders' confidence in the possibility of scaling up their startup any further, which otherwise may be a scalable startup. ​ c) Leading to no other option for a founder but to sell it for further scale-up and growth. ​ In a way, the helplessness of a startup founder due to insufficient capital funding is what is leading to this sacrifice. ​ ii) Big corporations. ​ The following are the main reasons why big corporations plan to acquire startups. They are the following:- ​ a) Less costly than financing. ​ b) Helps in inorganic growth. ​ c) Increases market share. ​ d) Reduces competition. ​ In a way, again, big corporations do what they do to ultimately reduce their cost to the minimum and to a great extent have more of a one-way gain and dominance. ​ So, to answer the above question of who to blame, the answer is clearly evident from the above analysis. The blame should absolutely go to big corporations and not the startups, nor should we blame the startups in the name of “founders' complete incapability or incompetence to run a business.” ​ Now obviously, there would be a counter question. That is- ​ The process of acquisition and merger is part of any other ordinary business transaction. Especially, concerning acquisition, where it is natural that both parties to the transaction will not get equal gain, instead one party will gain and the other party has to compromise. The transaction is done with a clear mutual understanding. ​ When that's the case, then why should we put the complete blame on big corporations? ​ The answer to this is two-fold. They are the following:- ​ a) No competition means no innovation. ​ The following chain of events becomes self-explanatory as to how less competition through acquisition can reduce innovation and thereby affect the economy at large. The chain is as follows- ​ Big corporations acquire startups => Reduces the number of startups in the market => Reduces competition in the market => Reduces innovation => Slower overall economic growth. ​ Reduced innovation => increases import dependency => reduces forex reserve => currency value depreciation => import becomes expensive. ​ There is a common misnomer about currency depreciation in our country. We are only aware of one out of the many other factors for currency depreciation, which is the occurrence of an uncertain or uncontrollable geopolitical event. This is the factor that our mainstream news media outlets tell us. ​ If the above factor has a direct impact on our currency value, another factor has an indirect impact on it. ​ Do you know which factor? ​ It is a factor that our mainstream news media outlets never talk about. ​ It may sound silly, but it is crucial. It is “innovation.” ​ The long-term impact of reduced innovation on our currency and our overall economy is exactly what has been discussed in the above-mentioned chain of events. ​ So, like any other factor, we should also keep in mind that “innovation” can also have an indirect impact on our currency and overall economy over the long-term. ​ So, again, if we want to convert the above “negative spiral” into a “positive spiral”, we need to necessarily encourage and promote more innovation. In order to have more innovation, we need to appreciate and promote the rise of the capitalist form of governance over the socialist form of governance. ​ In my opinion, big corporations should never acquire companies in their startup stage itself; instead, acquisition can only be done of an already established Indian owned company or any foreign company. ​ Eg:- Tata’s acquisition of Jaguar-Land Rover, Daewoo. Iveco. ​ b) Corporate reserves. ​ Can you make a rough guess on our country's net corporate reserves? ​ India’s net corporate reserves amount to roughly 200 lakh crores accumulated reserves and equity (ie, roughly $2.1 trillion). It excludes all the foreign companies listed on the Indian stock market. ​ Even though India roughly has this much amount of net corporate reserves, none of them take the readiness and willingness to invest those reserves in the new, promising, innovative, and risk-taking startups, especially those startups in the manufacturing sector. ​ For context, let’s use an illustrative example to understand the potential scale of startup funding capacity, ​ Total accumulated reserves and equity (only indian owned listed companies) = roughly 200 lakh crores. (indicative estimate, definitions vary depending on inclusion criteria) ​ Possible deployable range = roughly 10-13 lakh crores. ​ Then the number of startups that could be funded is the following:- (pure illustrative) ​ a) At 10 lakh crore- roughly 40-60 lakh early-stage startups. ​ b) At 20 lakh crore- roughly 80 lakh to 1 crore early-stage startups. ​ c) At 30 lakh crore- roughly above 1 crore early-stage startups. ​ The above self-explanatory stat clearly shows the lost possibility of startups in getting more capital for the purpose of setting up, establishing, and expanding their business. ​ So, to answer the above question on why to blame big corporations, the answer is clearly evident from the above analysis. These big corporations block free competition and hinder innovation through acquisition, and also never show the readiness and willingness to utilize their net corporate reserves to fund new, promising, innovative, and risk-taking startups. ​ In essence, due to the negligence on the part of the big corporations to finance new, promising, innovative, and risk-taking startups, India is losing startups due to a lack of confidence in success, and also loses innovation for our country's economic growth. ​ c) Banks and other financial institutions. ​ Here also, it's the same situation as the other two players. ​ Banks and other financial institutions also play the so-called “safe game” by not directly investing in new, promising, innovative, and risk-taking startups. ​ Instead, they invest in the following areas. They are as follows:- ​ a) Loans to large corporations. ​ b) Retail lending. ​ c) Government securities. ​ d) Corporate bonds. ​ e) Priority sectors (Agriculture, MSME, education, and affordable housing). ​ f) Equity investment. ​ The above exhaustive and self-explanatory list clearly shows that banks' investment focus is completely different from what they have to do or have the capacity to do. ​ In essence, banks and other financial institutions are happy to play the safe game by not investing in new, promising, innovative, and risk-taking startups, but are instead more happy to participate in insolvency proceedings. ​ By now, we have clearly understood the following. They are:- ​ a) Current governments' capitalist schemes. ​ b) GDP contribution by the manufacturing sector in India during 2014- 2025. ​ c) Number of startups in the manufacturing sector during 2014-2025. ​ d) The reason why India could not achieve its 25% target. ​ e) The widening funding gap between the three important stakeholders and startups. ​ At this point, the obvious question would be what is the solution to the above-mentioned issues, and how can we achieve our 25% target sooner rather than later? ​ The following are the solutions to the above-mentioned issues that startups resort to. They are:- ​ 1) Foreign institutional investors. ​ 2) Government subsidies. ​ It should be noted that although both may seem like perfect solutions, each has its own drawbacks. We will discuss those in brief below. ​ Let's discuss each in brief. ​ 1) Foreign institutional investors. ​ In India, the majority of the startups depend on foreign structured financial institutions for raising sufficient capital over domestic structured financial institutions. ​ The following are some of the known foreign structured financial institutions and the known Indian startups that they have funded. They are:- ​ Note- Where relevant, selected companies are broadly identified by business model orientation (Pure manufacturing, Contract manufacturing, Hybrid manufacturing). These classifications are indicative and simplified for analytical purposes. ​ a) Softbank. ​ i) Paytm. ​ ii) OYO. ​ iii) Ola. ​ iv) Ola electric. (manufacturing sector) ​ v) Delhivery. ​ vi) Policy bazaar. ​ vii) Lenskart. (pure and contract manufacturing sector) ​ viii) Meesho. ​ ix) Firstcry. (pure and contract manufacturing sector) ​ x) Swiggy. ​ xi) Blinkit. ​ xii) Unacademy. ​ b) Tiger Global. ​ i) Flipkart. ​ ii) Ola. ​ iii) Razorpay. ​ iv) Delhivery. ​ v) Groww. ​ vi) Myntra. ​ vii) Zomato. ​ viii) Urban Company. ​ ix) CRED. ​ x) Dream 11. ​ xi) Ather Energy. (Manufacturing sector) ​ xii) Blinkit. ​ c) Accel. ​ i) Flipkart. ​ ii) Swiggy. ​ iii) Urban Company. ​ iv) Cult. fit. ​ v) Bluestone. (both pure and contract manufacturing sectors) ​ d) Peak XV Partners (former Sequoia India) ​ i) Zomato. ​ ii) Razorpay. ​ iii) OYO. ​ iv) CRED. ​ v) Groww. ​ vi) Mamaearth. (contract manufacturing) ​ vii) CarDekho. ​ viii) Meesho. ​ ix) Urban Company. ​ x) Pine Labs. ​ e) General Atlantic. ​ i) Byju’s. ​ ii) Unacademy. ​ iii) CRED. ​ iv) PhysicsWallah. ​ f) Lightspeed. ​ i) OYO. ​ ii) Sharechat. ​ iii) PhysicsWallah. ​ g) Bessemer Venture Partners. ​ i) Swiggy. ​ ii) Bigbasket. ​ iii) UrbanCompany. ​ h) Temasek. ​ Lenskart. ​ ii) Policy Bazaar. ​ iii) Pinelabs. ​ iv) OYO. ​ v) FirstCry. ​ vi) Zomato. ​ i) GIC. ​ i) Flipkart. ​ ii) Delhivery. ​ iii) Dream11. ​ iv) Razorpay. ​ v) Firstcry. ​ j) Y Combinator. ​ i) Razorpay. ​ ii) Meesho. ​ iii) Groww. ​ iv) Zepto. ​ The following are some of the known domestic structured financial institutions and the known Indian startups that they have funded. They are:- ​ a) Blume Ventures. ​ i) Unacademy. ​ ii) Dunzo. ​ b) Kalaari Capital. ​ i) Dream11. ​ ii) Cult.fit ​ iii) Bluestone. ​ iv) CashKaro. ​ c) Chiratae Ventures. ​ i) Lenskart. ​ ii) PolicyBazaar. ​ iii) Myntra. ​ iv) Firstcry. ​ d) Nexus Venture Partners. ​ i) Zepto. ​ ii) Rapido. ​ iii) Delhivery. ​ iv) Unacademy. ​ e) Indian Angel Network. ​ i) Wow! Momo. ​ f) Titan Capital. ​ i) Mamaearth. ​ ii) Razorpay. ​ iii) Urban company. ​ iv) BharatPe. ​ It is to be noted that we have only selected known and familiar companies for easy relatability. ​ The above exhaustive list shows the following pattern. They are:- ​ a) There is an increase in the number of foreign structured financial institutions compared to domestic structured financial institutions. ​ b) The majority of startups on the list that are being funded are in the service sector or in contract manufacturing, or both pure and contract manufacturing (hybrid manufacturing). ​ c) Only a few startups in the manufacturing sector. ​ Now the obvious questions are the following:- ​ a) Why are Indian startups more dependent on foreign structured financial institutions than domestic structured financial institutions? ​ b) What is the economic impact of heavy dependence on foreign structured financial institutions by Indian startups? ​ Let’s answer each in brief, ​ a) Indian startups depend on foreign players in the vacuum created by the lack of enough domestic players to invest in startups, especially in the pure manufacturing sector. For that, we cannot blame the startups at all. ​ The problem lies with our domestic players' inability to take greater risks to invest in startups, especially in the pure manufacturing sector. ​ Here, the word “Pure manufacturing” refers to startups whose core business model is centered on direct physical production through meaningful in-house capability. It excludes contract manufacturing and outsourced production models. ​ b) Today, the world is moving through an uncertain period. With the start of the recent West Asia War, the intensity of uncertainty got much more severe. ​ That intensity of uncertainty is also affecting India in a large way without any expectation. Especially when India is a net importer of merchandise. ​ Out of all the merchandise imports that India does, there are three important and strategic merchandise that cover the majority of our import expenses. They are:- ​ a) Oil. ​ b) Gold. ​ c) Fertilizers. ​ Now let's look at the West Asian countries from where each of these merchandise is being imported from. They are the following:- ​ a) Oil- Iraq, Saudi Arabia, UAE, Kuwait, Qatar, Oman. ​ b) Gold- UAE, Saudi Arabia, Bahrain. ​ c) Fertilizers- Saudi Arabia, Qatar, Oman, UAE, Iran. ​ It is very well known to us that, if we want to make a cross-border transaction, we can only do it through US dollars. ​ India, being a net importer, especially of the above three merchandise, must have sufficient US currency reserves with it. It would be very difficult for us to maintain the necessary US currency reserve if there is an increasing level of US currency outflow from India. ​ So, we should view the issue of investment by foreign players into the Indian startup ecosystem in the above context. ​ The following chain of events will clearly give you an idea of the economic level impact of heavy dependence on foreign structured financial institutions by Indian startups. They are as follows- ​ i) Foreign inflow. ​ Foreign investor brings USD => USD enters India => USD supply increases in the market => USD gets converted into INR => foreign ownership in Indian assets increases => dollar reserve in India increases. ​ ii) Foreign outflow. ​ Foreign investor sells Indian assets => INR is received in India => INR is converted into USD => USD leaves India => foreign ownership of Indian assets decreases => dollar reserves in India decrease. ​ From the above chain of events its clear that heavy dependence on foreign structured financial institutions by Indian startups will severely affect our own foreign exchange reserve. ​ So, more and more domestic structured financial institutions should come out of their comfort zone, take voluntary initiative and willingness, take greater risk, and should invest in startups, especially in the pure manufacturing sector. ​ The following chain of events will help you clearly understand as to why we are urging more and more domestic structured financial institutions to come forward, take voluntary initiative, and willingness, take greater risk, and invest in startups, especially in the manufacturing sector. They are as follows:- ​ i) Domestic inflow. ​ Domestic investor brings INR => INR is used to buy Indian assets => INR circulates within the Indian economy => domestic ownership in Indian assets increases => dollar reserves in India remain unchanged. ​ ii) Domestic outflow. ​ Domestic investor sells Indian assets => INR received => INR is used to buy other Indian assets or held in cash => domestic ownership shifts between investors => dollar reserves in India remain unchanged. ​ So, the above chain of events is the clear reason as to why we are urging more and more domestic structured financial institutions to come forward, take voluntary initiative, and willingness, take greater risk, and invest in startups, especially in the pure manufacturing sector. ​ 2) Government subsidies. ​ I have in many of my previous social media posts, I have said it and I am reiterating it here- “The government should never be an investor in business; instead, the government should be a facilitator for businesses.” ​ This is the second alternative that startups often depend on after foreign investors. This alternative has its own pros and cons. ​ The following are the pros and cons of government subsidies. They are as follows:- ​ a) Pros of government subsidies from an entrepreneur's perspective. ​ i) easy money for entrepreneurs. ​ b) Cons of government subsidies from an entrepreneur's perspective. ​ i) No innovation. ​ ii) Poor financial management. ​ c) Pros of government subsidies from the government's perspective. ​ There is none. ​ d) Cons of government subsidies from the government’s perspective. ​ This can be easily explained through the following chain of events. They are the following:- ​ Government subsidies provided => government expenditure increases => consumes a large share of government revenue => government may be unable to invest in long-term beneficial capital expenditure, such as infrastructure => slower economic development => slower overall economic growth. ​ The above analysis on government subsidies makes it very clear that government subsidies are not beneficial to either the government, entrepreneurs, or the economy at large. ​ In essence, again, reiterating my earlier point, there is no other substitute in the market; domestic structured financial institutions should come out of their comfort zone, have the willingness and readiness, take greater risk, and invest in more and more innovative startups, especially in the pure manufacturing sector. ​ Through that concerted effort of all domestic structured financial institutions, our country will be able to achieve the target of raising our manufacturing sector’s contribution to GDP to 25%, to transition from hybrid and contract manufacturing to pure manufacturing, and finally transform our country from a semi-capitalist form of governance to a capitalist form of governance. more less",,2026-06-21,https://old.reddit.com/r/Ucomethinkdifferent/comments/1ubi2qf/indias_choice_socialism_for_votes_or_capitalism/
1v1kny2,reddit,"Will I get Cashback as Blinkit Money for using Airtel Axis in this case? Help Needed/ Question Airtel Axis gives cashback if ""Total order value"" is 499 or more. But in this case after choosing to pay 149 from Blinkit Money, the app still shows the Airtel Axis coupon and I could apply it successfully as you can see in the screenshot. But as the amount to be debited from card is less than 499, I'm not sure whether I will get the cashback as Blinkit Money in this case. Has anyone done this and received cashback? Please let me know. more less https://i.redd.it/bqgx59h4sdeh1.jpeg",,2026-07-20,https://old.reddit.com/r/CreditCardsIndia/comments/1v1kny2/will_i_get_cashback_as_blinkit_money_for_using/
1uzstk1,reddit,"🚗 Looking for 50–100 Hot Wheels Collectors to Test Our Blinkit Notification Bot (Read Description Carefully) 0:59 General Like many of you, we've spent countless hours refreshing Blinkit, only to miss restocks within seconds or end up paying inflated resale prices. That's what motivated us to build a Telegram-based Blinkit Hot Wheels notification bot. Our goal isn't just to build a bot—it's to help genuine collectors get the cars they want at MRP and keep this hobby enjoyable and affordable for everyone. We're now looking for 50–100 genuine collectors to join our 1-month trial and help us improve the bot with real-world feedback. 💰 Trial Cost – ₹150 (One-Time for 1 Month) We want to be completely transparent about this. The ₹150 is only to cover the cost of running the servers and infrastructure required to keep the bot online 24/7. We're not earning a single rupee from this trial. The amount simply helps us cover our operating costs while we gather feedback from collectors and improve the bot before a wider release. We'd much rather have genuine collectors test the bot than release something that hasn't been properly tested. ⚡ What the Bot Offers ⚡ Faster-than-Blinkit stock notifications 🕒 24/7 stock monitoring 🔔 Instant stock alerts (checks every minute) 🚗 Track up to 50 Hot Wheels at the same time 📱 Simple and easy-to-use Telegram interface 🚫 No need to keep refreshing Blinkit all day ❓Can This Bot Be Used by Scalpers? This has been the biggest concern we've seen, so we'd like to clarify how the bot actually works. 1️⃣ You can't empty an entire Blinkit inventory Blinkit only makes one unit of a Hot Wheels model available to purchase at a time , even if the warehouse has more stock. Once that unit is purchased, the listing goes out of stock and may reappear later if additional inventory is released. This means no one can buy all available cars in a single order . Every purchase is limited to one visible unit at a time. Our bot simply sends a notification when that unit becomes available. It does not place orders, reserve stock, add items to cart, or automate checkout in any way. 2️⃣ Each user can only monitor one location Every account can track only one Blinkit delivery location (their own pincode) at a time. Alerts are generated only for the store that delivers to that address. Location changes are limited to once every hour , preventing users from rapidly switching between multiple pincodes to monitor stock across an entire city. This means a single user cannot monitor or drain multiple stores simultaneously—they can only receive alerts for their own delivery area. ❤️ Built for Collectors, Not Resellers This bot was created for collectors who are busy with work, college, or other commitments and simply don't have the time to refresh Blinkit throughout the day. The aim is to give genuine collectors a fair chance to buy Hot Wheels at MRP , not to make it easier for resellers to clear stock. 📅 Monthly Plans (After the Trial) If the bot proves useful and you'd like to continue after the trial: ₹299/month – Track up to 20 products ₹349/month – Track up to 30 products ₹499/month – Track up to 50 products There is no obligation to continue after the trial. If you don't find it useful, you can simply stop using it. If it helps you secure the Hot Wheels you're looking for at MRP instead of paying inflated reseller prices, we believe it'll be well worth it. We're genuinely trying to build something that benefits the collecting community, and your feedback during the trial will help make the bot even better. If you're interested in joining the trial, send me a DM and I'll help you get set up. Let's help genuine collectors spend less time refreshing Blinkit and more time enjoying the hobby. more less https://v.redd.it/wgunhqamyydh1",,2026-07-18,https://old.reddit.com/r/hotwheelsmumbai/comments/1uzstk1/looking_for_50100_hot_wheels_collectors_to_test/
1uzsser,reddit,"🚗 Looking for 50–100 Hot Wheels Collectors to Test Our Blinkit Notification Bot (Read Description Carefully) 0:59 Discussion Like many of you, we've spent countless hours refreshing Blinkit, only to miss restocks within seconds or end up paying inflated resale prices. That's what motivated us to build a Telegram-based Blinkit Hot Wheels notification bot. Our goal isn't just to build a bot—it's to help genuine collectors get the cars they want at MRP and keep this hobby enjoyable and affordable for everyone. We're now looking for 50–100 genuine collectors to join our 1-month trial and help us improve the bot with real-world feedback. 💰 Trial Cost – ₹150 (One-Time for 1 Month) We want to be completely transparent about this. The ₹150 is only to cover the cost of running the servers and infrastructure required to keep the bot online 24/7. We're not earning a single rupee from this trial. The amount simply helps us cover our operating costs while we gather feedback from collectors and improve the bot before a wider release. We'd much rather have genuine collectors test the bot than release something that hasn't been properly tested. ⚡ What the Bot Offers ⚡ Faster-than-Blinkit stock notifications 🕒 24/7 stock monitoring 🔔 Instant stock alerts (checks every minute) 🚗 Track up to 50 Hot Wheels at the same time 📱 Simple and easy-to-use Telegram interface 🚫 No need to keep refreshing Blinkit all day ❓Can This Bot Be Used by Scalpers? This has been the biggest concern we've seen, so we'd like to clarify how the bot actually works. 1️⃣ You can't empty an entire Blinkit inventory Blinkit only makes one unit of a Hot Wheels model available to purchase at a time , even if the warehouse has more stock. Once that unit is purchased, the listing goes out of stock and may reappear later if additional inventory is released. This means no one can buy all available cars in a single order . Every purchase is limited to one visible unit at a time. Our bot simply sends a notification when that unit becomes available. It does not place orders, reserve stock, add items to cart, or automate checkout in any way. 2️⃣ Each user can only monitor one location Every account can track only one Blinkit delivery location (their own pincode) at a time. Alerts are generated only for the store that delivers to that address. Location changes are limited to once every hour , preventing users from rapidly switching between multiple pincodes to monitor stock across an entire city. This means a single user cannot monitor or drain multiple stores simultaneously—they can only receive alerts for their own delivery area. ❤️ Built for Collectors, Not Resellers This bot was created for collectors who are busy with work, college, or other commitments and simply don't have the time to refresh Blinkit throughout the day. The aim is to give genuine collectors a fair chance to buy Hot Wheels at MRP , not to make it easier for resellers to clear stock. 📅 Monthly Plans (After the Trial) If the bot proves useful and you'd like to continue after the trial: ₹299/month – Track up to 20 products ₹349/month – Track up to 30 products ₹499/month – Track up to 50 products There is no obligation to continue after the trial. If you don't find it useful, you can simply stop using it. If it helps you secure the Hot Wheels you're looking for at MRP instead of paying inflated reseller prices, we believe it'll be well worth it. We're genuinely trying to build something that benefits the collecting community, and your feedback during the trial will help make the bot even better. If you're interested in joining the trial, send me a DM and I'll help you get set up. Let's help genuine collectors spend less time refreshing Blinkit and more time enjoying the hobby. more less https://v.redd.it/hzwlh5wayydh1",,2026-07-18,https://old.reddit.com/r/HotWheelsIndiaClub/comments/1uzsser/looking_for_50100_hot_wheels_collectors_to_test/
1uzskfh,reddit,"[OTHER]🚗 Looking for 50–100 Hot Wheels Collectors to Test Our Blinkit Notification Bot (Read Description Carefully) 0:59 📦 Other Like many of you, we've spent countless hours refreshing Blinkit, only to miss restocks within seconds or end up paying inflated resale prices. That's what motivated us to build a Telegram-based Blinkit Hot Wheels notification bot. Our goal isn't just to build a bot—it's to help genuine collectors get the cars they want at MRP and keep this hobby enjoyable and affordable for everyone. We're now looking for 50–100 genuine collectors to join our 1-month trial and help us improve the bot with real-world feedback. 💰 Trial Cost – ₹150 (One-Time for 1 Month) We want to be completely transparent about this. The ₹150 is only to cover the cost of running the servers and infrastructure required to keep the bot online 24/7. We're not earning a single rupee from this trial. The amount simply helps us cover our operating costs while we gather feedback from collectors and improve the bot before a wider release. We'd much rather have genuine collectors test the bot than release something that hasn't been properly tested. ⚡ What the Bot Offers ⚡ Faster-than-Blinkit stock notifications 🕒 24/7 stock monitoring 🔔 Instant stock alerts (checks every minute) 🚗 Track up to 50 Hot Wheels at the same time 📱 Simple and easy-to-use Telegram interface 🚫 No need to keep refreshing Blinkit all day ❓Can This Bot Be Used by Scalpers? This has been the biggest concern we've seen, so we'd like to clarify how the bot actually works. 1️⃣ You can't empty an entire Blinkit inventory Blinkit only makes one unit of a Hot Wheels model available to purchase at a time , even if the warehouse has more stock. Once that unit is purchased, the listing goes out of stock and may reappear later if additional inventory is released. This means no one can buy all available cars in a single order . Every purchase is limited to one visible unit at a time. Our bot simply sends a notification when that unit becomes available. It does not place orders, reserve stock, add items to cart, or automate checkout in any way. 2️⃣ Each user can only monitor one location Every account can track only one Blinkit delivery location (their own pincode) at a time. Alerts are generated only for the store that delivers to that address. Location changes are limited to once every hour , preventing users from rapidly switching between multiple pincodes to monitor stock across an entire city. This means a single user cannot monitor or drain multiple stores simultaneously—they can only receive alerts for their own delivery area. ❤️ Built for Collectors, Not Resellers This bot was created for collectors who are busy with work, college, or other commitments and simply don't have the time to refresh Blinkit throughout the day. The aim is to give genuine collectors a fair chance to buy Hot Wheels at MRP , not to make it easier for resellers to clear stock. 📅 Monthly Plans (After the Trial) If the bot proves useful and you'd like to continue after the trial: ₹299/month – Track up to 20 products ₹349/month – Track up to 30 products ₹499/month – Track up to 50 products There is no obligation to continue after the trial. If you don't find it useful, you can simply stop using it. If it helps you secure the Hot Wheels you're looking for at MRP instead of paying inflated reseller prices, we believe it'll be well worth it. We're genuinely trying to build something that benefits the collecting community, and your feedback during the trial will help make the bot even better. If you're interested in joining the trial, send me a DM and I'll help you get set up. Let's help genuine collectors spend less time refreshing Blinkit and more time enjoying the hobby. more less https://v.redd.it/6bjal9b2wydh1",,2026-07-18,https://old.reddit.com/r/HotWheelsIndiaBST/comments/1uzskfh/other_looking_for_50100_hot_wheels_collectors_to/
1uzsj1v,reddit,"🚗 Looking for 50–100 Hot Wheels Collectors to Test Our Blinkit Notification Bot (Read Description Carefully) 0:59 Others Like many of you, we've spent countless hours refreshing Blinkit, only to miss restocks within seconds or end up paying inflated resale prices. That's what motivated us to build a Telegram-based Blinkit Hot Wheels notification bot. Our goal isn't just to build a bot—it's to help genuine collectors get the cars they want at MRP and keep this hobby enjoyable and affordable for everyone. We're now looking for 50–100 genuine collectors to join our 1-month trial and help us improve the bot with real-world feedback. 💰 Trial Cost – ₹150 (One-Time for 1 Month) We want to be completely transparent about this. The ₹150 is only to cover the cost of running the servers and infrastructure required to keep the bot online 24/7. We're not earning a single rupee from this trial. The amount simply helps us cover our operating costs while we gather feedback from collectors and improve the bot before a wider release. We'd much rather have genuine collectors test the bot than release something that hasn't been properly tested. ⚡ What the Bot Offers ⚡ Faster-than-Blinkit stock notifications 🕒 24/7 stock monitoring 🔔 Instant stock alerts (checks every minute) 🚗 Track up to 50 Hot Wheels at the same time 📱 Simple and easy-to-use Telegram interface 🚫 No need to keep refreshing Blinkit all day ❓Can This Bot Be Used by Scalpers? This has been the biggest concern we've seen, so we'd like to clarify how the bot actually works. 1️⃣ You can't empty an entire Blinkit inventory Blinkit only makes one unit of a Hot Wheels model available to purchase at a time , even if the warehouse has more stock. Once that unit is purchased, the listing goes out of stock and may reappear later if additional inventory is released. This means no one can buy all available cars in a single order . Every purchase is limited to one visible unit at a time. Our bot simply sends a notification when that unit becomes available. It does not place orders, reserve stock, add items to cart, or automate checkout in any way. 2️⃣ Each user can only monitor one location Every account can track only one Blinkit delivery location (their own pincode) at a time. Alerts are generated only for the store that delivers to that address. Location changes are limited to once every hour , preventing users from rapidly switching between multiple pincodes to monitor stock across an entire city. This means a single user cannot monitor or drain multiple stores simultaneously—they can only receive alerts for their own delivery area. ❤️ Built for Collectors, Not Resellers This bot was created for collectors who are busy with work, college, or other commitments and simply don't have the time to refresh Blinkit throughout the day. The aim is to give genuine collectors a fair chance to buy Hot Wheels at MRP , not to make it easier for resellers to clear stock. 📅 Monthly Plans (After the Trial) If the bot proves useful and you'd like to continue after the trial: ₹299/month – Track up to 20 products ₹349/month – Track up to 30 products ₹499/month – Track up to 50 products There is no obligation to continue after the trial. If you don't find it useful, you can simply stop using it. If it helps you secure the Hot Wheels you're looking for at MRP instead of paying inflated reseller prices, we believe it'll be well worth it. We're genuinely trying to build something that benefits the collecting community, and your feedback during the trial will help make the bot even better. If you're interested in joining the trial, send me a DM and I'll help you get set up. Let's help genuine collectors spend less time refreshing Blinkit and more time enjoying the hobby. more less https://v.redd.it/5ejlis3euydh1",,2026-07-18,https://old.reddit.com/r/HotWheels_Hyderabad/comments/1uzsj1v/looking_for_50100_hot_wheels_collectors_to_test/
1uxtfls,reddit,"How are you efficiently using a ₹8k/month Pluxee (Sodexo) meal card if you don't dine out much? Budgeting, Planning & Discipline Hi everyone ive seen similar posts but those dont have much value reach comments hence posting again to see if anyone can help My company allows structuring up to ₹8,000 per month as a non-taxable meal card (Pluxee/Sodexo). I am currently in the 30% tax bracket. ​If I take this component as direct cash salary, I lose roughly 31.2% to taxes, which leaves me with only around ₹5,500 in hand. Financially, it makes total sense to take the Pluxee card to save ~₹2,500 a month in taxes. ​The catch is that my family and I don't dine out or order food from restaurants even swiggy and zomato very often. ​For those who are in a similar boat, how are you using your meal card efficiently without letting the balance pile up? ​Quick-commerce apps like Blinkit, Zepto, or Swiggy Instamart allow you to pay but their prices are high and leads to buying unnecessary items to have free delivery. ​Are there major offline supermarkets (like DMart and more) near me stopped to accept it during checkout (tested anf failed even with food items such as only paneer also failed payments) ​Any hidden hacks, workarounds, or restrictions I should be aware of before opting in? ​Would love to know how you guys maximize this benefit. Thanks! more less",,2026-07-16,https://old.reddit.com/r/Frugal_Ind/comments/1uxtfls/how_are_you_efficiently_using_a_8kmonth_pluxee/
1uwz5c6,reddit,Have anyone used POP upi's pay later Question Is it really no cost emi Suppose I bought something for 3k And I chose to pay 1k each month So after 3 months total of 3k would be charged or more ? more less https://i.redd.it/9yy2mq33mcdh1.jpeg,,2026-07-15,https://old.reddit.com/r/UPI/comments/1uwz5c6/have_anyone_used_pop_upis_pay_later/
1uszrt6,reddit,"Happy Birthday Problem Creators! News Eighteen years in, Zomato now Eternal is telling a story of triumph: revenue up nearly 197% to ₹17,292 crore in Q4 FY26, profit at ₹174 crore, Blinkit finally EBITDA-positive. Founder Deepinder Goyal says it took eighteen years to cross $10 billion in annual transactions, and the company expects to double that in two. Start with your own order. In May 2026, the FSSAI wrote to Blinkit after a customer fell seriously ill from curd bought on the app, and separately flagged allegedly substandard eggs sold through the platform. At checkout, the app nudges you to donate to Feeding India, “a Zomato Giveback.” But Feeding India's own 2024–25 annual report shows Zomato and Blinkit customers together supplied roughly 95% of its funds, meaning the “giveback” is mostly yours, collected in small increments when you're least likely to notice, marketed back as the company's generosity. A company posting 346% quarterly profit growth has no structural reason its flagship charity should run on customer micro-donations rather than its own balance sheet. Funding it from profit would barely register. Funding it through checkout nudges instead launders a marketing expense as a social one. You pay twice: once for a meal whose safety isn't fully assured, again for a cause you have no clue about as it's hidden behind feel good marketing. Through 2025–26, employee posts and reviews describe roughly 600 customer-support staff let go over a year, some cited for reasons like “being late by an average of 28 minutes a month,” as AI tools took over support functions. Recurring complaints on employee-review platforms- favouritism, layoffs timed to dodge increments, KPIs nobody can meet, read less like normal workplace friction than a system where flexibility stays with management and volatility lands on workers. On the road, the same story, louder. On December 31, 2025, and again on Christmas Day, delivery partners across Zomato, Swiggy, Blinkit, Zepto and Amazon struck over falling pay and delivery windows as tight as seven minutes. Goyal called the strikers “miscreants,” thanked police for “keeping them in check,” and argued an unfair system wouldn't attract so many workers, a claim that sits uneasily against research showing most people take up gig work out of necessity rather than choice. It took a hard government deadline in June 2026, and a labour code passed six years earlier, to force even basic gig-worker registration onto platforms including Zomato. None of this makes Zomato uniquely villainous. Shifting cost onto the powerless, dressing marketing as charity, treating compliance as negotiable, this is platform capitalism's default logic everywhere. Zomato didn't invent it; it's just one of its most visible, most loved practitioners, which is exactly why it deserves scrutiny rather than a pass. The real problem is what happens after each fact leaves this page. A tax notice, a strike, a layoff post, each gets one news cycle and vanishes, while the founder's letter about “eighteen years of hustle” gets shared and remembered. Startup journalism runs on access and optics; the outlets cheering the next milestone are often the same ones that will run the next festival campaign story without asking who actually paid for it. What people see instead is a rider smiling in the rain, captioned “cutie on duty”, and a comment section saying aww, so cool, while nobody asks what he's paid for that smile, or why he's back on the app days after a strike he couldn't afford to sit out. Eighteen years in, this anniversary shouldn't celebrate transaction volume. It should be an audit- conducted by someone other than the company, and read by an industry willing to interrupt a story it has grown too fond of. more less",,2026-07-10,https://old.reddit.com/r/Zomato/comments/1uszrt6/happy_birthday_problem_creators/
1umm2kp,reddit,"Amazon Now already winning the price war? I'm already preferring Amazon unless it's midnight. What's your opinion on this price difference? PS: Both the dark stores are super close to my house, so nothing like distance factor. Seems like amazon is putting in a lot of cash to get customers. more less https://i.redd.it/wf447uq542bh1.jpeg",,2026-07-03,https://old.reddit.com/r/blinkit/comments/1umm2kp/amazon_now_already_winning_the_price_war_im/
1ul0e1q,reddit,"End-of-month problems: I built a fake food delivery app because I couldn't afford the real thing ​Like a lot of people, I have this weird habit of opening Swiggy or Blinkit at 1 AM, spending 15 minutes browsing, filling my cart with food I absolutely don't need... and then closing the app without ordering anything. ​It made me realize something: I wasn't craving the food as much as I was craving the browsing ritual. ​So I built NeverDelivered. ​It's a fake delivery app where you can: ​Browse restaurants and groceries ​Add items to your cart ​Go through a fake UPI or COD checkout ​Watch a live delivery tracker with ""Raju bhaiya"" bringing your order ​Finally see ""Delivered!"" and a screen showing how much money you ""saved"" ​The entire experience is fake. You spend ₹0, no order is placed, no account is required, and we don't collect any data. ​I also added a bunch of desi touches: ​10-minute grocery delivery ​Fake UPI QR payment ​""Order delayed due to heavy rain in your area"" ​Big Billion-style offers ​Random delivery updates ​I originally built it as a joke for myself, but it's surprisingly satisfying. 😂 ​There are definitely bugs and rough edges—we're actively working on them. ​I'd genuinely love feedback: ​What broke? ​What felt boring? ​What features would make you come back? ​Is this just a dumb joke, or does it actually scratch that midnight dopamine itch? ​Try it here: https://neverdelivered.com ​(No install required. Works best on mobile.) more less https://i.redd.it/bnnr5nr04pah1.png",,2026-07-01,https://old.reddit.com/r/FuckZepto/comments/1ul0e1q/endofmonth_problems_i_built_a_fake_food_delivery/
1ujn07l,reddit,"Built an address capture tool to cut RTOs for D2C brands Product Launch Solving India's messy, unstructured address problem for D2C brands. Swiggy, Zomato, and Blinkit already figured this out internally. Drop a pin, get an exact location, reuse it next time. D2C brands never got that. Most are still stuck with long text fields and no way to fix it without building it from scratch, which would not even work across different stores. Built Geophrase to bring that same experience to everyone else. Customer drops a pin on a map at checkout. Pincode, city, and state fill automatically, they only type the house number and landmark. A short map link is generated and injected into the standard address fields, so it prints on the shipping label no matter who delivers. Works with any existing courier without anyone needing to change anything on their end. Returning customers select a saved address in one tap, even across different stores, so they are not retyping the same details every time they shop somewhere new. Every address also comes with the customer's verified phone number, so you can create or log in their account without sending your own OTP to verify the number. You also get a clean name and number to print on the shipping label. If you run your own delivery fleet, there is also a full delivery management layer on top, with agent assignment, OTP proof of delivery, and route planning. Pay per use, around 2 rupees per address capture. No monthly subscription. First 500 rupees free, no card required. https://geophrase.com if you want to take a look, or drop a comment if you have questions. more less",,2026-06-30,https://old.reddit.com/r/indiehackersindia/comments/1ujn07l/built_an_address_capture_tool_to_cut_rtos_for_d2c/
1ujl4j7,reddit,"Built an address capture tool to cut RTOs for D2C brands Other Solving India's messy, unstructured address problem for D2C brands. Swiggy, Zomato, and Blinkit already figured this out internally. Drop a pin, get an exact location, reuse it next time. D2C brands never got that. Most are still stuck with long text fields and no way to fix it without building it from scratch, which would not even work across different stores. Built something to bring that same experience to everyone else. Customer drops a pin on a map at checkout. Pincode, city, and state fill automatically, they only type the house number and landmark. A short map link is generated and injected into the standard address fields, so it prints on the shipping label no matter who delivers. Works with any existing courier without anyone needing to change anything on their end. Returning customers select a saved address in one tap, even across different stores, so they are not retyping the same details every time they shop somewhere new. Every address also comes with the customer's verified phone number, so you can create or log in their account without sending your own OTP to verify the number. You also get a clean name and number to print on the shipping label. If you run your own delivery fleet, there is also a full delivery management layer on top, with agent assignment, OTP proof of delivery, and route planning. Drop a comment or DM me if you want to know more. more less",,2026-06-30,https://old.reddit.com/r/hyderabad/comments/1ujl4j7/built_an_address_capture_tool_to_cut_rtos_for_d2c/
1ujkp1k,reddit,"Built an address capture tool to cut RTOs for D2C brands Ask Bengaluru | ಏನಂತೀರಾ? Solving India's messy, unstructured address problem for D2C brands. Swiggy, Zomato, and Blinkit already figured this out internally. Drop a pin, get an exact location, reuse it next time. D2C brands never got that. Most are still stuck with long text fields and no way to fix it without building it from scratch, which would not even work across different stores. Built something to bring that same experience to everyone else. Customer drops a pin on a map at checkout. Pincode, city, and state fill automatically, they only type the house number and landmark. A short map link is generated and injected into the standard address fields, so it prints on the shipping label no matter who delivers. Works with any existing courier without anyone needing to change anything on their end. Returning customers select a saved address in one tap, even across different stores, so they are not retyping the same details every time they shop somewhere new. Every address also comes with the customer's verified phone number, so you can create or log in their account without sending your own OTP to verify the number. You also get a clean name and number to print on the shipping label. If you run your own delivery fleet, there is also a full delivery management layer on top, with agent assignment, OTP proof of delivery, and route planning. Pay per use, around 2 rupees per address capture. No monthly subscription. First 500 rupees free, no card required. Drop a comment or DM me if you want to know more. more less",,2026-06-30,https://old.reddit.com/r/Bengaluru/comments/1ujkp1k/built_an_address_capture_tool_to_cut_rtos_for_d2c/
1ujkk7h,reddit,"Built an address capture tool to cut RTOs for D2C brands Self-post Solving India's messy, unstructured address problem for D2C brands. Swiggy, Zomato, and Blinkit already figured this out internally. Drop a pin, get an exact location, reuse it next time. D2C brands never got that. Most are still stuck with long text fields and no way to fix it without building it from scratch, which would not even work across different stores. Built something to bring that same experience to everyone else. Customer drops a pin on a map at checkout. Pincode, city, and state fill automatically, they only type the house number and landmark. A short map link is generated and injected into the standard address fields, so it prints on the shipping label no matter who delivers. Works with any existing courier without anyone needing to change anything on their end. Returning customers select a saved address in one tap, even across different stores, so they are not retyping the same details every time they shop somewhere new. Every address also comes with the customer's verified phone number, so you can create or log in their account without sending your own OTP to verify the number. You also get a clean name and number to print on the shipping label. If you run your own delivery fleet, there is also a full delivery management layer on top, with agent assignment, OTP proof of delivery, and route planning. Pay per use, around 2 rupees per address capture. No monthly subscription. First 500 rupees free, no card required. Drop a comment or DM me if you want to know more. more less",,2026-06-30,https://old.reddit.com/r/guwahati/comments/1ujkk7h/built_an_address_capture_tool_to_cut_rtos_for_d2c/
1ujkjh7,reddit,"Built an address capture tool to cut RTOs for D2C brands Self Promotion/Advertisement Solving India's messy, unstructured address problem for D2C brands. Swiggy, Zomato, and Blinkit already figured this out internally. Drop a pin, get an exact location, reuse it next time. D2C brands never got that. Most are still stuck with long text fields and no way to fix it without building it from scratch, which would not even work across different stores. Built something to bring that same experience to everyone else. Customer drops a pin on a map at checkout. Pincode, city, and state fill automatically, they only type the house number and landmark. A short map link is generated and injected into the standard address fields, so it prints on the shipping label no matter who delivers. Works with any existing courier without anyone needing to change anything on their end. Returning customers select a saved address in one tap, even across different stores, so they are not retyping the same details every time they shop somewhere new. Every address also comes with the customer's verified phone number, so you can create or log in their account without sending your own OTP to verify the number. You also get a clean name and number to print on the shipping label. If you run your own delivery fleet, there is also a full delivery management layer on top, with agent assignment, OTP proof of delivery, and route planning. Pay per use, around 2 rupees per address capture. No monthly subscription. First 500 rupees free, no card required. Drop a comment or DM me if you want to know more. more less",,2026-06-30,https://old.reddit.com/r/assam/comments/1ujkjh7/built_an_address_capture_tool_to_cut_rtos_for_d2c/
1ujkit4,reddit,"Built an address capture tool to cut RTOs for D2C brands [India Specific] Solving India's messy, unstructured address problem for D2C brands. Swiggy, Zomato, and Blinkit already figured this out internally. Drop a pin, get an exact location, reuse it next time. D2C brands never got that. Most are still stuck with long text fields and no way to fix it without building it from scratch, which would not even work across different stores. Built something to bring that same experience to everyone else. Customer drops a pin on a map at checkout. Pincode, city, and state fill automatically, they only type the house number and landmark. A short map link is generated and injected into the standard address fields, so it prints on the shipping label no matter who delivers. Works with any existing courier without anyone needing to change anything on their end. Returning customers select a saved address in one tap, even across different stores, so they are not retyping the same details every time they shop somewhere new. Every address also comes with the customer's verified phone number, so you can create or log in their account without sending your own OTP to verify the number. You also get a clean name and number to print on the shipping label. If you run your own delivery fleet, there is also a full delivery management layer on top, with agent assignment, OTP proof of delivery, and route planning. Pay per use, around 2 rupees per address capture. No monthly subscription. First 500 rupees free, no card required. Drop a comment or DM me if you want to know more. more less",,2026-06-30,https://old.reddit.com/r/SideProject/comments/1ujkit4/built_an_address_capture_tool_to_cut_rtos_for_d2c/
1ujkhqf,reddit,"Built an address capture tool to cut RTOs for D2C brands Solving India's messy, unstructured address problem for D2C brands. Swiggy, Zomato, and Blinkit already figured this out internally. Drop a pin, get an exact location, reuse it next time. D2C brands never got that. Most are still stuck with long text fields and no way to fix it without building it from scratch, which would not even work across different stores. Built something to bring that same experience to everyone else. Customer drops a pin on a map at checkout. Pincode, city, and state fill automatically, they only type the house number and landmark. A short map link is generated and injected into the standard address fields, so it prints on the shipping label no matter who delivers. Works with any existing courier without anyone needing to change anything on their end. Returning customers select a saved address in one tap, even across different stores, so they are not retyping the same details every time they shop somewhere new. Every address also comes with the customer's verified phone number, so you can create or log in their account without sending your own OTP to verify the number. You also get a clean name and number to print on the shipping label. If you run your own delivery fleet, there is also a full delivery management layer on top, with agent assignment, OTP proof of delivery, and route planning. Pay per use, around 2 rupees per address capture. No monthly subscription. First 500 rupees free, no card required. Drop a comment or DM me if you want to know more. more less",,2026-06-30,https://old.reddit.com/r/Bangalorestartups/comments/1ujkhqf/built_an_address_capture_tool_to_cut_rtos_for_d2c/
1ujkd22,reddit,"Built an address capture tool to cut RTOs for D2C brands 🔥 Promotion Solving India's messy, unstructured address problem for D2C brands. Swiggy, Zomato, and Blinkit already figured this out internally. Drop a pin, get an exact location, reuse it next time. D2C brands never got that. Most are still stuck with long text fields and no way to fix it without building it from scratch, which would not even work across different stores. Built something to bring that same experience to everyone else. Customer drops a pin on a map at checkout. Pincode, city, and state fill automatically, they only type the house number and landmark. A short map link is generated and injected into the standard address fields, so it prints on the shipping label no matter who delivers. Works with any existing courier without anyone needing to change anything on their end. Returning customers select a saved address in one tap, even across different stores, so they are not retyping the same details every time they shop somewhere new. Every address also comes with the customer's verified phone number, so you can create or log in their account without sending your own OTP to verify the number. You also get a clean name and number to print on the shipping label. If you run your own delivery fleet, there is also a full delivery management layer on top, with agent assignment, OTP proof of delivery, and route planning. Pay per use, around 2 rupees per address capture. No monthly subscription. First 500 rupees free, no card required. Drop a comment or DM me if you want to know more. more less",,2026-06-30,https://old.reddit.com/r/IndianEntrepreneur/comments/1ujkd22/built_an_address_capture_tool_to_cut_rtos_for_d2c/
1ujka68,reddit,"Built an address capture tool to cut RTOs for D2C brands Business Ride Along Solving India's messy, unstructured address problem for D2C brands. Swiggy, Zomato, and Blinkit already figured this out internally. Drop a pin, get an exact location, reuse it next time. D2C brands never got that. Most are still stuck with long text fields and no way to fix it without building it from scratch, which would not even work across different stores. Built something to bring that same experience to everyone else. Customer drops a pin on a map at checkout. Pincode, city, and state fill automatically, they only type the house number and landmark. A short map link is generated and injected into the standard address fields, so it prints on the shipping label no matter who delivers. Works with any existing courier without anyone needing to change anything on their end. Returning customers select a saved address in one tap, even across different stores, so they are not retyping the same details every time they shop somewhere new. Every address also comes with the customer's verified phone number, so you can create or log in their account without sending your own OTP to verify the number. You also get a clean name and number to print on the shipping label. If you run your own delivery fleet, there is also a full delivery management layer on top, with agent assignment, OTP proof of delivery, and route planning. Pay per use, around 2 rupees per address capture. No monthly subscription. First 500 rupees free, no card required. Drop a comment or DM me if you want to know more. more less",,2026-06-30,https://old.reddit.com/r/indianstartups/comments/1ujka68/built_an_address_capture_tool_to_cut_rtos_for_d2c/
g3kk5w,reddit,10MinDeals India’s home for lightning-fast grocery & quick commerce deals ⚡ Zepto • Blinkit • Instamart • BB Now • Amazon Now • Flipkart Minutes search within r/10MinDeals,,,https://old.reddit.com/r/10MinDeals/
2dfnk0,reddit,The developersIndia Community A wholesome community made by & for software & tech folks in India. Have a doubt? Ask it out. search within r/developersIndia,,,https://old.reddit.com/r/developersIndia/
1v68p1a,reddit,"Does your Kaamwali bai also ask you what to cook every day ? GeneralHelp Every morning, my kaamwali didi, who is also the cook, has the same question, ' Aaj kya banau ?' I work late, and waking up to this question is becoming daunting. I tell her the same thing everyday, - make a sabji of whatever is in the fridge. And later at lunch, I am cribbing every day why the same three dishes are there for the entire week. I cannot blame her as well, she has been sincerely asking me every day. I have a heavy workload, and it is impossible for me to keep track of what is in the fridge, what needs to be bought, and whatnot. I have to totally depend on my guesswork or just give her a random instructions. She comes early in the morning, and by the time I have completely woken up, she has completed her work and left. For the last five days, I've been meaning to ask her to clean the kitchen sink but by the time I am in my senses, she has already left. This is a recurring problem. Every time I remember something, probably in the evening or at night, I remind myself to tell her the next morning, but again the same loop happens. She comes in, finishes her work, leaves, and then I have to again wait for the next day. I have whatsapped her a couple of times with these instructions but that doesnt work, either I forget or she doesnt see it or whatever, it just doesnt work Another problem is groceries. She tells me the very day something has gotten over and reminds me to buy it at the end of the week when I usually buy my groceries. But by the time I have reached the weekend, I have either completely forgotten about it or forgotten details of what exactly it is that she wanted. It is a complete mess. I have now started using Blinkit the moment she tells me what is missing to get it, but then I am wasting money and it's still very difficult to do right after you've woken up. So,I have decided to build an app for this. I have already shared the idea with my friends, and all of them validated the idea. All of them said it would be very useful, and they have basically signed up to get the app whenever it is ready. I asked my kaamwali bai as well, and she said she is fine to use it as well. It will be easy for her. Her only fear was that she doesn't know how to read or write, but she said she is okay with WhatsApp audio messages. I am gonna build on that. Is this something that more people face ? Would you personally use this ?? All suggestions and criticisms are welcome. more less https://i.redd.it/2iq9zn74qdfh1.jpeg",,2026-07-25,https://old.reddit.com/r/ask_Bondha/comments/1v68p1a/does_your_kaamwali_bai_also_ask_you_what_to_cook/
1v68njw,reddit,"I'm tired of my kaamwali bai asking me the same question everyday, so I am building this Every morning, my kaamwali didi, who is also the cook, has the same question, ‘ Aaj kya banau ?' I work late, and waking up to this question is becoming daunting. I tell her the same thing everyday, - make a sabji of whatever is in the fridge. And later at lunch, I am cribbing every day why the same three dishes are there for the entire week. I cannot blame her as well, she has been sincerely asking me every day. I have a heavy workload, and it is impossible for me to keep track of what is in the fridge, what needs to be bought, and whatnot. I have to totally depend on my guesswork or just give her a random instructions. She comes early in the morning, and by the time I have completely woken up, she has completed her work and left. For the last five days, I've been meaning to ask her to clean the kitchen sink but by the time I am in my senses, she has already left. This is a recurring problem. Every time I remember something, probably in the evening or at night, I remind myself to tell her the next morning, but again the same loop happens. She comes in, finishes her work, leaves, and then I have to again wait for the next day. I have whatsapped her a couple of times with these instructions but that doesnt work, either I forget or she doesnt see it or whatever, it just doesnt work Another problem is groceries. She tells me the very day something has gotten over and reminds me to buy it at the end of the week when I usually buy my groceries. But by the time I have reached the weekend, I have either completely forgotten about it or forgotten details of what exactly it is that she wanted. It is a complete mess. I have now started using Blinkit the moment she tells me what is missing to get it, but then I am wasting money and it's still very difficult to do right after you've woken up. So,I have decided to build an app for this. I have already shared the idea with my friends, and all of them validated the idea. All of them said it would be very useful, and they have basically signed up to get the app whenever it is ready. I asked my kaamwali bai as well, and she said she is fine to use it as well. It will be easy for her. Her only fear was that she doesn't know how to read or write, but she said she is okay with WhatsApp audio messages. I am gonna build on that. Is this something that more people face ? Would you personally use this ?? All suggestions and criticisms are welcome. more less https://i.redd.it/7g3bdiyspdfh1.jpeg",,2026-07-25,https://old.reddit.com/r/IndianInLaw/comments/1v68njw/im_tired_of_my_kaamwali_bai_asking_me_the_same/
1v68ae2,reddit,"I'm tired of my kaamwali bai asking me the same question everyday, so I am building this Every morning, my kaamwali didi, who is also the cook, has the same question, ' Aaj kya banau ?' I work late, and waking up to this question is becoming daunting. I tell her the same thing everyday, - make a sabji of whatever is in the fridge. And later at lunch, I am cribbing every day why the same three dishes are there for the entire week. I cannot blame her as well, she has been sincerely asking me every day. I have a heavy workload, and it is impossible for me to keep track of what is in the fridge, what needs to be bought, and whatnot. I have to totally depend on my guesswork or just give her a random instructions. She comes early in the morning, and by the time I have completely woken up, she has completed her work and left. For the last five days, I've been meaning to ask her to clean the kitchen sink but by the time I am in my senses, she has already left. This is a recurring problem. Every time I remember something, probably in the evening or at night, I remind myself to tell her the next morning, but again the same loop happens. She comes in, finishes her work, leaves, and then I have to again wait for the next day. I have whatsapped her a couple of times with these instructions but that doesnt work, either I forget or she doesnt see it or whatever, it just doesnt work Another problem is groceries. She tells me the very day something has gotten over and reminds me to buy it at the end of the week when I usually buy my groceries. But by the time I have reached the weekend, I have either completely forgotten about it or forgotten details of what exactly it is that she wanted. It is a complete mess. I have now started using Blinkit the moment she tells me what is missing to get it, but then I am wasting money and it's still very difficult to do right after you've woken up. So,I have decided to build an app for this. I have already shared the idea with my friends, and all of them validated the idea. All of them said it would be very useful, and they have basically signed up to get the app whenever it is ready. I asked my kaamwali bai as well, and she said she is fine to use it as well. It will be easy for her. Her only fear was that she doesn't know how to read or write, but she said she is okay with WhatsApp audio messages. I am gonna build on that. If this is something you think can be helpful to you as well, upvote this and drop me a message or just comment here, and I will share the link where you can put in your email ID. I'll let you know when I have it ready. more less https://i.redd.it/63cv8gk0ndfh1.png",,2026-07-25,https://old.reddit.com/r/GetStartups/comments/1v68ae2/im_tired_of_my_kaamwali_bai_asking_me_the_same/
1v67zpx,reddit,"I'm tired of my kaamwali bai asking me the same question everyday, so I am building this Every morning, my kaamwali didi, who is also the cook, has the same question, ' Aaj kya banau ?' I work late, and waking up to this question is becoming daunting. I tell her the same thing everyday, - make a sabji of whatever is in the fridge. And later at lunch, I am cribbing every day why the same three dishes are there for the entire week. I cannot blame her as well, she has been sincerely asking me every day. I have a heavy workload, and it is impossible for me to keep track of what is in the fridge, what needs to be bought, and whatnot. I have to totally depend on my guesswork or just give her a random instructions. She comes early in the morning, and by the time I have completely woken up, she has completed her work and left. For the last five days, I've been meaning to ask her to clean the kitchen sink but by the time I am in my senses, she has already left. This is a recurring problem. Every time I remember something, probably in the evening or at night, I remind myself to tell her the next morning, but again the same loop happens. She comes in, finishes her work, leaves, and then I have to again wait for the next day. I have whatsapped her a couple of times with these instructions but that doesnt work, either I forget or she doesnt see it or whatever, it just doesnt work Another problem is groceries. She tells me the very day something has gotten over and reminds me to buy it at the end of the week when I usually buy my groceries. But by the time I have reached the weekend, I have either completely forgotten about it or forgotten details of what exactly it is that she wanted. It is a complete mess. I have now started using Blinkit the moment she tells me what is missing to get it, but then I am wasting money and it's still very difficult to do right after you've woken up. So,I have decided to build an app for this. I have already shared the idea with my friends, and all of them validated the idea. All of them said it would be very useful, and they have basically signed up to get the app whenever it is ready. I asked my kaamwali bai as well, and she said she is fine to use it as well. It will be easy for her. Her only fear was that she doesn't know how to read or write, but she said she is okay with WhatsApp audio messages. I am gonna build on that. If this is something you think can be helpful to you as well, upvote this and drop me a message or just comment here, and I will share the link where you can put in your email ID. I'll let you know when I have it ready. All suggestions and criticisms are welcome more less https://i.redd.it/ywqhks3pkdfh1.png",,2026-07-25,https://old.reddit.com/r/startupideas/comments/1v67zpx/im_tired_of_my_kaamwali_bai_asking_me_the_same/
1v6778q,reddit,"I'm tired of my kaamwali bai asking me the same question everyday, so I am building this Saturday Spotlight Every morning, my kaamwali didi, who is also the cook, has the same question, ' Aaj kya banau ?' I work late, and waking up to this question is becoming daunting. I tell her the same thing everyday, - make a sabji of whatever is in the fridge. And later at lunch, I am cribbing every day why the same three dishes are there for the entire week. I cannot blame her as well, she has been sincerely asking me every day. I have a heavy workload, and it is impossible for me to keep track of what is in the fridge, what needs to be bought, and whatnot. I have to totally depend on my guesswork or just give her a random instructions. She comes early in the morning, and by the time I have completely woken up, she has completed her work and left. For the last five days, I've been meaning to ask her to clean the kitchen sink but by the time I am in my senses, she has already left. This is a recurring problem. Every time I remember something, probably in the evening or at night, I remind myself to tell her the next morning, but again the same loop happens. She comes in, finishes her work, leaves, and then I have to again wait for the next day. I have whatsapped her a couple of times with these instructions but that doesnt work, either I forget or she doesnt see it or whatever, it just doesnt work Another problem is groceries. She tells me the very day something has gotten over and reminds me to buy it at the end of the week when I usually buy my groceries. But by the time I have reached the weekend, I have either completely forgotten about it or forgotten details of what exactly it is that she wanted. It is a complete mess. I have now started using Blinkit the moment she tells me what is missing to get it, but then I am wasting money and it's still very difficult to do right after you've woken up. So,I have decided to build an app for this. I have already shared the idea with my friends, and all of them validated the idea. All of them said it would be very useful, and they have basically signed up to get the app whenever it is ready. I asked my kaamwali bai as well, and she said she is fine to use it as well. It will be easy for her. Her only fear was that she doesn't know how to read or write, but she said she is okay with WhatsApp audio messages. I am gonna build on that. If this is something you think can be helpful to you as well, upvote this and drop me a message or just comment here, and I will share the link where you can put in your email ID. I'll let you know when I have it ready. more less https://i.redd.it/0yitnij6edfh1.png",,2026-07-25,https://old.reddit.com/r/StartUpIndia/comments/1v6778q/im_tired_of_my_kaamwali_bai_asking_me_the_same/
1v66yei,reddit,"I'm tired of my kaamwali bai asking me the same question everyday, so I am building this Other Every morning, my kaamwali didi, who is also the cook, has the same question, ' Aaj kya banau ?' I work late, and waking up to this question is becoming daunting. I tell her the same thing everyday, - make a sabji of whatever is in the fridge. And later at lunch, I am cribbing every day why the same three dishes are there for the entire week. I cannot blame her as well, she has been sincerely asking me every day. I have a heavy workload, and it is impossible for me to keep track of what is in the fridge, what needs to be bought, and whatnot. I have to totally depend on my guesswork or just give her a random instructions. She comes early in the morning, and by the time I have completely woken up, she has completed her work and left. For the last five days, I've been meaning to ask her to clean the kitchen sink but by the time I am in my senses, she has already left. This is a recurring problem. Every time I remember something, probably in the evening or at night, I remind myself to tell her the next morning, but again the same loop happens. She comes in, finishes her work, leaves, and then I have to again wait for the next day. I have whatsapped her a couple of times with these instructions but that doesnt work, either I forget or she doesnt see it or whatever, it just doesnt work Another problem is groceries. She tells me the very day something has gotten over and reminds me to buy it at the end of the week when I usually buy my groceries. But by the time I have reached the weekend, I have either completely forgotten about it or forgotten details of what exactly it is that she wanted. It is a complete mess. I have now started using Blinkit the moment she tells me what is missing to get it, but then I am wasting money and it's still very difficult to do right after you've woken up. So,I have decided to build an app for this. I have already shared the idea with my friends, and all of them validated the idea. All of them said it would be very useful, and they have basically signed up to get the app whenever it is ready. I asked my kaamwali bai as well, and she said she is fine to use it as well. It will be easy for her. Her only fear was that she doesn't know how to read or write, but she said she is okay with WhatsApp audio messages. I am gonna build on that. If this is something you think can be helpful to you as well, upvote this and drop me a message or just comment here, and I will share the link where you can put in your email ID. I'll let you know when I have it ready. more less https://i.redd.it/6ihhhlg4cdfh1.png",,2026-07-25,https://old.reddit.com/r/thesidehustle/comments/1v66yei/im_tired_of_my_kaamwali_bai_asking_me_the_same/
1v61vgp,reddit,"HSBC LIVE+ CREDITCARD REFERRAL 💳 *Maximize Cashback with the HSBC Live+ Credit Card!* 🔥 *Limited-Time Joining Offers:* • *₹750 Vouchers* on Poshvine upon card activation (single spend of ₹300+). • *Easy Joining Fee Waiver:* Earn *₹1,000 cashback* on spending ₹20,000 in the first 30 days—effectively making your card *FREE*! 👉 Apply Now: https://lnkr.lovable.app/rmc/lExz4lAK 🛍️ *Where You Get 10% Cashback* (Cap: ₹1,000/mo ➔ ₹1,200/mo Effective July 2026) • *Food Delivery & Dining:* Swiggy, Zomato, Swiggy Dineout, Eazydiner, and offline restaurants/cafes (MCC 5812/5814). • *Quick Commerce & Groceries:* Blinkit, Zepto, Swiggy Instamart, BigBasket, DMart, Reliance Smart, and local grocery stores (MCC 5411). • *Utility Bill Payments:* Electricity, water, gas, and broadband bills *(Effective July 2026)*. • *Offline & D2C Retail Shopping:* Eligible retail stores and brand websites *(Effective July 2026)*. 💡 *Pro-Tip:* Buying gift vouchers for Blinkit/Zepto often triggers 10% cashback. (Note: Main marketplaces like Amazon, Flipkart, and Myntra earn 1.5% base cashback). 🎁 *Core Benefits & Perks* • *Base Cashback:* Unlimited 1.5% cashback on all other eligible spend categories. • *Welcome Rewards:* ₹250 Amazon voucher on Video KYC + ₹750 Poshvine voucher + ₹1,000 activation cashback. • *Entertainment:* 12-Month complimentary Times Prime membership (Spotify, Uber One, etc.) + Buy-1-Get-1 movies on Zomato District. • *Travel & Fees:* Annual fee waived at ₹2,00,000 annual spend | 2 complimentary domestic seat selections/year. 🔄 *Additional July 2026 Upgrades & Changes* • *Higher Cashback Cap:* Monthly 10% cap increased from ₹1,000 to ₹1,200/month. • *Lower Forex Fee:* Foreign transaction markup reduced to 1.99%. • *Tier Upgrade:* Upgraded to Visa Infinite (adds 1 complimentary international lounge visit/year starting Sept 2026). • *Lounge Access Adjustment:* Domestic lounge visits set to 2 per year (1 every 6 months). 🚀 *Click Here to Apply & Start Saving:* https://lnkr.lovable.app/rmc/lExz4lAK Reach me for any clarifications more less",,2026-07-25,https://old.reddit.com/r/creditcardsreferIndia/comments/1v61vgp/hsbc_live_creditcard_referral/
1v61pnq,reddit,Does it make sense to get a cc for less expenditure? Help Needed/ Question Hi guys! I was just wondering which cc you guys use for a monthly expense ~10k/12k. Most of it is just offline groceries (~6k/7k) and the rest is random Swiggy/blinkit/amazon from time to time along with electricity bill. I have sbi elite and icici Sapphiro LTF. So I was looking for more LTF cards or cards which will pay themselves back. Since my usage isn't exactly high I don't want to pay fees for cards I'll never use. I think a UPI cc will be good but open to traditional CCs as well. 24M 760 Cibil score 2LPM salary. more less,,2026-07-25,https://old.reddit.com/r/CreditCardsIndia/comments/1v61pnq/does_it_make_sense_to_get_a_cc_for_less/
1v60kso,reddit,"A portfolio built around the Regalia Gold & HSBC Live+ General Discussion/Conversation https://preview.redd.it/kpg8j2g6nbfh1.jpg?width=869&format=pjpg&auto=webp&s=ed8adf4dba95bbcb6079ce8032ea22e78d004511 Hey everyone, Over the last few months, I’ve built a highly optimized credit card portfolio designed to maximize every rupee spent. The idea is to have a few set of primary and maintaining a secondary stack of cards purely to exploit lifestyle perks and aggregator bank offers. Here is a full breakdown of how I am currently maximizing rewards across every single spend category. 💳 1. The Daily Spend & Utility Engine HSBC Live+ (10% Cashback): Wallet workhorse. I route all Quick Commerce (Blinkit, Zepto), Food Delivery (Swiggy, Zomato), Utilities (DTH, Internet, Mobile, Electricity), and Offline Groceries/Dining through this single card till I hit the 12k monthly cap. ✈️ 2. The Travel & E-Commerce Multiplier All travel, shopping, and major e-commerce spends are routed through HDFC Regalia Gold (SmartBuy) or dedicated store cards for maximum yield: Merchant / Category Routing Method / Card Effective Ret urn Hotels Regalia Gold (SmartBuy) 12.50% Flights Regalia Gold (SmartBuy) 6.25% Bus Tickets & Trains (MMT) Regalia Gold (SmartBuy) / APay Vouchers 6.00% - 6.25% Uber, Myntra & Nykaa Regalia Gold (SmartBuy Vouchers) 6.25% Amazon & Amazon Now Regalia Gold SmartBuy Vouchers / ICICI APay (Direct) 4.40% - 5.00% Flipkart Regalia Gold (SmartBuy Vouchers) 4.40% 🏥 3. Base Spends, Fuel & Forex For un-categorized heavy spends, the goal shifts from category multipliers to hitting annual fee waivers and milestone bonuses. Merchant / Category Card Used Return Rationale Hospitals, Insurance, Gold HDFC Regalia Gold 1.33% Used purely as a volume driver to hit the ₹1.5L quarterly and ₹5L annual milestone vouchers while getting some minimal rewards from these categories Offline & Movies HDFC Regalia Gold 1.33% Pushing towards milestones. Forex / Intl Spends AU Ixigo 0.00% Markup Regalia Gold yields 1.10% on Forex (which doesn't cover the bank markup). AU Ixigo saves the entire fee. Fuel @ BPCL SBI BPCL 4.25% Dedicated co-branded swipe at BPCL pumps. 🍿 4. Bank Offers & Perks Stack Cards used for largely bank offers/other specific offers that I find useful. Most of these are LTF Axis Rewards / Axis MyZone: Swiggy 40% off (up to ₹150/₹120) + District BOGO HSBC Visa Platinum / Live+: District Fri/Sat/Sun BOGO offers IndusInd Legend / IDFC Millennia: BMS BOGO/Discounts + Road-side Assistance + Bank offers Federal Bank Imperia: INOX BOGO + Bank offers Regalia Gold Perks: Lounge benefits + BoardingEdge programs Note: Used AI to draft the post. Would love to hear thoughts on how the above can be maximised/tuned wherever possible Cards I intend to close soon: Axis Ace - HSBC Live+ & HDFC RG are both new cards in my setup. The Ace no longer has a utility and I would most probably retire this unless I find space for it for payment of utility bills Amex MRCC - Marriot transfer bonuses have stopped, Gyftr convenience fees keeps increasing every other month, and its now difficult to reach the milestone benefits with the HDFC RG in my portfolio. more less",,2026-07-25,https://old.reddit.com/r/CreditCardsIndia/comments/1v60kso/a_portfolio_built_around_the_regalia_gold_hsbc/
1v5zvgv,reddit,"[Flatmate Wanted] Cozy, Fully Furnished 2BHK in Munnekolal, Brookefield — ₹35K total, or take a single room from ₹16.5K | Available Aug 3 2BHK Hey folks — both my flatmate and I are moving out, so our cozy, fully furnished 2BHK in Munnekolal (right next to Brookefield) is up for grabs from 3rd August . My roommate is actively looking for a replacement too, so if you're a group of two, you can take the whole flat together. Solo folks are welcome as well — you can just take one room. 📍 Location: Sree Enclave, Manjunatha Layout Main Road, Silver Springs Layout, Munnekolala, Bengaluru — 560037 Google Maps: https://maps.app.goo.gl/sUKm8EwAA5R8b2jm9 Tucked into a quiet residential pocket, but everything you need is minutes away. Brookefield's cafes, restaurants, pubs, and malls are a short hop. Easy access to ITPL, EPIP Zone, Whitefield tech parks, Bagmane, and the entire Outer Ring Road belt — Marathahalli, AECS Layout and Kundalahalli are all right around the corner. The place: Spacious 2BHK, fully furnished — move in with just a suitcase Very well ventilated with lovely natural light through the day Airy balcony, perfect for morning chai or winding down after work Roomy, uncluttered layout — plenty of space to actually breathe, not a cramped shoebox Warm, homely vibe — it's been a genuinely comfortable place to live in Quiet, safe, well-connected neighbourhood Perks: 🚇 Short ride to Kundalahalli / Whitefield metro — no more ORR traffic misery 🍽️ Swiggy/Zomato heaven — every cuisine delivers here in 20 mins flat 🛒 Supermarkets, pharmacies, and Blinkit/Zepto coverage within walking distance 🏋️ Gyms, salons, laundry, and clinics all within a 5-minute radius ☕ Brookefield's cafe and nightlife scene right there for weekends 🚗 Cabs and autos always available — never a struggle to book 🔌 Power backup, water supply sorted, no daily-life headaches 🧹 Maid already in place — cooking and cleaning taken care of 🛋️ Fully furnished: beds, wardrobes, fridge, washing machine, geyser, WiFi, and the rest — zero setup effort 💸 Setup cost is refundable from your replacement, so it's not money lost Rent options: Whole flat (2 people): ₹35,000/month Master bedroom (attached washroom): ₹18,500/month Second bedroom (dedicated washroom, not attached): ₹16,500/month Both rooms have their own washroom — no sharing either way. Both are spacious, well-lit, and comfortably fit a double bed with room to spare. Other costs: Deposit: ₹1,00,000 total — ₹50,000 per person Maid: ₹6,000/month, split equally (₹3,000 each) One-time setup: ₹7,500 total, split equally — recoverable from whoever replaces you when you move out Groceries, food, and other shared expenses split equally Why it's worth it: Hard to find a furnished 2BHK this spacious, this comfortable, and this close to Brookefield and the tech parks at this price. Zero setup hassle, everything's already sorted — just walk in and settle down. Move-in available from 3rd August. To reach out: WhatsApp me on 9380740638 — please drop a message first before calling. more less https://www.reddit.com/gallery/1v5zvgv",,2026-07-25,https://old.reddit.com/r/bangalorerentals/comments/1v5zvgv/flatmate_wanted_cozy_fully_furnished_2bhk_in/
1v5zp4s,reddit,"[Flatmate Wanted] Cozy, Fully Furnished 2BHK in Munnekolal, Brookefield Whitefield— ₹35K total,or take a single room from ₹16.5K. No Brokerage Hey folks — both my flatmate and I are moving out, so our cozy, fully furnished 2BHK in Munnekolal (right next to Brookefield) is up for grabs from 3rd August . My roommate is actively looking for a replacement too, so if you're a group of two, you can take the whole flat together. Solo folks are welcome as well — you can just take one single room too. 📍 Location: Sree Enclave, Manjunatha Layout Main Road, Silver Springs Layout, Munnekolala, Bengaluru — 560037 Google Maps: https://maps.app.goo.gl/sUKm8EwAA5R8b2jm9 Tucked into a quiet residential pocket, but everything you need is minutes away. Brookefield's cafes, restaurants, pubs, and malls are a short hop. Easy access to ITPL, EPIP Zone, Whitefield tech parks, Bagmane, and the entire Outer Ring Road belt — Marathahalli, AECS Layout and Kundalahalli are all right around the corner. The place: Spacious 2BHK, fully furnished — move in with just a suitcase Very well ventilated with lovely natural light through the day Airy balcony, perfect for morning chai or winding down after work Roomy, uncluttered layout — plenty of space to actually breathe, not a cramped shoebox Warm, homely vibe — it's been a genuinely comfortable place to live in Quiet, safe, well-connected neighbourhood Perks: 🚇 Short ride to Kundalahalli / Whitefield metro — no more ORR traffic misery 🍽️ Swiggy/Zomato heaven — every cuisine delivers here in 20 mins flat 🛒 Supermarkets, pharmacies, and Blinkit/Zepto coverage within walking distance 🏋️ Gyms, salons, laundry, and clinics all within a 5-minute radius ☕ Brookefield's cafe and nightlife scene right there for weekends 🚗 Cabs and autos always available — never a struggle to book 🔌 Power backup, water supply sorted, no daily-life headaches 🧹 Maid already in place — cooking and cleaning taken care of 🛋️ Fully furnished: beds, wardrobes, fridge, washing machine, geyser, WiFi, and the rest — zero setup effort 💸 Setup cost is refundable from your replacement, so it's not money lost Rent options: Whole flat (2 people): ₹35,000/month Master bedroom (attached washroom): ₹18,500/month Second bedroom (dedicated washroom, not attached): ₹16,500/month Both rooms have their own washroom — no sharing either way. Both are spacious, well-lit, and comfortably fit a double bed with room to spare. Other costs: Deposit: ₹1,00,000 total — ₹50,000 per person Maid: ₹6,000/month, split equally (₹3,000 each) One-time setup: ₹7,500 total, split equally — recoverable from whoever replaces you when you move out Groceries, food, and other shared expenses split equally Why it's worth it: Hard to find a furnished 2BHK this spacious, this comfortable, and this close to Brookefield and the tech parks at this price. Zero setup hassle, everything's already sorted — just walk in and settle down. Move-in available from 3rd August. To reach out: WhatsApp me on 9380740638 — please drop a message first before calling. more less https://www.reddit.com/gallery/1v5zp4s",,2026-07-25,https://old.reddit.com/r/FlatandFlatmatesBLR/comments/1v5zp4s/flatmate_wanted_cozy_fully_furnished_2bhk_in/
1v5p0in,reddit,"25m spending 1.65 lacs a month hey guys, im 25m, i own an instagram related online business. and i make roughly 4.5-6 lacs a month in profit.. i spend around 1.6lacs every month.. and ive been earning since i was 19 (started at 15-20 a month, then grew the business to 1lac a month at 20 , at 3-4 lacs a month in 22 etc etc heres what i spend the money on 40k a month to mom for house hold expenses 15k a month on petrol 21k a month emi on car (recently bought a 1.5 dsg skoda) 10k a month claude code 20k a month on cold email software (business expense) 10k a month electricity home+ mine 25k a month rent (i live in noida alone away from my hometown agra) 5k a month on pickleball 10k on grocerys on blinkit i dont even have 10lacs in saving atm. (built my house..spent 20lacs in renovations etc.. ) tbh, i dont even eat from swiggy/zomato as i think i will spend 500rs per day.. and im poor to do so.. im still buying zudio and dont spend anything on my own self.. i give myself an excuse that ill do it when i make 10-12lacs a month ive not included the salaries i pay to employees etc.. guys none of the expenses above is luxury. its basic neccessity... my question is, what should i do.. the goal is to hit 15lacs a month in profit in my agency... (i think ill need to join a retreat in rishikesh, get my mind right so i can make good business decisions) more less",,2026-07-24,https://old.reddit.com/r/FinancialAdviceIndia/comments/1v5p0in/25m_spending_165_lacs_a_month/
1v56u5i,reddit,"Premium Room Rental | Luxury Gated Community | Raheja Vistas Elite, Nacharam Looking for a Male Flatmate Location: https://maps.app.goo.gl/LKXojZpaMNWD3DcdA Looking for working professionals to occupy two individual private bedrooms in a premium, fully furnished 3BHK on the 13th floor. Enjoy panoramic green views, incredible ventilation, and a luxury lifestyle. The master bedroom is occupied by a corporate gentleman (9 AM - 7 PM schedule). Perfect for those who value privacy, cleanliness, and a premium living standard. THE ROOMS AVAILABLE Room 1: The Balcony Suite (₹22,000/month) Queen-size bed with mattress Attached private bathroom with geyser Private, spacious balcony with beautiful views Full desk + ergonomic office chair Massive, luxurious wardrobe space AC installed Room 2: The Reading Nook Room (₹18,000/month) Single bed Attached private bathroom with geyser Cozy reading nook/sitting area with beautiful sunset views Compact desk + office chair setup Massive, luxurious wardrobe space Plentiful natural light and ventilation COMMON AREA ACCESS (Fully Loaded) Massive Living & Dining Hall: Equipped with a 3-piece sofa set and a 6-seater dining table. Two Common Balconies: Breezy high-floor views. Modern Luxury Kitchen & Utility: Access to a full-sized refrigerator, gas stove, chimney, cookware/utensils, and a washing machine. WHAT’S INCLUDED IN THE RENT? High-Speed Wi-Fi Society Maintenance & 24/7 Security Full Clubhouse Access (Gym, Swimming Pool, Tennis & Badminton courts, Yoga Area) 🏊‍♂️🏋️‍♂️ Cooking Gas Daily Maid Service (for common areas) Note: Electricity will be split equally 3 ways based on actual usage. 📍 LOCATION & CONVENIENCE Located right on the Nacharam Main Road—highly accessible. In-community grocery store for daily essentials. All major delivery apps (Swiggy, Zepto, Blinkit) deliver under 10 minutes. Dedicated 2-car + bike parking available. 📝 TERMS Target Occupants: Working Professionals (Single or Couples for Room 1, Single for Room 2). Non-vegetarian-friendly household. Deposit: 1 Month Rent + 2 months Deposit Home-cooked meals can be arranged on a chargeable basis if required. DM/Call/Whatsapp/Email at 9704411781 / [ alenatoR7@gmail.com ](mailto: alenatoR7@gmail.com ) to schedule a visit! more less https://www.reddit.com/gallery/1v56u5i",,2026-07-24,https://old.reddit.com/r/HyderabadRentals/comments/1v56u5i/premium_room_rental_luxury_gated_community_raheja/
1v56s9w,reddit,"Premium Room Rental | Luxury Gated Community | Raheja Vistas Elite, Nacharam Roommates Location: https://maps.app.goo.gl/LKXojZpaMNWD3DcdA Looking for working professionals to occupy two individual private bedrooms in a premium, fully furnished 3BHK on the 13th floor. Enjoy panoramic green views, incredible ventilation, and a luxury lifestyle. The master bedroom is occupied by a corporate gentleman (9 AM - 7 PM schedule). Perfect for those who value privacy, cleanliness, and a premium living standard. THE ROOMS AVAILABLE Room 1: The Balcony Suite (₹22,000/month) Queen-size bed with mattress Attached private bathroom with geyser Private, spacious balcony with beautiful views Full desk + ergonomic office chair Massive, luxurious wardrobe space AC installed Room 2: The Reading Nook Room (₹18,000/month) Single bed Attached private bathroom with geyser Cozy reading nook/sitting area with beautiful sunset views Compact desk + office chair setup Massive, luxurious wardrobe space Plentiful natural light and ventilation COMMON AREA ACCESS (Fully Loaded) Massive Living & Dining Hall: Equipped with a 3-piece sofa set and a 6-seater dining table. Two Common Balconies: Breezy high-floor views. Modern Luxury Kitchen & Utility: Access to a full-sized refrigerator, gas stove, chimney, cookware/utensils, and a washing machine. WHAT’S INCLUDED IN THE RENT? High-Speed Wi-Fi Society Maintenance & 24/7 Security Full Clubhouse Access (Gym, Swimming Pool, Tennis & Badminton courts, Yoga Area) 🏊‍♂️🏋️‍♂️ Cooking Gas Daily Maid Service (for common areas) Note: Electricity will be split equally 3 ways based on actual usage. 📍 LOCATION & CONVENIENCE Located right on the Nacharam Main Road—highly accessible. In-community grocery store for daily essentials. All major delivery apps (Swiggy, Zepto, Blinkit) deliver under 10 minutes. Dedicated 2-car + bike parking available. 📝 TERMS Target Occupants: Working Professionals (Single or Couples for Room 1, Single for Room 2). Non-vegetarian-friendly household. Deposit: 1 Month Rent + 2 months Deposit Home-cooked meals can be arranged on a chargeable basis if required. DM/Call/Whatsapp/Email at 9704411781 / [ alenatoR7@gmail.com ](mailto: alenatoR7@gmail.com ) to schedule a visit! more less https://www.reddit.com/gallery/1v56s9w",,2026-07-24,https://old.reddit.com/r/hyderabad/comments/1v56s9w/premium_room_rental_luxury_gated_community_raheja/
1v53sb9,reddit,"Ordered a cover from blinkit and they sent used products with no seal Absolutely appalling experience with Blinkit. I ordered a mobile cover expecting a new product. Instead, I received what was clearly a used item—no seal, opened packaging, and obvious signs that it had already been handled. To make matters worse, when I contacted customer support with photos, I was flatly told that the product was neither eligible for return nor a refund. So Blinkit is comfortable shipping used products while refusing to take responsibility for them? This isn’t just poor customer service—it’s a complete failure of quality control and customer trust. Charging customers for what appears to be second-hand merchandise and then hiding behind a no-return policy is unacceptable. If this is the standard Blinkit now operates at, customers should think twice before ordering anything beyond groceries. A company is judged not by when everything goes right, but by how it handles its mistakes. Blinkit failed on both counts. more less",,2026-07-24,https://old.reddit.com/r/blinkit/comments/1v53sb9/ordered_a_cover_from_blinkit_and_they_sent_used/
1v4b7ik,reddit,"Orders Processed in Q1 FY27 In Q1 FY27 , Blinkit processed 916.6 million orders , maintaining its lead, followed by Zepto with 640.2 million orders and Swiggy Instamart with 412.2 million orders. With new players entering the market and competition heating up, the battle for India's quick commerce dominance is only getting bigger. Who do you think will lead by the end of FY27? 👇 #QuickCommerce #Blinkit #Zepto #SwiggyInstamart more less https://i.redd.it/dm4dl894tyeh1.jpeg",,2026-07-23,https://old.reddit.com/r/StartupMind/comments/1v4b7ik/orders_processed_in_q1_fy27/
1v3ifw7,reddit,"About Baramati? Hi everyone! I'll be moving to Baramati soon and wanted to get some insights from people living there. A few things I'd love to know: - Which food delivery apps work well? (Swiggy, Zomato, etc.) - Which instant grocery/daily essentials apps are available? (Blinkit, Zepto, Instamart, JioMart, BigBasket, etc.) - Are Ola, Uber, Rapido, or local auto/cab services available? How easy is it to get around? - Is public transport reliable, or is it better to have a two-wheeler? - Which broadband providers are good? (JioFiber, Airtel Xstream, etc.) - Any frequent power cuts or water supply issues? - Any good supermarkets, gyms, cafés, restaurants, or other must-know places? - What are some nice places to explore in and around Baramati on weekends? - What's it like living in Baramati overall? Any pros, cons, or things you wish you knew before moving there? Feel free to share anything else you think would be helpful for someone new to the city. Thanks in advance! more less",,2026-07-22,https://old.reddit.com/r/baramati/comments/1v3ifw7/about_baramati/
1v3hp3o,reddit,"Where do I get carton boxes for shifting? AskGurgaon Any idea where can I get carton boxes for shifting? Preferably around sector 63 Gurgaon The grocery store near me said no, would appreciate any reliable leads as soon as possible The ones on Blinkit Zepto etc are too small. Appreciate any leads, thank you! more less",,2026-07-22,https://old.reddit.com/r/gurgaon/comments/1v3hp3o/where_do_i_get_carton_boxes_for_shifting/
1v21bxo,reddit,"Room Available - for a Male Tenant - 10th Main, Indiranagar Hi All, Vacating a room (with attached bathroom) in a 3BHK on 10th Main, Indiranagar (5min from metro). About the House: • Flat is on the 2nd floor of an independent building (the other floors are being used commercially) • Has a well-equipped kitchen + living room setup + Power backup + Lift + One Car Parking spot (open) • We have a househelp for cleaning. There's no cook (feel free to hire one, if needed). • Zero interference by the landlord • Flatmates: Unproblematic guys + whatever is the opp of a busybody. One has a permanent remote job, the other works near SV metro - both in IT. Party, smoke, drink, or don't – you choose, no naysayers in that house. • Location Benefits: Barely a 200m from the BlinkIt darkstore. Grocery store, dentist, tailor, courier service, etc etc – 2mins walk away. Metro is a 5-min walk away. 100 feet is <250m away. • The Numbers: in attached images. Available from this week's end. DM if interested. more less https://www.reddit.com/gallery/1v21bxo",,2026-07-20,https://old.reddit.com/r/bangalorerentals/comments/1v21bxo/room_available_for_a_male_tenant_10th_main/
1v21980,reddit,"Room Available - for a Male Tenant - 10th Main, Indiranagar Hi All, Vacating a room (with attached bathroom) in a 3BHK on 10th Main, Indiranagar (5min from metro). About the House: • Flat is on the 2nd floor of an independent building (the other floors are being used commercially) • Has a well-equipped kitchen + living room setup + Power backup + Lift + One Car Parking spot (open) • We have a househelp for cleaning. There's no cook (feel free to hire one, if needed). • Zero interference by the landlord • Flatmates: Unproblematic guys + whatever is the opp of a busybody. One has a permanent remote job, the other works near SV metro - both in IT. Party, smoke, drink, or don't – you choose, no naysayers in that house. • Location Benefits: Barely a 200m from the BlinkIt darkstore. Grocery store, dentist, tailor, courier service, etc etc – 2mins walk away. Metro is a 5-min walk away. 100 feet is <250m away. • The Numbers: in attached images. Available from this week's end. DM if interested. more less https://www.reddit.com/gallery/1v21980",,2026-07-20,https://old.reddit.com/r/indiranagar/comments/1v21980/room_available_for_a_male_tenant_10th_main/
1v2ugs3,reddit,"Beware of blatant PR accounts Other So I came across this post on this sub and was instantly intrigued - https://www.reddit.com/r/indianbeautyhauls/comments/1v2cpxu/added_this_new_conscious_chemist_lippie_to_my/ On first glance it looks like a totally normal swatch post, but after reading the description something about it felt off to me. On further digging I found out is just a blatant PR account making posts for multiple brands. Not just for beauty/skincare but multiple other brands as well. https://www.reddit.com/user/Darenelle-Brozio/ In the swatch post in the first image, OP is clearly a girl by the hand image. But their post history reveal so many inconsistencies: 1] Link - Post 6 days ago in the Twenties India sub with a flair that they are supposedly in their 20s and asking a girl out on a date for the first time. It's blink and miss but if you read closely it's clearly an ad for the dating app. 2] Link - Another post in Twenties India sub where they are promoting Assembly brand bags 3] Link - Post 1 month ago this time in the Thirties India sub with a flair as age 32. Promo for the carbamide forte supplement. (They are hell bent on proving the product works despite ppl in the comments suggesting to not use that supplement). 4] Link - Post 1 month ago where now OP claiming they already have a son and a family. Another promotion for the Assembly bag. 5] Link - Post 25 days ago again claims ""Me and my husband"". Promo for the copper dishes from Ptal brand. (there's multiple posts on this brand as well) 6] Link - Post 27 days ago where OP mysteriously is a M24 now promoting haircare products. Carbamide forte supplement appears again. 7] Link - Post 14 days ago where OP is apparantly now living in a PG and studying in college. Promo for Wicked Gud. (op even has another recipe post specifically mentioning these noodles) 8] Link - Another post for Wicked Gud 8 days ago. Now OP has a school going brother and is living with parents. 9] Link - Post 19 days ago and OP has passed college and looking for 1st job. Photo is a clearly of a guy. Promo for the Argos watch. 10] Link - Post 1 month ago and OP is a 20yo guy. Promo for Argos watch again. 11] Link - Post 1 month ago where OP has changed genders and is posting as a girlfriend talking about their "" guy's skincare routine "". 12] Link - Post 1 month ago & OP has again switched genders and is now proposing to his girlfriend . Possible promo for the ring/jewellery brand. 13] Link - Posted 14 days ago - Another watch promo but this time its for JWC. (They have multiple watch posts for JWC as well) Wonder how they seem to be buying such expensive watches, bags, jewelry etc since considering their posts they claim to not have a job and are still in college.🤷🏻‍♀️🤷🏻‍♀️ They have also been called out on another sub for blatanly posting images from google on some of their numerous watch and bag promo posts > Comment Link > Deleted Post So in the span of little over a month, this person has been both a guy and a girl, have a boyfriend and girlfriend, they are going on first dates as well as being married with kids, graduated & looking for a job and simultaneously also still studying in college and mysteriously both in their 20s and 30s, originally from Bangalore and living in a PG in New Delhi and posting in Kolkata sub as well. Also note this person has a premium reddit account and their entire 10month old account seems to be dedicated to promoting multiple brands in the guise of reviews or just feel good/light hearted/casual story type posts . In almost all their posts, they are raving about products from some brand across multiple categories. Promos for Assembly luggage, Wicked Gud noodles, Argos and JWC watches, PTAL copper cookware, multiple products from Conscious Chemist and Personal Touch etc. And the shady part is how they try to mix/hide their promo product along with a bunch of other products to make it less obvious they are PR for that 1 brand especially on the skincare and food posts. This is just a PSA on how you need to be careful of such posts that are overly praising and raving about certain brands. Do not believe everything you see on reddit. Thanks for reading! :) Edit: Updated link texts for better readability. more less https://www.reddit.com/gallery/1v2ugs3",,2026-07-21,https://old.reddit.com/r/indianbeautyhauls/comments/1v2ugs3/beware_of_blatant_pr_accounts/
1v2u6uw,reddit,"Beware of blatant PR accounts 🚨 Scam Alert So I came across this post on another beauty sub and was instantly intrigued - https://www.reddit.com/r/indianbeautyhauls/comments/1v2cpxu/added_this_new_conscious_chemist_lippie_to_my/ On first glance it looks like a totally normal swatch post, but after reading the description something about it felt off to me. On further digging I found out is just a blatant PR account making posts for multiple brands. Not just for beauty/skincare but multiple other brands as well. https://www.reddit.com/user/Darenelle-Brozio/ In the swatch post in the first image, OP is clearly a girl by the hand image. But their post history reveal so many inconsistencies: 1] Link - Post 6 days ago in the Twenties India sub with a flair that they are supposedly in their 20s and asking a girl out on a date for the first time. It's blink and miss but if you read closely it's clearly an ad for the dating app. 2] Link - Another post in Twenties India sub where they are promoting Assembly brand bags 3] Link - Post 1 month ago this time in the Thirties India sub with a flair as age 32. Promo for the carbamide forte supplement. (They are hell bent on proving the product works despite ppl in the comments suggesting to not use that supplement). 4] Link - Post 1 month ago where now OP claiming they already have a son and a family. Another promotion for the Assembly bag. 5] Link - Post 25 days ago again claims ""Me and my husband"". Promo for the copper dishes from Ptal brand. (there's multiple posts on this brand as well) 6] Link - Post 27 days ago where OP mysteriously is a M24 now promoting haircare products. Carbamide forte supplement appears again. 7] Link - Post 14 days ago where OP is apparently now living in a PG and studying in college. Promo for Wicked Gud. (op even has another recipe post specifically mentioning these noodles) 8] Link - Another post for Wicked Gud 8 days ago. Now OP has a school going brother and is living with parents. 9] Link - Post 19 days ago and OP has passed college and looking for 1st job. Photo is a clearly of a guy. Promo for the Argos watch. 10] Link - Post 1 month ago and OP is a 20yo guy. Promo for Argos watch again. 11] Link - Post 1 month ago where OP has changed genders and is posting as a girlfriend talking about their "" guy's skincare routine "". 12] Link - Post 1 month ago & OP has again switched genders and is now proposing to his girlfriend . Possible promo for the ring/jewellery brand. 13] Link - Posted 14 days ago - Another watch promo but this time its for JWC. (They have multiple watch posts for JWC as well) Wonder how they seem to be buying such expensive watches, bags, jewelry etc since considering their posts they claim to not have a job and are still in college.🤷🏻‍♀️🤷🏻‍♀️ They have also been called out on another sub for blatantly posting images from google on some of their numerous watch and bag promo posts > https://www.reddit.com/r/IndianStockMarket/comments/1urlcj1/comment/owgsak4/?utm_source=share&utm_medium=web3x&utm_name=web3xcss&utm_term=1&utm_content=share_button https://www.reddit.com/r/NewDelhi/comments/1uaq2tk/got_a_photographer_job_in_delhishifting_soonnnn/ So in the span of little over a month, this person has been both a guy and a girl, have a boyfriend and girlfriend, they are going on first dates as well as being married with kids, graduated & looking for a job and simultaneously also still studying in college and mysteriously both in their 20s and 30s, originally from Bangalore and living in a PG in New Delhi and posting in Kolkata sub as well. Also note this person has a premium reddit account and their entire 10month old account seems to be dedicated to promoting multiple brands in the guise of reviews or just feel good/light hearted/casual story type posts . In almost all their posts, they are raving about products from some brand across multiple categories. Promos for Assembly luggage, Wicked Gud noodles, Argos and JWC watches, PTAL copper cookware, multiple products from Conscious Chemist and Personal Touch etc. And the shady part is how they try to mix/hide their promo product along with a bunch of other products to make it less obvious they are PR for that 1 brand especially on the skincare and food posts. This is just a PSA on how you need to be careful of such posts that are overly praising and raving about certain brands. Do not believe everything you see on reddit. Thanks for reading! :) Edit: Edited links text for better readability. more less https://www.reddit.com/gallery/1v2u6uw",,2026-07-21,https://old.reddit.com/r/IndianBeautyTalks/comments/1v2u6uw/beware_of_blatant_pr_accounts/
1v1cssq,reddit,"Why do so many first-time retail entrepreneurs overlook the neighbourhood supermarket format - and is that changing? I've been thinking about this a lot lately. When people talk about starting a retail business, the conversation almost always goes to: e-commerce store, clothing boutique, café, or some kind of specialty concept. The neighbourhood supermarket - a small-format grocery store serving a residential catchment - rarely comes up, even though it has some genuinely interesting entrepreneurship characteristics that other formats don't. Wanted to open this up for discussion because I think the comparison is more interesting than it first appears. The case for the supermarket format Repeat purchase frequency is arguably the highest of any retail format - people buy groceries multiple times a week, not once a season. A loyal customer base compounds faster than almost any other retail category because the purchase cycle is so short. If you get someone's daily grocery habit, you have predictable, recurring revenue in a way that a clothing store or café simply doesn't. Margins are thin (typically 8–18% net for a well-run small supermarket) but the volume and frequency can compensate. And unlike e-commerce, there's a natural local monopoly dynamic - if you're the best-run grocery store within a 1km radius of a dense residential area, geography itself becomes a moat. The case against - or at least the honest challenges It's operationally intense in a way most retail isn't. Inventory management, perishable wastage, staff reliability, and supplier relationships all have to work simultaneously from day one. You can't really run a supermarket part-time or as a lifestyle business - it demands daily presence, especially early on. The competition landscape is also unforgiving. Big chains (D-Mart, Reliance Smart, Blinkit-style quick commerce) have scale advantages that are genuinely hard to compete with on price. A small supermarket's only sustainable differentiation is hyperlocal knowledge, relationships, and service quality - which requires a very specific kind of operator mindset. Compared to other formats A café has better margins and more brand identity potential but lower purchase frequency and heavy competition. E-commerce has lower capital requirements but no geographic moat and brutal customer acquisition costs. A clothing boutique has higher margins per unit but heavily seasonal demand and inventory risk on trends. A franchise (any category) reduces risk but caps upside and adds royalty drag. The supermarket sits in an interesting middle ground - high frequency, lower margin, high operational demand, but with a geographic defensibility that most formats can't replicate. What I'm curious about Has anyone here built or seriously evaluated a small-format grocery business compared to other retail options? What made you choose what you chose, and do you think the supermarket format is underrated as an entrepreneurship vehicle - or are the operational demands a legitimate reason most people avoid it? more less",,2026-07-20,https://old.reddit.com/r/Entrepreneurs/comments/1v1cssq/why_do_so_many_firsttime_retail_entrepreneurs/
1uz3cs7,reddit,"Am I doing something wrong? Spending ₹30-35L/year on credit cards but barely getting ~1% back Help Needed/ Question Hi everyone, I'm a 29M software engineer based in Bangalore. Over the last few years, I've accumulated quite a few credit cards because every bank promised ""5% cashback"", ""10% rewards"", ""best for travel"", etc. I thought I'd eventually build a setup where every expense goes on the right card. These are the cards I currently have: HDFC Regalia Gold HDFC Swiggy Tata Neu Infinity HDFC RuPay SBI Cashback Flipkart Axis IDFC Millennia IDFC RuPay YES Select Niyo Global I've also made a sheet to figure out which card should be used for which category, but I'm still pretty confused. https://preview.redd.it/bhjcw7c68tdh1.png?width=2048&format=png&auto=webp&s=9141e5c6422d97d3214529e7060f7eec50b65cf2 (Attach image) My annual credit card spends are around ₹30-35 lakhs , spread across: Flights & hotels Swiggy/Zomato Zepto/Blinkit Amazon Flipkart/Myntra Tata brands UPI Offline spends Jewellery (occasionally) Rent The weird part is... When I actually check my statements, reward points and cashback, I don't feel like I'm getting anywhere close to what these cards advertise. Maybe I'm wrong, but I doubt I've even crossed ₹50k worth of rewards in a year , and honestly, I think even ₹50k is being optimistic. That's roughly around 1-1.5% returns on ₹30-35L spends. Then I come across posts here where people claim they're consistently getting 8%, 10%, even 15-17% overall returns , and I genuinely don't understand how. So I'm wondering: Am I misunderstanding how reward rates actually work? Are the advertised cashback percentages mostly marketing, with caps/T&C making them almost impossible to achieve? Am I simply using the wrong card for the wrong category? Is there a better combination of cards that I should consider? If someone has already optimised a similar spend profile, I'd really appreciate it if you could suggest which card you would use for each category (travel, food, Amazon, offline, UPI, etc.). Would love to learn from people who've actually maximised rewards instead of just collecting cards like I apparently have. 😅 Thanks! more less",,2026-07-17,https://old.reddit.com/r/CreditCardsIndia/comments/1uz3cs7/am_i_doing_something_wrong_spending_3035lyear_on/
1uwkqsh,reddit,Well here's mine Setup https://www.reddit.com/gallery/1uwkqsh,,2026-07-14,https://old.reddit.com/r/AndroidHomescreen/comments/1uwkqsh/well_heres_mine/
1uwdm6j,reddit,"Is it finally time to ditch the Axis Airtel card for HSBC Live+? Card Recommendation Hey everyone, I’m seriously considering closing my Axis Airtel Credit Card and switching to HSBC Live+ after the latest devaluation. The new changes have pretty much killed the value of the card for me: 25% Airtel and 10% utility cashback are now tied to your 1% base spends. Grocery and food cashback is now paid as partner wallet credits instead of actual statement cashback. I went through my latest statement and the numbers were honestly disappointing. I earned around ₹320 in cashback , but after accounting for convenience fees on utility payments, my actual benefit was barely ₹220 . On top of that, my Blinkit and Zomato cashback hit the ₹100 category caps almost immediately. My typical monthly spending 🛒 Groceries (BigBasket/Blinkit): ~₹6,000 🍔 Dining & Food Delivery (mostly Zomato): ~₹2,500 ⚡ Bills (Airtel postpai, act wifi, electricity, LPG): ~₹5,100 So roughly: Groceries: ₹6k Food: ₹2.5k Bills: ₹5.1k Why I’m considering HSBC Live+ From what I’ve read, it offers: 10% statement cashback on groceries, dining and food delivery. ₹1,000 monthly cashback cap (I’ve also seen reports that it’s being revised to ₹1,200 and may include utilities, but I’m not sure if that’s officially confirmed yet.) 1.5% unlimited cashback on other eligible retail spends. Since my grocery + food spends alone are around ₹8.5k every month , I’d almost fully utilize the cashback cap without worrying about spending multipliers or wallet credits. My dilemma The biggest issue is that I don’t use the Airtel card for miscellaneous retail purchases. I already have other cards for online shopping, so my 1% base spends are negligible , which means the new multiplier system significantly reduces the telecom and utility cashback I can actually earn. It feels like the card no longer rewards people who were using it exactly for what it was originally famous for. Questions for those who have HSBC Live+ Have you moved from Axis Airtel to HSBC Live+ after the devaluation? How has your experience been so far? Is the cashback credited automatically as statement credit? Any merchant exclusions or MCC issues with BigBasket, Blinkit or Zomato? Would you still keep the Axis Airtel card just for Airtel bills, or is it no longer worth the hassle? Would love to hear real-world experiences before I decide whether to cancel the Axis card. Thanks! more less",,2026-07-14,https://old.reddit.com/r/CreditCardsIndia/comments/1uwdm6j/is_it_finally_time_to_ditch_the_axis_airtel_card/
1uw61kz,reddit,Theek hai?? Query Meri preference ece ki hai aur Noida Ghaziabad ki college lagbhag same hi hai . AKG isliye upar rakha hai kyoki usmai uniform nahi hai aur mere jankar professor hai usmai . more less https://i.redd.it/1yajt4e9l6dh1.jpeg,,2026-07-14,https://old.reddit.com/r/AKTU/comments/1uw61kz/theek_hai/
1uvyf3t,reddit,"Airtel Axis Bank Credit Card cashback has become almost useless after the April 2026 policy change Card & Merchant Offers ​ I recently figured out why my cashback dropped drastically despite spending almost the same amount on my Airtel Axis Bank Credit Card. Earlier, I used to receive cashback of around ₹595 in a billing cycle. After the revised cashback policy (effective 12 April 2026), I received only ₹30 in one month and ₹24 in another, even though my Airtel and utility spends were much higher. After reading the updated T&Cs and contacting Axis Bank, here's what changed: * 25% Airtel cashback is now capped at 2× your base (1%) cashback. * 10% Utility cashback is now capped at 1× your base (1%) cashback. * If you don't have enough eligible 1% ""Other Spends"", your Airtel and utility cashback gets heavily restricted. Example * Base cashback = ₹10 * Maximum Airtel cashback = ₹20 * Maximum Utility cashback = ₹10 Total cashback credited = ₹30, even if you spent thousands on Airtel recharges and utility bill payments. What I found even more confusing is that the statement still displays a much higher ""Cashback Earned"" amount (before applying the caps), but the ""Cashback Credited"" is significantly lower after the new limits are applied. That feels quite misleading. I've attached my statements along with Axis Bank's email response for reference. Has anyone else experienced this after the April 2026 policy change? For people who primarily use this card for Airtel recharges and utility payments, this update has significantly reduced the card's value. If this is true can you guys tell me good card for utilities and recharge and wifi payment etc. more less https://www.reddit.com/gallery/1uvyf3t",,2026-07-14,https://old.reddit.com/r/CreditCardsIndia/comments/1uvyf3t/airtel_axis_bank_credit_card_cashback_has_become/
1uta7t8,reddit,"Get 50rs just on signup through my link and commission for every order you make on many brands on [cashkaro] Rewards Signup on the app through my link and place an order on any ecommerce platform through the cashkaro app in 7 days after signup. You will get 50rs signup bonus and everytime you shop through cashkaro you will get 7,8,10,50,100%(depends on brand) cashback on your order value. Referral link: https://cashk.app.link/ycXp4oT4F4b Steps: 1) Download and signup on app 2) After signup for placing any order go to cashkaro app and click on the marketplace or brand you want to order from. 3) After clicking on that brand you will be redirected to the specific brand app or website and then just place the order. 4) After that you will receive cashback in your wallet and you can redeem it through upi or gift card. Referral link: https://cashk.app.link/ycXp4oT4F4b more less https://www.reddit.com/gallery/1uta7t8",,2026-07-11,https://old.reddit.com/r/IndiaReferral/comments/1uta7t8/get_50rs_just_on_signup_through_my_link_and/
1uso77t,reddit,"Suggestions for credit card upgrade I have been using HDFC as my salary account for past 10 years and their credit cards have been not that great. Currently I am using HDFC Regalia gold for general purpose SBI BPCL card for fuel. Scapia travel card (though I don’t use it much) Priority pass (It was given by HDFC itself. Not seeing a use of it yet) Suggest me better options in current situation. Current Cibil: 801 Monthly Expenses & Spending Patterns: 60-80k Top 5 Monthly spend categories and Top 5 Annual spend categories: Home loan, Shopping (mostly Amazon), Grocery (Offline store and Blinkit), Fuel, Travel (Stays and Flights) Preferences for Credit Card Features: Cashback for Shopping, Grocery, Fuel. Complimentary/discounts in movie tickets, Lounge access Reward Preference (Cashback or Reward Points): cashback Lounge Access Required: Yes more less",,2026-07-10,https://old.reddit.com/r/IndianCreditCards/comments/1uso77t/suggestions_for_credit_card_upgrade/
1uqpk9x,reddit,"My supermarket is profitable, but growth has completely stalled. What would you do? I own a supermarket in a Tier-2 city in India. The business is profitable and generates decent revenue, but growth has been stagnant for the last couple of years. The store currently has a mix of: ● Daily groceries and FMCG ● Crockery and kitchenware ● Gift items ● Innerwear and a small clothing section ● General household essentials I’ve already tried offering home delivery, but the response has been quite underwhelming. To make things more challenging, Blinkit has recently entered my city, so quick commerce is now a direct competitor. I’m not looking for generic advice like “improve customer service” or “post more on Instagram.” I’m hoping to hear from people who have actually built or managed retail businesses. If you were in my position, what would you do over the next 3–5 years to grow the business? ● What categories would you expand or cut? ● Would you focus on private labels, premium products, B2B supply, loyalty programs, or something else? ● Are there any business models that traditional supermarkets should seriously consider today? ● What mistakes do you see neighborhood supermarkets making? ● If you’ve successfully grown a retail store, what worked for you? I’m genuinely looking for practical, experience-based ideas rather than textbook business advice. Thanks in advance! more less",,2026-07-08,https://old.reddit.com/r/IndiaBusiness/comments/1uqpk9x/my_supermarket_is_profitable_but_growth_has/
1uq95xc,reddit,"HSBC Live+ vs SBI Cashback (2026): Which one makes more sense after the recent changes? Card Recommendation Title: HSBC Live+ vs SBI Cashback (2026): Which one would you pick today? Body: I have SBI cashback card but I was thinking of closing it, to switch to HSBC live + to enter HSBC world My spending is mainly: Online shopping (Amazon, Flipkart, etc.) Swiggy/Zomato Groceries (Blinkit, Instamart, supermarkets) Dining I already have an HDFC Diners Club Black . For those who have used either or both: Which one offers better real-world value today? Any issues with cashback exclusions, caps, or merchant categories? If you could keep only one, which would you choose and why? Looking for experiences from long-term users rather than just comparing the reward tables. Thanks! more less",,2026-07-07,https://old.reddit.com/r/CreditCardsIndia/comments/1uq95xc/hsbc_live_vs_sbi_cashback_2026_which_one_makes/
1uq7msy,reddit,How can I fix this?? How can I disable these floating window notifications for an app?? Is there any option available more less https://i.redd.it/4eddql6hevbh1.png,,2026-07-07,https://old.reddit.com/r/motorola/comments/1uq7msy/how_can_i_fix_this/
1uowfhi,reddit,"Nutrition labels in India are a joke? How to manage?!! Food/Nutrition 🥚🥦 Like dude - ordered this off Blinkit after seeing the label. Especially Sodium - Blinkit AND Instamart both say 52.4 mg sodium (reasonable) Actual packet says …. 372.4 mg (that’s a lot?!!!!) that’s literally a difference of 7 times‼️‼️ Protein toh let it be. Is this label just a joke or a suggestion? Should we set up labs at home to test this all out? Checked the packed checked the order history everything. Like chal kya raha hai. Edit Update - Got a call from Blinkit Category some senior person. They said brand submitted it themselves and even Blinkit doesn’t know what label is the correct one. He was also surprised as the barcode is the same for what packet I got and even the barcode they have on the app versus what I got is same. I told him I checked brand own website, Swiggy and Blinkit and everywhere the same label with lower numbers is printed despite the actual pack showing more. Also side note I ate it obviously so I know it was very salty. 🤷🤷‍♀️🤷‍♂️ basically they are also like we don’t know but “we will figure it out and check it with the brand” more less https://www.reddit.com/gallery/1uowfhi",,2026-07-06,https://old.reddit.com/r/Fitness_India/comments/1uowfhi/nutrition_labels_in_india_are_a_joke_how_to_manage/
2ngy17,reddit,"unusual_whales A subreddit to discuss unusual options/stock activity, along with political and financial news that moves markets. Use code: reddit10 for 10% off your subscription! Check out our socials tab at the top for more details. search within r/unusual_whales",,,https://old.reddit.com/r/unusual_whales/
3t5vpe,reddit,Out of stock search within u/aclunt79,,,https://old.reddit.com/user/aclunt79/
2r6ex,reddit,Evangelion God's in his heaven. All's right with the world. search within r/evangelion,,,https://old.reddit.com/r/evangelion/
1v5epkr,reddit,Need labcoat ask VITians Im a fresher.. labcoat on blinkit is out of stock.. so I'm in need of one more less,,2026-07-24,https://old.reddit.com/r/vitchennai/comments/1v5epkr/need_labcoat/
1v3jjdy,reddit,"Store to buy hotwheels at mrp near janakpuri ?? Help On blinkit etc, it's always out of stock and on amazon it's always higher than the mrp. Can you please tell me any good stores or malls from where I can buy hotwheels at mrp near janakpuri?? more less",,2026-07-22,https://old.reddit.com/r/HotWheelsIndiaClub/comments/1v3jjdy/store_to_buy_hotwheels_at_mrp_near_janakpuri/
1v38mc6,reddit,"Store to buy hotwheels at mrp near janakpuri ?? AskDelhi On blinkit etc, it's always out of stock and on amazon it's always higher than the mrp. Can you please tell me any good stores or malls from where I can buy hotwheels at mrp near janakpuri?? more less",,2026-07-22,https://old.reddit.com/r/delhi/comments/1v38mc6/store_to_buy_hotwheels_at_mrp_near_janakpuri/
1uzxea0,reddit,"Acquired Victoria secret Cherry milkshake from Blinkit Perfumes 🌸 It actually was a bet as to whether it would be legit or not but to my surprise, it actually is, and it smells amazing!!! It is currently out of stock on their website and nykaa/myntra. Thank you, Blinkit! more less https://i.redd.it/uluznbrpzzdh1.jpeg",,2026-07-18,https://old.reddit.com/r/indianbeautyyappers/comments/1uzxea0/acquired_victoria_secret_cherry_milkshake_from/
1uzx9k2,reddit,"Acquired Victoria secret Cherry milkshake from Blinkit It actually was a bet as to whether it would be legit or not, but to my surprise, it actually is, and it smells amazing!!!!. It is currently out of stock on their website and nykaa/myntra. Thank you, Blinkit! more less https://i.redd.it/uluznbrpzzdh1.jpeg",,2026-07-18,https://old.reddit.com/user/Slow-Map-7535/comments/1uzx9k2/acquired_victoria_secret_cherry_milkshake_from/
1uybf9g,reddit,"I missed the opportunity to buy ps5 stock availability To many of you i might look dumb ok, so basically i have been looking for a ps5 for like 3-4 months now. Ever since the price hike. And few days an ago Blinkit notification came that ps5 is available I was like damn I’ll buy buy. And I added to the cart then I froze. I had the money for it saved. And then my senior was lien if you buy it. I’ll get you a controller I was like done. And went to see it was out of stock 😭😭. FML more less",,2026-07-16,https://old.reddit.com/r/ps5india/comments/1uybf9g/i_missed_the_opportunity_to_buy_ps5/
1uxuylc,reddit,"Cadbury Silk Kunafa? Food & Drinks Has anyone tried the Cadbury Silk Kunafa edition? Its al out of stock on Blinkit, Swuggy Instamart and Zepto. Any help? Also is it good? more less",,2026-07-16,https://old.reddit.com/r/surat/comments/1uxuylc/cadbury_silk_kunafa/
1uvq1k4,reddit,"PS5 shortage? stock availability I am trying to order PS5 online but no retailers seems to have it. I have tried Amazon, Croma, Flipkart, ShopAtSC, Vijay Sales, Reliance Digital, Blinkit and Games The Shop. All of them show out of stock. Is there a PS5 shortage in India? Do y'all know any platform where it IS still available? more less",,2026-07-13,https://old.reddit.com/r/ps5india/comments/1uvq1k4/ps5_shortage/
1uttmdt,reddit,Is the replaced B12 version of the Minimalist Oat Extract Cleanser better or at least as good as the original? I Followed Posting Rules https://i.redd.it/ltt3u7n1mnch1.jpeg,,2026-07-11,https://old.reddit.com/r/IndianSkincareAddicts/comments/1uttmdt/is_the_replaced_b12_version_of_the_minimalist_oat/
1utompy,reddit,"URGENT NEED :- HELP ME WITH PSN GIFT CARD FOR INDIAN STORE I DONT HAVE ANY OTHER PAYMENT OPTION .(For MW1) help Hlo guys , Can you help me it's urgently needed , I need to purchase MW1 , I need it very badly . It's out of stock on paytm , phonepe shows failed , blinkit shows failed , flipkart unavailable , amazon unavailable , and every major app shows out of stock , can u pls tell any app / website that goes payment super smooth and successful and code delivered , need that in 1-2 days . I don't have any other payment options all cards fail and also I don't need any card thingy , I am a PS5 user and prefer upi. 1k inr gift card needed. more less https://www.reddit.com/gallery/1utompy",,2026-07-11,https://old.reddit.com/r/ps5india/comments/1utompy/urgent_need_help_me_with_psn_gift_card_for_indian/
1utdi9o,reddit,"Where can I find Yakult in Purnia? Hi everyone, Does anyone know where I can buy Yakult in Purnia? I've already checked Blinkit and Flipkart Minutes, but it's not available on either. (Out of Stock) If you've seen it at any supermarket, pharmacy, or local store, I'd really appreciate the recommendation. Thanks! more less",,2026-07-11,https://old.reddit.com/r/Purnia/comments/1utdi9o/where_can_i_find_yakult_in_purnia/
1ut0yq0,reddit,"Got a pretty crazy discount on the whole truth isolate. W??????? Discount 💵 Was randomly doomscrolling at 1am and looking for protein powders as I just ran out of my Muscleblaze isolate, suddenly remembered how I used to take whole truths unflavoured isolate back in early 2025 so I thought about ordering from thier website and i was shocked to see 2kg’s cost 13 fucking thousand suddenly????😭😭😭 Opened swiggy out of stock, then blinkit again out of stock, then finally came zeptos turn and at first I was confused after seeing the exact protein being listed for ₹2750 as it was never this cheap even before the price hike, then I thought to myself no wait maybe im looking at some other product but no there is was GLORIOUSLY WAITING FOR ITS RIGHTFUL OWNER. Aside from all the dramatics I bought 2x1kg pack in the end and paid ₹5300 instead of ₹13000. Massive win i guess😛 (I reconfirmed the batch number with their authenticity checker and so far everything checks out. Maybe it was just a zepto pricing error or could be the fact the product expires in 3 months idk but as far as I was able to confirm that it is not fake) more less https://www.reddit.com/gallery/1ut0yq0",,2026-07-10,https://old.reddit.com/r/Fitness_India/comments/1ut0yq0/got_a_pretty_crazy_discount_on_the_whole_truth/
1urpxuo,reddit,"PSN Gift cards in India So like, recently, PSN cards have been out of stock and can't find them anywhere online or offline in india like anyone know where can I get them. Like tried Amazon, Flipkart, Blinkit, E2Z store, GamesTheShop, Jio games store and whatnot but all of them are out of stock. Anyone got a clue where to buy em online like from trusted retailers.. more less",,2026-07-09,https://old.reddit.com/r/IndiaPS5/comments/1urpxuo/psn_gift_cards_in_india/
1urlz57,reddit,"Discussion [TCC] Looking for True Diecast Collectors – Join The Castings Club! 🏎️🤝 Tired of scalpers clearing out pegs and quick-commerce apps just to flip mainlines for insane profits? We feel you. We run a dedicated WhatsApp community called The Castings Club (TCC), built by true collectors for true collectors who believe in a fair chance for everyone. 🛑 Strictly NOT for Scalpers or Hoarders If your goal is flipping cars or gatekeeping stock, pass this by. To keep our community 100% secure, scam-free, and clean, we have a strictly mandatory legit check for every single member who joins. What we do: ⚡ Quick Alerts: Instantly share stock updates from Blinkit, Zepto, and Instamart. 🏷️ Fair Pricing: We deal strictly at MRP or near MRP rates—no crazy premium markups. 🔍 Cross-City Hunting: Post your ISO (In Search Of) list, and members will help you hunt it down at fair rates. 🛡️ Safe Trading: Clear verification to ensure every deal is transparent. If you love the hobby and want a clean, toxic-free space to connect with real hobbyists, you’re welcome here. DM us or comment below to get the invite link! 🏁 more less https://www.reddit.com/gallery/1urlz57",,2026-07-09,https://old.reddit.com/r/HotWheelsIndiaClub/comments/1urlz57/discussion/
1uqmbpc,reddit,"Where can we find hot wheels car in mangalore at mrp Question I searched a lot of areas in Mangalore but couldn't find more hot wheels cars that i want some of cars like vintage and ev cars I have found at mrp in big basket and spar supermarket but there are lots of fantasy cars only . In Blinkit and Instamart all cars are out of stock, even if they have its few fantasy ones . Few retailers and some event stalls sell hot wheels but more than the mrp .Can anyone guide me in getting a hot wheels car in Mangalore at mrp plz more less",,2026-07-08,https://old.reddit.com/r/HotWheelsIndiaClub/comments/1uqmbpc/where_can_we_find_hot_wheels_car_in_mangalore_at/
2tj99,reddit,"PC Modding A place for community members to show off their customized PCs, discuss new ideas for their rigs and look for help getting their dream project off the ground. Not for assembly or troubleshooting , but modification! search within r/pcmods",,,https://old.reddit.com/r/pcmods/
t1xyj,reddit,No Man's Sky Black Hole Research and Mapping Project Purpose: To research and catalog known black holes in an effort to record and share where they place the traveler in relation to other known areas and places of interest in the NMS Galactic Map. search within r/NMSBlackHoleSuns,,,https://old.reddit.com/r/NMSBlackHoleSuns/
3igzw,reddit,"Muks Store Quality reps, quality service. search within r/Muks_store",,,https://old.reddit.com/r/Muks_store/
1v6b4lz,reddit,"UCMS–LOTUS–005 Lotus, Lethe, and the Comparative Architecture of Sacred Oblivion Layer Verdict The lotus traditions of Egypt, Greece, India, and Buddhism do not resolve into one ancient worldwide lotus cult. The plants differ. The texts differ. No continuous transmission chain currently joins all of them. What does recur is a shared threshold architecture: Depth or mud → water crossing → emergence → changed state Each civilization assigns a different value to that transition: - Egypt: Death becomes renewed life. - The Homeric Lotus-Eaters: Travel becomes forgetful enclosure. - Greek mystery and oracular traditions: Ordinary memory must be selectively erased or protected. - Indian and Buddhist traditions: Immersion in the world need not produce attachment or contamination. The recurring lotus is therefore less a universal doctrine than a naturally powerful interface symbol—a living form that appears to cross between darkness, water, light, death, consciousness, and renewed identity. --- I. Egypt: The Lotus as the Return of Life The Egyptian “lotus” is principally a water lily rather than the North African jujube behind the historical Lotus-Eaters. Egyptian blue and white water lilies close and reopen in relation to the daily light cycle. The flower’s renewed opening was associated with the first sunrise, creation, rejuvenation, and daily rebirth. This establishes a very different lotus equation from Homer: Homeric lotus = return forgotten Egyptian lotus = return made cosmically inevitable The Egyptian flower disappears into darkness and water, yet reappears with the sun. Its sacred power lies not in permanent escape from the world, but in successful recurrence. The Deceased as Lotus Standard catalogs of the Egyptian Book of the Dead identify Spells 81A and 81B as transformations of the deceased into a lotus. These belong to a larger sequence of transformation spells granting the dead mobility and new forms in the afterlife. The deceased is not merely standing beside the plant or receiving it as an offering. The ritual objective is expressed as becoming the lotus. That implies a transformation pattern: The old embodied form enters death. Identity survives in a concealed or potential state. The dead person assumes the flower’s regenerative form. Emergence into light becomes possible. The deceased participates in solar renewal. The lotus is therefore a model of identity preserved through metamorphosis. Lotus-Shaped Vessels Egyptian artisans also created drinking vessels in lotus form. A Ramesside faience chalice at the Metropolitan Museum has been interpreted in connection with the flower’s aquatic setting and possible medicinal or analgesic associations. A lotus-shaped cup does not prove that every drink it held was psychoactive. It nevertheless collapses several levels into one ritual object: Plant form + liquid + mouth + body + regenerative symbol = ritual embodiment The drinker receives liquid from a vessel shaped like the organism that emerges from the waters of creation. This is ritual ingestion as formal embodiment. Even when the liquid is ordinary, the vessel makes drinking participate in the lotus’s cosmology. --- II. Greece: Lotus and the Failure of Return The Homeric Lotus-Eaters occupy the inverse side of the Egyptian structure. The Egyptian lotus returns from concealment. The Homeric sailors stop wanting to return at all. The fruit does not clearly destroy their entire autobiographical memory. It breaks the operational connection between memory and nostos—homecoming. They cease reporting, cease journeying, and wish to remain continually eating. Thus: Memory without obligation = politically ineffective memory A sailor may still know that Ithaca exists. But when Ithaca no longer governs conduct, the remembered homeland becomes functionally absent. Sacred Oblivion as Enclosure The Lotus-Eater shore resembles an afterlife without death: - suffering has receded; - labor and navigation stop; - the distant household loses its claim; - time contracts around repeated consumption; - departure feels like loss rather than restoration. This produces an artificial eternity: Eat → remain → eat again The danger is not annihilation. It is continuity stripped of direction. Death ends the traveler’s movement. Lotus eating preserves the body while ending the journey’s meaning. --- III. Lethe: Forgetting as an Underworld Condition Greek tradition personified Lēthē as forgetfulness or oblivion and associated it with underworld water. In later accounts, the dead drink and lose the memory of mortal existence. The connection to the Lotus-Eaters is structural rather than botanical. Lotus-Eaters - Sweet food - Living travelers - Homeland loses force - Geographic enclosure - Odysseus prevents further ingestion - Return is threatened Lethe - Underworld water - Dead souls - Mortal life is forgotten - Metaphysical enclosure - Initiatory texts may warn against drinking - Rebirth or the ordinary death-cycle continues Both traditions treat ingestion as a boundary operation. What enters the mouth determines which world retains authority over the self. Oblivion as Separation Technology Lethe performs a metaphysical function. A soul crossing fully into another order may need to lose the attachments, pain, knowledge, or identity belonging to its former life. Under this model, forgetting is not accidental damage. It is a transition mechanism: Old identity → oblivion → available new identity This can be merciful, coercive, or cosmically administrative, depending on the tradition. The same mechanism that frees a soul from accumulated pain can also erase what would allow that soul to resist assimilation. --- IV. Mnemosyne: Memory as an Escape Route The funerary gold tablets commonly called “Orphic” or “Orphic-Bacchic” reverse the ordinary underworld movement. Some instruct the deceased not to drink from the first spring used by other dead souls, but to seek cold water flowing from the Lake of Memory. The third-century BCE tablet from Entella tells the deceased to avoid the first water and request drink from the Lake of Memory while declaring a heavenly lineage as a child of Earth and starry Sky. The operative sequence is: Enter the darkness of death. Recognize the misleading or ordinary water. Refuse automatic oblivion. Remember the correct formula. Declare one’s origin. Receive the water of Memory. Proceed under a transformed status. Memory here is not nostalgia. It is initiatory competence. The dead person must remember: - where to go; - what not to drink; - what to say; - who they are; - from what lineage they descend. A soul without memory cannot execute the passage. Memory Preserves Sovereignty The Lotus-Eater sailors lose effective allegiance to home after ingestion. The tablet-bearing initiate protects postmortem identity through the correct ingestion. These are mirror operations: Lotus → consume and forget where you belong Mnemosyne → consume and remember what you are The critical resource is not information in general. It is self-location. Who am I? Where have I come from? Which water belongs to my path? Which authority may classify me? Sacred memory is the capacity to answer these questions at the threshold. --- V. Trophonius: Controlled Forgetting Before Revelation At the oracle of Trophonius in Boeotia, Pausanias records one of antiquity’s clearest ritual systems for actively managing memory. Before entering the subterranean oracle, the consultant drank from water called Lethe so that prior thoughts would be forgotten. The consultant then drank from Mnemosyne so that what was seen or heard below could later be remembered. After emerging, the person was seated on the Chair of Mnemosyne and questioned by priests, who recorded the revelation. Pausanias claims personal experience of the oracle. The sequence is extraordinarily precise: Ordinary memory → Lethe clearing → subterranean encounter → Mnemosyne encoding → priestly extraction → written record Here, forgetting and remembering are not enemies. They are two stages of one ritual technology. Why Forget First? The rite suggests that existing thought could interfere with revelation. Lethe removes or suspends: - ordinary preoccupations; - prior expectations; - social noise; - habitual interpretation; - the identity carried into the sanctuary. Mnemosyne then preserves: - the exceptional vision; - the divine message; - the altered-state encounter; - the content required by the community. This is not total amnesia. It is memory-field preparation. The mind is cleared, exposed, reinscribed, interrogated, and archived. The Political Dimension The priests control the entire process: - access to the sanctuary; - purification; - sacrificial readiness; - the two waters; - the descent; - the Chair of Memory; - questioning after emergence; - dedication of the written testimony. The visionary experience belongs to the consultant, but its durable public form is produced through institutional mediation. The sanctuary therefore governs both: What must be forgotten before revelation and What may be remembered afterward This is sacred memory administration. --- VI. India: The Lotus as Non-Adhesion In the Bhagavad Gītā, the lotus appears not as a cause of forgetting but as an analogy for action without attachment. Verse 5.10 compares the person who performs action while relinquishing attachment to a lotus leaf that remains unstained by water. The image depends on a paradox: - the lotus grows in water; - water touches it; - the leaf is nevertheless not overwhelmed or saturated by that contact. The spiritual structure is: Participation - attachment = action without bondage This is almost the exact correction to the Lotus-Eater state. The Lotus-Eater becomes absorbed by the environment. The lotus-leaf practitioner remains within the environment without being possessed by it. Two Responses to Immersion Homeric Lotus-Eater - Contact becomes attachment. - Pleasure redirects identity. - The environment captures desire. - Homeward duty dissolves. - Immersion ends movement. The Gītā’s Lotus Leaf - Contact remains contact. - Action does not bind identity. - The environment cannot stain the agent. - Duty is performed without possessiveness. - Non-attachment permits continued action. The Indian lotus does not teach withdrawal from all activity. It teaches non-capture while acting. The traveler can enter the feast without allowing the feast to determine the traveler’s ultimate direction. --- VII. Buddhism: Emergence Without Contamination Early Buddhist literature repeatedly uses lotus and water-lily imagery for wisdom, awakening, and the capacity to arise above the conditions from which one was born. The Dhammapada compares a fragrant lotus growing from roadside refuse with a disciple whose wisdom shines among those lacking insight. Other Buddhist texts preserve the image of one born in water, growing in water, yet rising above it unstained—a comparison applied to the awakened person’s relationship with the world. The Buddhist pattern is: Conditioned origin does not imply permanent captivity by conditions Mud is not denied. Water is not denied. Birth within the world is not denied. What changes is the relationship to them. Awakening Versus Oblivion The Homeric sailors become peaceful by losing direction. Buddhist awakening is not achieved through loss of discernment, but through its purification. This gives us two superficially tranquil but structurally opposed states. Lotus-Eater Tranquility - reduced conflict; - reduced striving; - weakened long-term orientation; - repeated immediate satisfaction; - diminished capacity to leave. Awakened Tranquility - intensified discernment; - relinquishment of compulsive attachment; - freedom from capture by pleasure and aversion; - preserved capacity for deliberate conduct; - release from automatic repetition. One state is peace because purpose has been sedated. The other is peace because compulsion no longer governs purpose. --- VIII. The Four Architectures of Sacred Forgetting The comparative sweep identifies four major ancient structures. Dissolution Examples: Homeric lotus and underworld Lethe. The former identity is weakened so that another environment or cycle can claim the person. State 0 → ingestion → State 1 The passage may be successful from the receiving system’s perspective, but catastrophic from the traveler’s. Selective Clearing Example: Trophonius. Prior mental content is temporarily set aside so that revelation can be received and separately remembered. Original state → Lethe → prepared emptiness → revelation → revealed state → Mnemosyne → preserved revelation The emptying is instrumental rather than final. Regenerative Metamorphosis Example: Egyptian solar and funerary lotus. Identity passes through concealment and changed form but emerges renewed. Life → darkness → transformation → renewed manifestation The goal is neither to retain the old body unchanged nor to erase the person. It is continuity through transformation. Non-Adhesive Emergence Examples: Hindu and Buddhist lotus imagery. The being arises within conditioned reality but is not permanently defined, stained, or captured by it. Immersion + discernment = presence without bondage The threshold is crossed without severing awareness. --- IX. The Lotus as a Phase-Interface Plant The deepest comparative node is not that “every culture secretly told the same story.” It is that lotus-like plants visibly enact a rare combination of states: - rooted below; - rising through water; - opening into light; - apparently clean despite the substrate; - closing and reopening; - sustaining edible seeds or roots; - occupying both surface and depth. The plant is therefore unusually suited to expressing: - birth from darkness; - consciousness emerging from unconscious depth; - purity without spatial separation; - death followed by return; - identity that survives transformation; - the possibility of inhabiting a world without being absorbed by it. This is a symbolic affordance. The organism’s observable life makes certain metaphors repeatedly available. That convergence does not require a lost global priesthood. Cultural transmission may have occurred in particular regions and periods, but resemblance alone cannot prove it. --- X. Lotus and the Ethics of Forgetting The sweep reveals that neither memory nor forgetting is automatically sacred or corrupt. Forgetting Can Liberate It may release: - overwhelming grief; - vengeance; - repetitive trauma; - obsolete identity; - ordinary thought that obstructs ritual encounter. Forgetting Can Enslave It may erase: - origin; - duty; - testimony; - communal belonging; - the ability to recognize manipulation; - knowledge needed to exit a system. Memory Can Liberate It can preserve: - identity across thresholds; - ritual instructions; - historical truth; - obligations to the absent; - the possibility of return. Memory Can Imprison It can perpetuate: - grievance; - inherited enmity; - guilt; - attachment to a dead form; - inability to undergo necessary transformation. The governing question is therefore not: «Is forgetting good or bad?» It is: «Who determines what is forgotten, what is retained, and what future becomes possible afterward?» --- XI. The Lotus Gate We can now formalize the Lotus Gate as a UCMS diagnostic. A threshold practice should be evaluated across five variables: Lotus Gate = (O, M, A, R, X) Where: - O: Preservation of origin - M: Integrity of memory - A: Agency after transformation - R: Capacity for meaningful return - X: Freedom to exit or transcend the new state Comparative Profiles Homeric Lotus-Eaters - Origin: Eroded - Memory: Directionally weakened - Agency: Reduced - Return: Blocked - Exit or transcendence: Requires rescue Ordinary Lethe - Origin: Erased or submerged - Memory: Reduced - Agency: Cosmically reassigned - Return: Not intended - Exit or transcendence: Cycle-dependent Orphic-Bacchic Memory Water - Origin: Affirmed - Memory: Protected - Agency: Increased - Return: Becomes a transformed passage - Exit or transcendence: Actively sought Trophonius - Origin: Temporarily cleared - Memory: Selectively restored - Agency: Institutionally mediated - Return: Preserved - Exit or transcendence: Preserved Egyptian Funerary Lotus - Origin: Cosmically reformulated - Memory: Identity preserved through form - Agency: Renewed - Return: Cyclical emergence - Exit or transcendence: Preserved The Gītā’s Lotus Leaf - Origin: Preserved - Memory: Clear - Agency: High - Return: Duty continues - Exit or transcendence: Non-attachment Buddhist Lotus - Origin: Understood as conditioned - Memory: Clarified - Agency: Liberated from compulsion - Return: Not simple homecoming - Exit or transcendence: Awakening The model demonstrates why similar imagery may conceal opposite outcomes. --- XII. Olo Node: The Missing Center The hidden center of the comparative lotus archive is not oblivion alone. It is continuity under conditions of transformation. Every tradition asks some version of: «What must remain when the former state can no longer continue?» The Homeric answer is tragic: The connection to home must remain, or the journeying self dissolves. The Orphic-Bacchic answer is mnemonic: Remember your origin and the correct path. The Trophonian answer is selective: Forget ordinary thought, but retain revelation. The Egyptian answer is morphological: Become another living form capable of rising again. The Hindu answer is relational: Act within the world without allowing contact to become bondage. The Buddhist answer is epistemic: Arise from conditions while seeing through their power to define the awakened mind. The lotus is therefore a test of coherence through passage: Transformation is liberating only when it changes the form without covertly destroying the capacity to know, choose, and emerge. --- XIII. Updated Claims Ledger LOT-C56 — Egyptian, Homeric, and Indian lotus traditions concern the same botanical species. Status: Rejected. LOT-C57 — Their symbolic similarities prove one continuous transcontinental cult. Status: Unsupported. LOT-C58 — Egyptian water-lily imagery was associated with solar renewal and rebirth. Status: Established. LOT-C59 — Egyptian funerary tradition included transformation into a lotus. Status: Established in the standard spell catalog. LOT-C60 — Lotus-shaped Egyptian vessels prove universal psychoactive consumption. Status: Rejected. LOT-C61 — Greek Lethe represents forgetting through underworld ingestion. Status: Established. LOT-C62 — Some gold tablets instruct the dead to avoid ordinary underworld water and drink from Memory. Status: Established. LOT-C63 — The tablet instructions use preserved memory to protect postmortem identity and navigation. Status: Strong synthesis. LOT-C64 — The Trophonius ritual used Lethe and Mnemosyne as sequential operations. Status: Established through Pausanias. LOT-C65 — The Trophonian rite sought permanent total amnesia. Status: Rejected. LOT-C66 — The Bhagavad Gītā uses the lotus leaf as an image of action without attachment. Status: Established. LOT-C67 — Early Buddhist lotus imagery emphasizes emergence and wisdom rather than narcotic oblivion. Status: Established. LOT-C68 — Cross-cultural lotus symbolism can arise from the plant’s visible ecology without direct transmission. Status: Strong comparative inference. LOT-C69 — Ancient sacred forgetting could be destructive, restorative, selective, or initiatory. Status: Promoted. LOT-C70 — The central comparative issue is continuity of identity and agency across thresholds. Status: Promoted. --- Final Synthesis The ancient lotus archive contains no single message. It can say: - Forget home and remain. - Forget your ordinary thoughts and descend. - Remember your origin or be lost among the dead. - Enter darkness and rise again with the sun. - Live in the waters without allowing them to cling. - Grow from the mud without mistaking the mud for your final nature. This gives the Lotus-Eater episode a sharper place in the larger history. The sailors experience a failed lotus transformation. They cross into sweetness, but they do not emerge. They enter the threshold and become lodged inside it. Egyptian rebirth, Mnemosynian drinking, and Buddhist awakening all insist, in different ways, that a sacred crossing must eventually yield a renewed capacity to rise, remember, act, or see. The Homeric lotus offers peace without emergence. That is why it remains dangerous. The sacred lotus passes through the waters. The Lotus-Eater forgets there was ever another shore. more less https://www.reddit.com/gallery/1v6b4lz",,2026-07-25,https://old.reddit.com/r/SubspacePhysics/comments/1v6b4lz/ucmslotus005_lotus_lethe_and_the_comparative/
1v69eah,reddit,"Kotlin Architecture Tests with Konture: A Practical Guide - Part 3 Set up a dedicated architecture-test module, add Konture, and grow a small suite of structural rules that protects the boundaries your Kotlin project actually depends on. The best first architecture test is usually not clever. It is a rule the team already believes: Feature implementation modules must not depend on sibling feature implementation modules. That rule is concrete. It is easy to explain. It is painful when broken. It also exercises the right habit: encode a real architectural decision, not an idealized diagram. This guide uses Gradle Kotlin DSL and JUnit 5. Konture itself is test-runner agnostic, so the same rules can run from JUnit, Kotest, TestBalloon, or another Kotlin/JVM runner. Target Setup Use a dedicated architecture-test module. Architecture test module setup A separate module gives the architecture suite a project-level view without adding architecture-test dependencies to production modules. It also makes CI wiring straightforward: run one task when you want structural checks. In a larger project, the inspected modules may look like this: :app :core:domain :core:data :feature:checkout:api :feature:checkout:impl :feature:profile:api :feature:profile:impl :shared :androidApp :iosApp The names do not matter. The policy does. Use your real modules and packages in every rule. Step 1: Add Konture Declare the version in your version catalog: [versions] konture = ""0.6.8"" [plugins] konture = { id = ""io.github.baole.konture"", version.ref = ""konture"" } [libraries] konture = { group = ""io.github.baole"", name = ""konture"", version.ref = ""konture"" } Apply the plugin in the root build: plugins { alias(libs.plugins.konture) apply true } The plugin generates the layout metadata Konture needs for module-aware rules. Step 2: Create the Architecture-Test Module Register the module in settings.gradle.kts : include("":konture-test"") Create konture-test/build.gradle.kts : plugins { kotlin(""jvm"") alias(libs.plugins.konture) } dependencies { testImplementation(libs.konture) testImplementation(""org.junit.jupiter:junit-jupiter-api:5.11.0"") testRuntimeOnly(""org.junit.jupiter:junit-jupiter-engine:5.11.0"") testImplementation(project("":app"")) testImplementation(project("":core:domain"")) testImplementation(project("":feature:checkout:api"")) testImplementation(project("":feature:checkout:impl"")) testImplementation(project("":feature:profile:api"")) testImplementation(project("":feature:profile:impl"")) } tasks.test { useJUnitPlatform() } Replace the sample dependency list with the modules your rules inspect. The architecture-test module should see the code and build metadata it checks. Step 3: Start With One Build-Graph Rule Create konture-test/src/test/kotlin/com/acme/ArchitectureGuardrailsTest.kt . package com.acme import io.github.baole.konture.Konture import org.junit.jupiter.api.Test class ArchitectureGuardrailsTest { @Test fun `feature implementations must not depend on sibling feature implementations`() { Konture.modules { that().haveNameMatching("":feature:**:impl"") should().onlyDependOnModules( "":feature:**:api"", "":core:**"", "":shared"", ) } } } This rule checks the Gradle project graph. If :feature:checkout:impl adds implementation(project("":feature:profile:impl"")) , the architecture test fails. For a simpler layered project, use the real paths: Konture.modules { that().haveNamePath("":core:domain"") should().notDependOnModule("":core:data"") should().notDependOnModule("":app"") } Do not ship placeholder names. Architecture tests are contracts; contracts need concrete targets. Step 4: Add a Cycle Check Circular module dependencies slow builds and weaken ownership boundaries. @Test fun `module graph must not contain cycles`() { Konture.assertNoCycles() } This is a useful default for multi-module projects because cycles tend to make every future boundary decision harder. Step 5: Protect Domain Source Code A clean module graph does not guarantee clean source references. Add a source-level package rule: @Test fun `domain classes must only depend on domain and standard library types`() { Konture.classes { that().resideInAPackage(""..domain.."") should().onlyDependOnClassesInAnyPackage( ""..domain.."", ""kotlin.."", ""java.."", ) } } If your domain layer deliberately depends on shared project code, say so explicitly: Konture.classes { that().resideInAPackage(""..domain.."") should().onlyDependOnClassesInAnyPackage( ""..domain.."", ""..shared.."", ""kotlin.."", ""java.."", ) } The rule should match the architecture the team has chosen, not an architecture borrowed from an example. Step 6: Ban Framework Imports Where They Do Not Belong External frameworks are often easier to detect through imports than through project class dependencies. @Test fun `domain must not import framework or persistence APIs`() { Konture.scopeFromPackage(""com.acme.domain"") .assertTrue(""Domain must not import framework or persistence APIs"") { cls -> cls.imports.none { fqName -> fqName.startsWith(""org.springframework."") || fqName.startsWith(""io.ktor."") || fqName.startsWith(""android."") || fqName.startsWith(""androidx.compose."") || fqName.startsWith(""jakarta.persistence."") || fqName.startsWith(""javax.persistence."") } } } scopeFromPackage(""com.acme.domain"") selects a concrete package prefix for custom assertions. By contrast, resideInAPackage(""..domain.."") uses Konture's wildcard package matching inside fluent class rules. Tune the prefixes for the project. A backend may ban persistence annotations from domain. An Android app may ban Android and Compose APIs from shared or domain packages. A KMP project may apply different policies to commonMain , androidMain , and iosMain . Avoid broad bans that catch legitimate dependencies. For example, banning all of kotlinx.. may block valid use of coroutines. Step 7: Enforce Repository Contracts If your architecture treats repositories in the domain layer as contracts, encode that rule: @Test fun `repositories inside domain must be interfaces`() { Konture.classes { that().resideInAPackage(""..domain.."") that().haveNameEndingWith(""Repository"") should().beInterfaces() } } This catches a common shortcut: class UserRepository { // concrete persistence behavior in domain } If your project uses abstract classes, ports, or a different naming convention, encode that instead. The rule should enforce your contract model, not the word Repository itself. Step 8: Keep Implementation Packages Internal Kotlin classes and members are public by default. In multi-module projects, accidental public visibility becomes accidental API. @Test fun `implementation classes must remain internal`() { Konture.classes { that().resideInAPackage(""..impl.."") should().beInternal() } } This is especially useful for feature or library modules that split API and implementation: :feature:checkout:api :feature:checkout:impl The API module exposes contracts. The implementation module should not become a grab bag for other features. Step 9: Protect Feature Module Isolation If you did not start with feature isolation, add it once the basic module rules are stable. Sibling feature implementations usually should not depend on each other directly. @Test fun `feature implementations must not depend on sibling feature implementations`() { Konture.modules { that().haveNameMatching("":feature:**:impl"") should().onlyDependOnModules( "":feature:**:api"", "":core:**"", "":shared"", ) } } This allows feature implementations to depend on feature API modules, core modules, and shared modules. It blocks implementation-to-implementation coupling. If the app has a different modularization strategy, change the allowed list. The value is not the pattern; the value is making the intended dependency graph executable. Step 10: Use the Layered DSL for Directional Rules For package-based layer rules, a layered DSL can be easier to read than a long list of package predicates. Layered package rules @Test fun `layers must follow inward dependency direction`() { Konture.layered { val presentation = layer(""presentation"") definedBy ""..presentation.."" val domain = layer(""domain"") definedBy ""..domain.."" val data = layer(""data"") definedBy ""..data.."" where(presentation) { mayOnlyAccessLayers(domain) } where(data) { mayOnlyAccessLayers(domain) } where(domain) { mayOnlyAccessLayers() } } } For ports and adapters, the same idea might look like this: Konture.layered { val domain = layer(""domain"") definedBy ""..domain.."" val application = layer(""application"") definedBy ""..application.."" val adapter = layer(""adapter"") definedBy ""..adapter.."" where(domain) { mayOnlyAccessLayers() } where(application) { mayOnlyAccessLayers(domain) } where(adapter) { mayOnlyAccessLayers(application, domain) } } Use the model your team actually uses. A layered rule that does not match the real codebase will become friction quickly. Step 11: Add File-Level Hygiene Sparingly Some source conventions reduce navigation cost and review noise: @Test fun `source files should stay simple and explicit`() { Konture.files { should().notHaveWildcardImports() should().haveOnlyOneClassPerFile() should().haveNameMatchingClassName() } } Do not turn architecture tests into a second linter. If detekt , ktlint , or a formatter already enforces a rule well, use that tool. Step 12: Run the Suite Run the dedicated task: ./gradlew :konture-test:test Or include it in the normal verification path: ./gradlew check The repository's sample Gradle showcase uses the same pattern: ./gradlew -p showcases/sample-gradle :konture-test:test That command runs a dedicated architecture-test module against a small :app , :domain , and :data project. The suite covers module dependencies, class package boundaries, repository contracts, type leakage in use case signatures, and a negative assertion that proves a deliberately wrong module rule fails. The negative assertion demonstrates the failure shape you should expect from a real violation: Architecture violation(s) detected: Module :data depends on :domain, which is not allowed by pattern(s): :app The fix is not to weaken the rule. The fix is to restore the intended graph, or to change the rule only if the architecture decision has genuinely changed. For the feature example above, that usually means moving the shared contract into :feature:profile:api and depending on that API module instead of :feature:profile:impl . When a rule fails, handle it like any other test failure: Read the violation. Decide whether the encoded rule is still correct. Fix the code if the code crossed the boundary. Fix the rule if the architecture decision changed. Add an explicit exception only when the exception is intentional. Do not silently weaken rules until CI passes. That converts architecture tests from governance into decoration. Group Related Rules The examples above use focused standalone assertions such as Konture.modules { ... } and Konture.classes { ... } . When several rules describe the same boundary, group them with Konture.architecture { ... } so the module-level and source-level checks read as one contract: @Test fun `presentation boundary must hide transport models`() { Konture.architecture { modules { that().haveNamePath("":feature:profile:presentation"") should().notDependOnModule("":core:network"") } classes { that().resideInAPackage(""..profile.presentation.."") should().notDependOnClassesInAnyPackage( ""..network.dto.."", ""..database.."", ) } } } Advanced Patterns Once the starter suite is stable, add rules for the places where Kotlin projects usually leak architecture. DTO and Entity Surface Boundaries The most expensive leaks often appear in public or UI-facing signatures. A screen state, presenter contract, or feature API that exposes a transport DTO has turned an implementation detail into a long-lived dependency. @Test fun `presentation state must not expose transport or persistence types`() { val presentationClasses = Konture.scopeFromPackage(""com.acme.profile.presentation"").classes presentationClasses.assertTrue(""Presentation API must not expose DTOs or entities"") { cls -> val publicFunctionTypes = cls.functions .filter { it.visibility == io.github.baole.konture.Visibility.PUBLIC } .flatMap { fn -> listOf(fn.returnType) + fn.parameters.map { it.type } } val publicPropertyTypes = cls.properties .filter { it.visibility == io.github.baole.konture.Visibility.PUBLIC } .map { it.type } (publicFunctionTypes + publicPropertyTypes).none { type -> type.endsWith(""Dto"") || type.endsWith(""Entity"") || type.contains("".network."") || type.contains("".database."") } } } You can pair that with a module rule: Konture.modules { that().haveNamePath("":feature:profile:presentation"") should().notDependOnModule("":core:network"") } The module rule catches the physical dependency. The source rule catches the API leak even if the forbidden type arrives through a broader dependency that is otherwise allowed. DI Graph Conventions Konture should not replace a runtime DI integration test. It can still protect structural DI policy: @Test fun `hilt modules must stay in di packages`() { Konture.classes { that().haveAnnotationOf(""dagger.Module"") should().resideInAPackage(""..di.."") } } For Koin, a similar policy may live at the file or function level: @Test fun `production koin modules must not live in test packages`() { Konture.files { that().satisfy { file -> file.imports.any { it == ""org.koin.dsl.module"" } } should().resideInAPackage { packageName -> !packageName.contains("".test."") && !packageName.contains("".fixtures."") } } } These rules do not prove the DI graph starts. They prevent wiring code from spreading into places where ownership becomes unclear. Generated Code Generated code often violates authored-code conventions for good reasons. Treat it explicitly. konture { excludePackages( ""..generated.."", ""..buildconfig.."", ""..databinding.."", ) } Generated sources from Room, KSP, Compose resources, protobuf, serialization, or DI tools should not create false positives in rules about public API design or package ownership. If generated code is part of the public contract, test the public authored wrapper instead of the generated implementation detail. Legacy Quarantine For legacy code, do not pretend the target architecture already exists. Quarantine it. @Test fun `new domain code must not depend on legacy persistence`() { val newDomain = Konture.scopeFromPackage(""com.acme.domain"").classes.filterNot { cls -> cls.packageName.startsWith(""com.acme.domain.legacy"") } newDomain.assertTrue(""New domain code must not import legacy persistence"") { cls -> cls.imports.none { it.startsWith(""com.acme.legacy.persistence."") } } } The exception is visible, named, and removable. That is better than a broad rule that fails constantly or a silent exclusion nobody remembers. Public API Surface Architecture tests are especially useful when accidental public API creates long-lived coupling. @Test fun `public feature api must not expose implementation or persistence types`() { val apiClasses = Konture.scopeFromModule("":feature:checkout:api"").classes apiClasses.assertTrue(""Public API must not leak implementation detail"") { cls -> val publicFunctionTypes = cls.functions .filter { it.visibility == io.github.baole.konture.Visibility.PUBLIC } .flatMap { fn -> listOf(fn.returnType) + fn.parameters.map { it.type } } val publicPropertyTypes = cls.properties .filter { it.visibility == io.github.baole.konture.Visibility.PUBLIC } .map { it.type } (publicFunctionTypes + publicPropertyTypes).none { type -> type.contains("".impl."") || type.contains("".data."") || type.endsWith(""Entity"") || type.endsWith(""Dto"") } } } For libraries, this is also a semantic versioning rule. If a public signature exposes a persistence entity today, removing that entity tomorrow becomes a breaking API change. Rule Design Principles Add these principles before growing the suite: One policy per test : a failing test name should tell the developer which decision was broken. Prove the rule can fail : temporarily introduce a violation, run the test, confirm it fails, then remove the violation. Use real names : avoid placeholder modules and packages in committed rules. Make exceptions visible : generated code, migration packages, and legacy zones may need exclusions, but those exclusions should be deliberate. Avoid broad wildcards : a wide ban is useful only when the team understands what legitimate cases it excludes. Separate structure from style : architecture tests should protect boundaries and ownership, not formatting. The showcase projects are useful calibration material. The Now in Android suite demonstrates feature decoupling, ViewModel framework-import checks, and :api / :impl separation. The KotlinConf KMP suite demonstrates shared-core purity, backend/frontend separation, and route-to-service boundaries. Use examples like those to design rules around real architectural pressure, not abstract neatness. Troubleshooting Failures Most Konture failures fall into a few buckets. Failure shape What it usually means First repair to try Module :a depends on :b, which is not allowed A Gradle project dependency crossed the module policy Depend on an API module, move the contract, or remove the edge Circular dependency detected Two or more modules now form a dependency cycle Extract a shared contract or move ownership to one side Class ... should only depend on classes in ... A source import, signature, or referenced type crossed a package boundary Map to a boundary model, invert the dependency, or narrow the rule if the architecture changed Generated or build files appear in violations The suite is checking code the team does not author directly Add explicit generated-code exclusions or scope the rule to production packages A rule fails for many unrelated files The rule may be too broad or too early for enforcement Run it informationally, quarantine legacy zones, then tighten over time Read the first violation as a design question: is the rule still true? If yes, fix the code. If not, change the rule and leave a clear paper trail in the test name, ADR, or docs. What This Costs Architecture tests are cheap compared with late structural repair, but they are not free: The first pass against an existing codebase often surfaces legacy violations and false positives that need triage before enforcement. The team has to learn enough of the DSL to express policy precisely instead of encoding broad, frustrating rules. Every durable rule becomes maintenance surface when the architecture changes; rule edits should be reviewed as design changes. For one focused rule set, such as feature implementation isolation or domain purity, many teams can usually move from informational CI to required CI within a sprint or two. Treat that as a rough calibration, not a promise: older codebases and large migration zones need more time. Metrics and Observability Treat the architecture suite like a product health signal, not just a pass/fail gate. Useful metrics: Number of architecture rules, Architecture-test duration in CI, Violation count by rule before enforcement, Recurring violations by module or package, Number of explicit exceptions and quarantined packages, Module fan-in and fan-out for heavily changed areas, Review comments that disappear after a rule becomes executable. Do not overfit the numbers. A project with five strong rules can be healthier than a project with fifty ceremonial ones. The best metric is whether the suite catches expensive structural mistakes early and explains the repair clearly. Migration Playbook Rollout is a social problem as much as a technical one. Inventory the architecture decisions people already enforce in review. Pick one rule with high agreement and a clear repair path. Prove the rule fails by introducing and then removing a local violation. Run the rule in CI as informational if there are existing violations. Quarantine legacy zones explicitly instead of blocking all work. Make the rule required once new violations are rare and the team understands the failure. Add the next rule only after the previous one is boring. Expect pushback when a test blocks a shortcut that used to be invisible. That is a useful conversation if the rule is specific. It is a waste of time if the rule is vague. Keep the first rules tied to pain the team already recognizes: cycles, feature implementation coupling, platform leakage, or public DTO/entity exposure. Maintenance and Evolution Architecture tests should change when the architecture changes. Version important rules like any other public contract: rename tests when the policy changes, remove exclusions when migration work lands, and keep old rules informational for a release window if teams need time to move. If a rule has accumulated many exceptions, schedule a rule review instead of adding one more filterNot . Good rule deprecation looks like this: Mark the old rule informational, Add the new rule beside it, Migrate modules incrementally, Delete the old rule and its quarantine list once the graph matches the new policy. The suite should describe the architecture you are choosing now, not the architecture you wished you had two years ago. A Starter Suite Here is a compact starting point for a modular feature project: package com.acme import io.github.baole.konture.Konture import org.junit.jupiter.api.Test class ArchitectureGuardrailsTest { @Test fun `module graph must not contain cycles`() { Konture.assertNoCycles() } @Test fun `feature API modules must not depend on feature implementation modules`() { Konture.modules { that().haveNameMatching("":feature:**:api"") should().notDependOnModule("":feature:**:impl"") } } @Test fun `feature implementations must not depend on sibling feature implementations`() { Konture.modules { that().haveNameMatching("":feature:**:impl"") should().onlyDependOnModules( "":feature:**:api"", "":core:**"", "":shared"", ) } } @Test fun `domain classes must only depend on domain and standard library types`() { Konture.classes { that().resideInAPackage(""..domain.."") should().onlyDependOnClassesInAnyPackage( ""..domain.."", ""kotlin.."", ""java.."", ) } } @Test fun `implementation classes must remain internal`() { Konture.classes { that().resideInAPackage(""..impl.."") should().beInternal() } } } Keep the starter suite small. Let it grow from real pain: A boundary violation found in review. A module dependency that widened build impact. A DTO leak that made refactoring expensive. An AI-assisted patch that crossed layers. A public implementation class that became hard to remove. Architecture tests work best when they protect decisions people already care about. A Mature Suite Shape A mature suite is not necessarily large. It is layered by concern: class ArchitectureSuiteTest { @Test fun `project graph must stay acyclic`() { Konture.assertNoCycles() } @Test fun `feature modules expose contracts through api modules`() { Konture.architecture { modules { that().haveNameMatching("":feature:**:api"") should().notDependOnModule("":feature:**:impl"") } modules { that().haveNameMatching("":feature:**:impl"") should().onlyDependOnModules( "":feature:**:api"", "":core:**"", "":shared"", ) } } } @Test fun `domain stays independent from frameworks and persistence`() { Konture.architecture { modules { that().haveNamePath("":core:domain"") should().notDependOnModule("":core:data"") } classes { that().resideInAPackage(""..domain.."") should().notDependOnClassesInAnyPackage( ""..data.."", ""..database.."", ""..network.."", ""android.."", ""androidx.compose.."", ""org.springframework.."", ) } } } @Test fun `presentation state does not expose transport models`() { val presentationClasses = Konture.scopeFromPackage(""com.acme.profile.presentation"").classes presentationClasses.assertTrue(""Presentation API must not expose transport models"") { cls -> val publicTypes = cls.properties .filter { it.visibility == io.github.baole.konture.Visibility.PUBLIC } .map { it.type } + cls.functions .filter { it.visibility == io.github.baole.konture.Visibility.PUBLIC } .flatMap { fn -> listOf(fn.returnType) + fn.parameters.map { it.type } } publicTypes.none { it.endsWith(""Dto"") || it.contains("".network."") } } } } The suite has different jobs: graph health, feature ownership, domain purity, and public surface control. Each failure tells the developer which architectural decision was crossed. Rollout Guidance For an existing project, introduce architecture tests in stages: Start with non-controversial rules such as module cycles and domain-to-data dependencies. Run the suite locally and in CI as informational if the first pass reveals many violations. Fix or explicitly quarantine legacy violations. Turn high-confidence rules into required CI checks. Review rule changes like architecture changes, not like formatting tweaks. For generated code, test fixtures, and legacy migration areas, prefer explicit exclusions: konture { excludePackages(""..generated.."") } This lowercase konture {} block belongs in Gradle build configuration and configures the Konture plugin. It is separate from the capitalized Konture.* assertion APIs used in test files. The exception should be visible enough that future maintainers understand the real boundary. Where to Go Next After the first suite is stable, add rules around the areas where the project actually hurts: Feature module isolation. Public API leakage. DTO and entity boundaries. KMP source-set portability. Route or controller dependency direction. Dependency injection conventions. Legacy package quarantine. Konture is not a prescription for one architecture style. It is a way to make your architecture executable. Run it locally. Run it in CI. Let humans and AI-assisted changes get the same structural feedback. When structure matters, make it part of the build. more less",,2026-07-25,https://old.reddit.com/r/konture/comments/1v69eah/kotlin_architecture_tests_with_konture_a/
1v67p1i,reddit,"💫 Halo Infinity | 16 Bit Handheld Game Console 3.0” HD Screen 230 Preloaded Retro Video Games … 16 Bit Handheld Game Console 3.0” HD Screen 230 Preloaded Retro Video Games … ![16 Bit Handheld Game Console 3.0'' HD Screen 230 Preloaded Retro Video Games ...]( https://i0.wp.com/i.ebayimg.com/images/g/rxkAAeSwrptqZC4o/s-l1600.jpg?w=1290&ssl=1 ) ![16 Bit Handheld Game Console 3.0'' HD Screen 230 Preloaded Retro Video Games ...](https://i0.wp.com/i.ebayimg.com/images/g/rxkAAeSwrptqZC4o/s-l1600.jpg?w=1290&ssl=1) Seller: truenorthsupplier (99.6% positive feedback) Location: US Condition: New Price: 64.95 USD Shipping cost: Free Buy It Now Buy it on eBay In a market saturated with high-end, feature-packed devices, a thoughtful reconsideration of classic gaming can offer a refreshing alternative: compact, capable, and nostalgically charged handhelds designed around a 16-bit heritage. The 3.0” HD-screen handheld with 230 preloaded retro games exemplifies this approach, delivering a balance of portability, performance, and curated arcade experiences that resonate with both longtime fans and curious newcomers. Form and function meet in a device whose most defining trait is its screen. A crisp 3.0-inch high-definition display provides ample clarity for retro titles, preserving the signature pixel art and scanned scanlines that defined an era of gaming. The screen size keeps the device pocketable, while the HD resolution enhances readability and detail without overwhelming the original art style. This combination makes retro classics feel fresh and approachable, without demanding modern reflexes or extensive setup. With 230 games preloaded, the handheld offers a curated library that spans platform classics, platformers, puzzle games, shooters, and action-adventure experiences. The selection strategy emphasizes representative titles from the 8-bit and 16-bit eras, reimagined for quick access and reliable performance. For players returning to familiar favorites, the device provides a compact nostalgia trip. For newcomers, it offers a guided tour through recognizable milestones of early console history. Performance on a handheld of this scale prioritizes accessibility and reliability. Emulation engines are tuned to deliver smooth sprite movement, responsive controls, and faithful color reproduction across the catalog. The goal is not to replicate every nuance of the original hardware down to the last cycle, but to deliver a reliable, consistent, and enjoyable playthrough experience that honors the spirit of the classics. Ergonomics and build quality are central to sustained enjoyment. The device employs a compact chassis with tactile buttons and a comfortable thumb-stick layout that remains usable during extended sessions. Portability is enhanced by thoughtful power management and a straightforward user interface, allowing players to dive into any game with minimal fuss. In a world of streaming-only access, this handheld emphasizes ownership, tangibility, and the joy of a self-contained gaming library. The immediate value proposition rests in three pillars: instant accessibility, curated variety, and a respectful nod to enduring game design. Players can power on, choose a title from the preloaded roster, and engage in short, satisfying sessions—ideal for commutes, travel, or leisure moments at home. The device also serves as a compact collectible, a physical reminder of a transformative era in game design. From a consumer perspective, the 230 preloaded games reduce decision fatigue and the barrier to entry. There’s no need to purchase individual titles or navigate complex digital storefronts. For collectors, the library offers a snapshot of the era—an intentionally selected, finish-ready catalog that captures the essence of 16-bit and late-8-bit era gameplay. In the broader context of retro gaming equipment, this handheld presents a compelling alternative to larger, more cumbersome retro consoles and modern emulation rigs. It emphasizes simplicity, reliability, and a focused gaming experience. For developers and enthusiasts alike, it demonstrates how a well-considered hardware design can unlock the charm of classic titles while delivering the conveniences of modern hardware in a compact form factor. Looking ahead, potential enhancements could include optional firmware updates that expand the game library, improved battery efficiency, or customizable control schemes to accommodate a wider range of players. As with any handheld that pays homage to a classic era, the strongest measure of success is the ability to evoke fond memories while inviting new players to explore the design philosophies that defined early console gaming. In sum, the 3.0” HD screen handheld with 230 preloaded retro games offers a focused, nostalgic, and accessible entry point into the timeless world of 16-bit-era gaming. It’s a device that honors its roots while delivering a practical, hands-on experience suitable for both retro aficionados and curious gamers seeking a concise, high-quality arcade rotation on the go. ![](https://i0.wp.com/247videogame.com/wp-content/uploads/2026/07/s-l1600-3164.jpg?resize=1024%2C1024&ssl=1 ""s-l1600-3164-jpg"") July 25, 2026 at 08:52AM More Information Follow for more content like this. 24/7 Video Game All of the best video games, all of the time. YouTube Twitch Kick Facebook Instagram Reddit TikTok X Up Game Shop Donate To St. Jude's Children's Research Hospital more less",,2026-07-25,https://old.reddit.com/r/HaloInfinity/comments/1v67p1i/halo_infinity_16_bit_handheld_game_console_30_hd/
1v67p1b,reddit,"⚙️ Gears Of Wars | 16 Bit Handheld Game Console 3.0” HD Screen 230 Preloaded Retro Video Games … 16 Bit Handheld Game Console 3.0” HD Screen 230 Preloaded Retro Video Games … ![16 Bit Handheld Game Console 3.0'' HD Screen 230 Preloaded Retro Video Games ...]( https://i0.wp.com/i.ebayimg.com/images/g/rxkAAeSwrptqZC4o/s-l1600.jpg?w=1290&ssl=1 ) ![16 Bit Handheld Game Console 3.0'' HD Screen 230 Preloaded Retro Video Games ...](https://i0.wp.com/i.ebayimg.com/images/g/rxkAAeSwrptqZC4o/s-l1600.jpg?w=1290&ssl=1) Seller: truenorthsupplier (99.6% positive feedback) Location: US Condition: New Price: 64.95 USD Shipping cost: Free Buy It Now Buy it on eBay In a market saturated with high-end, feature-packed devices, a thoughtful reconsideration of classic gaming can offer a refreshing alternative: compact, capable, and nostalgically charged handhelds designed around a 16-bit heritage. The 3.0” HD-screen handheld with 230 preloaded retro games exemplifies this approach, delivering a balance of portability, performance, and curated arcade experiences that resonate with both longtime fans and curious newcomers. Form and function meet in a device whose most defining trait is its screen. A crisp 3.0-inch high-definition display provides ample clarity for retro titles, preserving the signature pixel art and scanned scanlines that defined an era of gaming. The screen size keeps the device pocketable, while the HD resolution enhances readability and detail without overwhelming the original art style. This combination makes retro classics feel fresh and approachable, without demanding modern reflexes or extensive setup. With 230 games preloaded, the handheld offers a curated library that spans platform classics, platformers, puzzle games, shooters, and action-adventure experiences. The selection strategy emphasizes representative titles from the 8-bit and 16-bit eras, reimagined for quick access and reliable performance. For players returning to familiar favorites, the device provides a compact nostalgia trip. For newcomers, it offers a guided tour through recognizable milestones of early console history. Performance on a handheld of this scale prioritizes accessibility and reliability. Emulation engines are tuned to deliver smooth sprite movement, responsive controls, and faithful color reproduction across the catalog. The goal is not to replicate every nuance of the original hardware down to the last cycle, but to deliver a reliable, consistent, and enjoyable playthrough experience that honors the spirit of the classics. Ergonomics and build quality are central to sustained enjoyment. The device employs a compact chassis with tactile buttons and a comfortable thumb-stick layout that remains usable during extended sessions. Portability is enhanced by thoughtful power management and a straightforward user interface, allowing players to dive into any game with minimal fuss. In a world of streaming-only access, this handheld emphasizes ownership, tangibility, and the joy of a self-contained gaming library. The immediate value proposition rests in three pillars: instant accessibility, curated variety, and a respectful nod to enduring game design. Players can power on, choose a title from the preloaded roster, and engage in short, satisfying sessions—ideal for commutes, travel, or leisure moments at home. The device also serves as a compact collectible, a physical reminder of a transformative era in game design. From a consumer perspective, the 230 preloaded games reduce decision fatigue and the barrier to entry. There’s no need to purchase individual titles or navigate complex digital storefronts. For collectors, the library offers a snapshot of the era—an intentionally selected, finish-ready catalog that captures the essence of 16-bit and late-8-bit era gameplay. In the broader context of retro gaming equipment, this handheld presents a compelling alternative to larger, more cumbersome retro consoles and modern emulation rigs. It emphasizes simplicity, reliability, and a focused gaming experience. For developers and enthusiasts alike, it demonstrates how a well-considered hardware design can unlock the charm of classic titles while delivering the conveniences of modern hardware in a compact form factor. Looking ahead, potential enhancements could include optional firmware updates that expand the game library, improved battery efficiency, or customizable control schemes to accommodate a wider range of players. As with any handheld that pays homage to a classic era, the strongest measure of success is the ability to evoke fond memories while inviting new players to explore the design philosophies that defined early console gaming. In sum, the 3.0” HD screen handheld with 230 preloaded retro games offers a focused, nostalgic, and accessible entry point into the timeless world of 16-bit-era gaming. It’s a device that honors its roots while delivering a practical, hands-on experience suitable for both retro aficionados and curious gamers seeking a concise, high-quality arcade rotation on the go. ![](https://i0.wp.com/247videogame.com/wp-content/uploads/2026/07/s-l1600-3164.jpg?resize=1024%2C1024&ssl=1 ""s-l1600-3164-jpg"") July 25, 2026 at 08:52AM More Information Follow for more content like this. 24/7 Video Game All of the best video games, all of the time. YouTube Twitch Kick Facebook Instagram Reddit TikTok X Up Game Shop Donate To St. Jude's Children's Research Hospital more less",,2026-07-25,https://old.reddit.com/r/GearsOfWars/comments/1v67p1b/gears_of_wars_16_bit_handheld_game_console_30_hd/
1v67p0v,reddit,"🥋 Tekkens | 16 Bit Handheld Game Console 3.0” HD Screen 230 Preloaded Retro Video Games … 16 Bit Handheld Game Console 3.0” HD Screen 230 Preloaded Retro Video Games … ![16 Bit Handheld Game Console 3.0'' HD Screen 230 Preloaded Retro Video Games ...]( https://i0.wp.com/i.ebayimg.com/images/g/rxkAAeSwrptqZC4o/s-l1600.jpg?w=1290&ssl=1 ) ![16 Bit Handheld Game Console 3.0'' HD Screen 230 Preloaded Retro Video Games ...](https://i0.wp.com/i.ebayimg.com/images/g/rxkAAeSwrptqZC4o/s-l1600.jpg?w=1290&ssl=1) Seller: truenorthsupplier (99.6% positive feedback) Location: US Condition: New Price: 64.95 USD Shipping cost: Free Buy It Now Buy it on eBay In a market saturated with high-end, feature-packed devices, a thoughtful reconsideration of classic gaming can offer a refreshing alternative: compact, capable, and nostalgically charged handhelds designed around a 16-bit heritage. The 3.0” HD-screen handheld with 230 preloaded retro games exemplifies this approach, delivering a balance of portability, performance, and curated arcade experiences that resonate with both longtime fans and curious newcomers. Form and function meet in a device whose most defining trait is its screen. A crisp 3.0-inch high-definition display provides ample clarity for retro titles, preserving the signature pixel art and scanned scanlines that defined an era of gaming. The screen size keeps the device pocketable, while the HD resolution enhances readability and detail without overwhelming the original art style. This combination makes retro classics feel fresh and approachable, without demanding modern reflexes or extensive setup. With 230 games preloaded, the handheld offers a curated library that spans platform classics, platformers, puzzle games, shooters, and action-adventure experiences. The selection strategy emphasizes representative titles from the 8-bit and 16-bit eras, reimagined for quick access and reliable performance. For players returning to familiar favorites, the device provides a compact nostalgia trip. For newcomers, it offers a guided tour through recognizable milestones of early console history. Performance on a handheld of this scale prioritizes accessibility and reliability. Emulation engines are tuned to deliver smooth sprite movement, responsive controls, and faithful color reproduction across the catalog. The goal is not to replicate every nuance of the original hardware down to the last cycle, but to deliver a reliable, consistent, and enjoyable playthrough experience that honors the spirit of the classics. Ergonomics and build quality are central to sustained enjoyment. The device employs a compact chassis with tactile buttons and a comfortable thumb-stick layout that remains usable during extended sessions. Portability is enhanced by thoughtful power management and a straightforward user interface, allowing players to dive into any game with minimal fuss. In a world of streaming-only access, this handheld emphasizes ownership, tangibility, and the joy of a self-contained gaming library. The immediate value proposition rests in three pillars: instant accessibility, curated variety, and a respectful nod to enduring game design. Players can power on, choose a title from the preloaded roster, and engage in short, satisfying sessions—ideal for commutes, travel, or leisure moments at home. The device also serves as a compact collectible, a physical reminder of a transformative era in game design. From a consumer perspective, the 230 preloaded games reduce decision fatigue and the barrier to entry. There’s no need to purchase individual titles or navigate complex digital storefronts. For collectors, the library offers a snapshot of the era—an intentionally selected, finish-ready catalog that captures the essence of 16-bit and late-8-bit era gameplay. In the broader context of retro gaming equipment, this handheld presents a compelling alternative to larger, more cumbersome retro consoles and modern emulation rigs. It emphasizes simplicity, reliability, and a focused gaming experience. For developers and enthusiasts alike, it demonstrates how a well-considered hardware design can unlock the charm of classic titles while delivering the conveniences of modern hardware in a compact form factor. Looking ahead, potential enhancements could include optional firmware updates that expand the game library, improved battery efficiency, or customizable control schemes to accommodate a wider range of players. As with any handheld that pays homage to a classic era, the strongest measure of success is the ability to evoke fond memories while inviting new players to explore the design philosophies that defined early console gaming. In sum, the 3.0” HD screen handheld with 230 preloaded retro games offers a focused, nostalgic, and accessible entry point into the timeless world of 16-bit-era gaming. It’s a device that honors its roots while delivering a practical, hands-on experience suitable for both retro aficionados and curious gamers seeking a concise, high-quality arcade rotation on the go. ![](https://i0.wp.com/247videogame.com/wp-content/uploads/2026/07/s-l1600-3164.jpg?resize=1024%2C1024&ssl=1 ""s-l1600-3164-jpg"") July 25, 2026 at 08:52AM More Information Follow for more content like this. 24/7 Video Game All of the best video games, all of the time. YouTube Twitch Kick Facebook Instagram Reddit TikTok X Up Game Shop Donate To St. Jude's Children's Research Hospital more less",,2026-07-25,https://old.reddit.com/r/Tekkens/comments/1v67p0v/tekkens_16_bit_handheld_game_console_30_hd_screen/
1v67p0l,reddit,"⬆️ Game Shop | 16 Bit Handheld Game Console 3.0” HD Screen 230 Preloaded Retro Video Games … 16 Bit Handheld Game Console 3.0” HD Screen 230 Preloaded Retro Video Games … ![16 Bit Handheld Game Console 3.0'' HD Screen 230 Preloaded Retro Video Games ...]( https://i0.wp.com/i.ebayimg.com/images/g/rxkAAeSwrptqZC4o/s-l1600.jpg?w=1290&ssl=1 ) ![16 Bit Handheld Game Console 3.0'' HD Screen 230 Preloaded Retro Video Games ...](https://i0.wp.com/i.ebayimg.com/images/g/rxkAAeSwrptqZC4o/s-l1600.jpg?w=1290&ssl=1) Seller: truenorthsupplier (99.6% positive feedback) Location: US Condition: New Price: 64.95 USD Shipping cost: Free Buy It Now Buy it on eBay In a market saturated with high-end, feature-packed devices, a thoughtful reconsideration of classic gaming can offer a refreshing alternative: compact, capable, and nostalgically charged handhelds designed around a 16-bit heritage. The 3.0” HD-screen handheld with 230 preloaded retro games exemplifies this approach, delivering a balance of portability, performance, and curated arcade experiences that resonate with both longtime fans and curious newcomers. Form and function meet in a device whose most defining trait is its screen. A crisp 3.0-inch high-definition display provides ample clarity for retro titles, preserving the signature pixel art and scanned scanlines that defined an era of gaming. The screen size keeps the device pocketable, while the HD resolution enhances readability and detail without overwhelming the original art style. This combination makes retro classics feel fresh and approachable, without demanding modern reflexes or extensive setup. With 230 games preloaded, the handheld offers a curated library that spans platform classics, platformers, puzzle games, shooters, and action-adventure experiences. The selection strategy emphasizes representative titles from the 8-bit and 16-bit eras, reimagined for quick access and reliable performance. For players returning to familiar favorites, the device provides a compact nostalgia trip. For newcomers, it offers a guided tour through recognizable milestones of early console history. Performance on a handheld of this scale prioritizes accessibility and reliability. Emulation engines are tuned to deliver smooth sprite movement, responsive controls, and faithful color reproduction across the catalog. The goal is not to replicate every nuance of the original hardware down to the last cycle, but to deliver a reliable, consistent, and enjoyable playthrough experience that honors the spirit of the classics. Ergonomics and build quality are central to sustained enjoyment. The device employs a compact chassis with tactile buttons and a comfortable thumb-stick layout that remains usable during extended sessions. Portability is enhanced by thoughtful power management and a straightforward user interface, allowing players to dive into any game with minimal fuss. In a world of streaming-only access, this handheld emphasizes ownership, tangibility, and the joy of a self-contained gaming library. The immediate value proposition rests in three pillars: instant accessibility, curated variety, and a respectful nod to enduring game design. Players can power on, choose a title from the preloaded roster, and engage in short, satisfying sessions—ideal for commutes, travel, or leisure moments at home. The device also serves as a compact collectible, a physical reminder of a transformative era in game design. From a consumer perspective, the 230 preloaded games reduce decision fatigue and the barrier to entry. There’s no need to purchase individual titles or navigate complex digital storefronts. For collectors, the library offers a snapshot of the era—an intentionally selected, finish-ready catalog that captures the essence of 16-bit and late-8-bit era gameplay. In the broader context of retro gaming equipment, this handheld presents a compelling alternative to larger, more cumbersome retro consoles and modern emulation rigs. It emphasizes simplicity, reliability, and a focused gaming experience. For developers and enthusiasts alike, it demonstrates how a well-considered hardware design can unlock the charm of classic titles while delivering the conveniences of modern hardware in a compact form factor. Looking ahead, potential enhancements could include optional firmware updates that expand the game library, improved battery efficiency, or customizable control schemes to accommodate a wider range of players. As with any handheld that pays homage to a classic era, the strongest measure of success is the ability to evoke fond memories while inviting new players to explore the design philosophies that defined early console gaming. In sum, the 3.0” HD screen handheld with 230 preloaded retro games offers a focused, nostalgic, and accessible entry point into the timeless world of 16-bit-era gaming. It’s a device that honors its roots while delivering a practical, hands-on experience suitable for both retro aficionados and curious gamers seeking a concise, high-quality arcade rotation on the go. ![](https://i0.wp.com/247videogame.com/wp-content/uploads/2026/07/s-l1600-3164.jpg?resize=1024%2C1024&ssl=1 ""s-l1600-3164-jpg"") July 25, 2026 at 08:52AM More Information Follow for more content like this. 24/7 Video Game All of the best video games, all of the time. YouTube Twitch Kick Facebook Instagram Reddit TikTok X Up Game Shop Donate To St. Jude's Children's Research Hospital more less",,2026-07-25,https://old.reddit.com/r/UpGameShop/comments/1v67p0l/game_shop_16_bit_handheld_game_console_30_hd/
1v67p05,reddit,"🌐 24/7 Video Game | 16 Bit Handheld Game Console 3.0” HD Screen 230 Preloaded Retro Video Games … 16 Bit Handheld Game Console 3.0” HD Screen 230 Preloaded Retro Video Games … ![16 Bit Handheld Game Console 3.0'' HD Screen 230 Preloaded Retro Video Games ...]( https://i0.wp.com/i.ebayimg.com/images/g/rxkAAeSwrptqZC4o/s-l1600.jpg?w=1290&ssl=1 ) ![16 Bit Handheld Game Console 3.0'' HD Screen 230 Preloaded Retro Video Games ...](https://i0.wp.com/i.ebayimg.com/images/g/rxkAAeSwrptqZC4o/s-l1600.jpg?w=1290&ssl=1) Seller: truenorthsupplier (99.6% positive feedback) Location: US Condition: New Price: 64.95 USD Shipping cost: Free Buy It Now Buy it on eBay In a market saturated with high-end, feature-packed devices, a thoughtful reconsideration of classic gaming can offer a refreshing alternative: compact, capable, and nostalgically charged handhelds designed around a 16-bit heritage. The 3.0” HD-screen handheld with 230 preloaded retro games exemplifies this approach, delivering a balance of portability, performance, and curated arcade experiences that resonate with both longtime fans and curious newcomers. Form and function meet in a device whose most defining trait is its screen. A crisp 3.0-inch high-definition display provides ample clarity for retro titles, preserving the signature pixel art and scanned scanlines that defined an era of gaming. The screen size keeps the device pocketable, while the HD resolution enhances readability and detail without overwhelming the original art style. This combination makes retro classics feel fresh and approachable, without demanding modern reflexes or extensive setup. With 230 games preloaded, the handheld offers a curated library that spans platform classics, platformers, puzzle games, shooters, and action-adventure experiences. The selection strategy emphasizes representative titles from the 8-bit and 16-bit eras, reimagined for quick access and reliable performance. For players returning to familiar favorites, the device provides a compact nostalgia trip. For newcomers, it offers a guided tour through recognizable milestones of early console history. Performance on a handheld of this scale prioritizes accessibility and reliability. Emulation engines are tuned to deliver smooth sprite movement, responsive controls, and faithful color reproduction across the catalog. The goal is not to replicate every nuance of the original hardware down to the last cycle, but to deliver a reliable, consistent, and enjoyable playthrough experience that honors the spirit of the classics. Ergonomics and build quality are central to sustained enjoyment. The device employs a compact chassis with tactile buttons and a comfortable thumb-stick layout that remains usable during extended sessions. Portability is enhanced by thoughtful power management and a straightforward user interface, allowing players to dive into any game with minimal fuss. In a world of streaming-only access, this handheld emphasizes ownership, tangibility, and the joy of a self-contained gaming library. The immediate value proposition rests in three pillars: instant accessibility, curated variety, and a respectful nod to enduring game design. Players can power on, choose a title from the preloaded roster, and engage in short, satisfying sessions—ideal for commutes, travel, or leisure moments at home. The device also serves as a compact collectible, a physical reminder of a transformative era in game design. From a consumer perspective, the 230 preloaded games reduce decision fatigue and the barrier to entry. There’s no need to purchase individual titles or navigate complex digital storefronts. For collectors, the library offers a snapshot of the era—an intentionally selected, finish-ready catalog that captures the essence of 16-bit and late-8-bit era gameplay. In the broader context of retro gaming equipment, this handheld presents a compelling alternative to larger, more cumbersome retro consoles and modern emulation rigs. It emphasizes simplicity, reliability, and a focused gaming experience. For developers and enthusiasts alike, it demonstrates how a well-considered hardware design can unlock the charm of classic titles while delivering the conveniences of modern hardware in a compact form factor. Looking ahead, potential enhancements could include optional firmware updates that expand the game library, improved battery efficiency, or customizable control schemes to accommodate a wider range of players. As with any handheld that pays homage to a classic era, the strongest measure of success is the ability to evoke fond memories while inviting new players to explore the design philosophies that defined early console gaming. In sum, the 3.0” HD screen handheld with 230 preloaded retro games offers a focused, nostalgic, and accessible entry point into the timeless world of 16-bit-era gaming. It’s a device that honors its roots while delivering a practical, hands-on experience suitable for both retro aficionados and curious gamers seeking a concise, high-quality arcade rotation on the go. ![](https://i0.wp.com/247videogame.com/wp-content/uploads/2026/07/s-l1600-3164.jpg?resize=1024%2C1024&ssl=1 ""s-l1600-3164-jpg"") July 25, 2026 at 08:52AM More Information Follow for more content like this. 24/7 Video Game All of the best video games, all of the time. YouTube Twitch Kick Facebook Instagram Reddit TikTok X Up Game Shop Donate To St. Jude's Children's Research Hospital more less",,2026-07-25,https://old.reddit.com/r/247videogame/comments/1v67p05/247_video_game_16_bit_handheld_game_console_30_hd/
1v67ozu,reddit,"🏆 Game Professional | 16 Bit Handheld Game Console 3.0” HD Screen 230 Preloaded Retro Video Games … 16 Bit Handheld Game Console 3.0” HD Screen 230 Preloaded Retro Video Games … ![16 Bit Handheld Game Console 3.0'' HD Screen 230 Preloaded Retro Video Games ...]( https://i0.wp.com/i.ebayimg.com/images/g/rxkAAeSwrptqZC4o/s-l1600.jpg?w=1290&ssl=1 ) ![16 Bit Handheld Game Console 3.0'' HD Screen 230 Preloaded Retro Video Games ...](https://i0.wp.com/i.ebayimg.com/images/g/rxkAAeSwrptqZC4o/s-l1600.jpg?w=1290&ssl=1) Seller: truenorthsupplier (99.6% positive feedback) Location: US Condition: New Price: 64.95 USD Shipping cost: Free Buy It Now Buy it on eBay In a market saturated with high-end, feature-packed devices, a thoughtful reconsideration of classic gaming can offer a refreshing alternative: compact, capable, and nostalgically charged handhelds designed around a 16-bit heritage. The 3.0” HD-screen handheld with 230 preloaded retro games exemplifies this approach, delivering a balance of portability, performance, and curated arcade experiences that resonate with both longtime fans and curious newcomers. Form and function meet in a device whose most defining trait is its screen. A crisp 3.0-inch high-definition display provides ample clarity for retro titles, preserving the signature pixel art and scanned scanlines that defined an era of gaming. The screen size keeps the device pocketable, while the HD resolution enhances readability and detail without overwhelming the original art style. This combination makes retro classics feel fresh and approachable, without demanding modern reflexes or extensive setup. With 230 games preloaded, the handheld offers a curated library that spans platform classics, platformers, puzzle games, shooters, and action-adventure experiences. The selection strategy emphasizes representative titles from the 8-bit and 16-bit eras, reimagined for quick access and reliable performance. For players returning to familiar favorites, the device provides a compact nostalgia trip. For newcomers, it offers a guided tour through recognizable milestones of early console history. Performance on a handheld of this scale prioritizes accessibility and reliability. Emulation engines are tuned to deliver smooth sprite movement, responsive controls, and faithful color reproduction across the catalog. The goal is not to replicate every nuance of the original hardware down to the last cycle, but to deliver a reliable, consistent, and enjoyable playthrough experience that honors the spirit of the classics. Ergonomics and build quality are central to sustained enjoyment. The device employs a compact chassis with tactile buttons and a comfortable thumb-stick layout that remains usable during extended sessions. Portability is enhanced by thoughtful power management and a straightforward user interface, allowing players to dive into any game with minimal fuss. In a world of streaming-only access, this handheld emphasizes ownership, tangibility, and the joy of a self-contained gaming library. The immediate value proposition rests in three pillars: instant accessibility, curated variety, and a respectful nod to enduring game design. Players can power on, choose a title from the preloaded roster, and engage in short, satisfying sessions—ideal for commutes, travel, or leisure moments at home. The device also serves as a compact collectible, a physical reminder of a transformative era in game design. From a consumer perspective, the 230 preloaded games reduce decision fatigue and the barrier to entry. There’s no need to purchase individual titles or navigate complex digital storefronts. For collectors, the library offers a snapshot of the era—an intentionally selected, finish-ready catalog that captures the essence of 16-bit and late-8-bit era gameplay. In the broader context of retro gaming equipment, this handheld presents a compelling alternative to larger, more cumbersome retro consoles and modern emulation rigs. It emphasizes simplicity, reliability, and a focused gaming experience. For developers and enthusiasts alike, it demonstrates how a well-considered hardware design can unlock the charm of classic titles while delivering the conveniences of modern hardware in a compact form factor. Looking ahead, potential enhancements could include optional firmware updates that expand the game library, improved battery efficiency, or customizable control schemes to accommodate a wider range of players. As with any handheld that pays homage to a classic era, the strongest measure of success is the ability to evoke fond memories while inviting new players to explore the design philosophies that defined early console gaming. In sum, the 3.0” HD screen handheld with 230 preloaded retro games offers a focused, nostalgic, and accessible entry point into the timeless world of 16-bit-era gaming. It’s a device that honors its roots while delivering a practical, hands-on experience suitable for both retro aficionados and curious gamers seeking a concise, high-quality arcade rotation on the go. ![](https://i0.wp.com/247videogame.com/wp-content/uploads/2026/07/s-l1600-3164.jpg?resize=1024%2C1024&ssl=1 ""s-l1600-3164-jpg"") July 25, 2026 at 08:52AM More Information Follow for more content like this. 24/7 Video Game All of the best video games, all of the time. YouTube Twitch Kick Facebook Instagram Reddit TikTok X Up Game Shop Donate To St. Jude's Children's Research Hospital more less",,2026-07-25,https://old.reddit.com/r/GameProfessional/comments/1v67ozu/game_professional_16_bit_handheld_game_console_30/
1v67g4r,reddit,"The 30 most frequently mentioned side hustles on side hustle forums Resource / Guide I put this together after seeing the same ideas cycle through every side hustle community online. These are the ones that dominate the conversation no matter what forum, subreddit, or Facebook group you're in. Some of them deserve the hype, some are more complicated than the threads make them sound, and all of them have been discussed to death. Food and grocery delivery is the most discussed side hustle on the entire internet and it's not even close. Every forum has a constant stream of posts about it... earnings breakdowns, market comparisons, strategy debates about which app to multi-app with. It dominates the conversation because anyone with a car can start today, but the threads are split roughly 50/50 between people who love the flexibility and people posting spreadsheets showing they're making less than minimum wage after expenses. Rideshare driving runs a close second and the forum discussions have a completely different tone than delivery. The earnings tend to be higher per hour but the conversations are more about dealing with passengers, navigating surge pricing, and the wear on your vehicle. Airport runs and late-night weekend shifts come up as the money moves in basically every thread. The people who do well at it treat it like a business with specific hours and strategies rather than just turning the app on randomly. Amazon FBA generates more forum posts than almost anything else because it has the widest range of outcomes. You'll find someone posting a screenshot of a $30,000 month right next to someone asking how to liquidate $4,000 worth of inventory that won't sell. It comes up constantly because the ceiling is real, but the forum threads about it tend to underrepresent the product research, capital requirements, and competition that separate the wins from the losses. Freelance writing is the default recommendation whenever someone posts ""I have a laptop and no money, what can I do."" Content writing, copywriting, blog posts, product descriptions, email campaigns. It comes up so often because the startup cost is literally zero and the work is everywhere. The forum advice has shifted a lot over the past couple years though, with more threads about how AI has changed the market and more emphasis on specializing in industries rather than being a generalist. Flipping and reselling shows up in more forum threads than any other physical hustle. Thrift stores, garage sales, clearance racks, estate sales, online arbitrage. The reason it dominates forum conversation is that every single flip has a story attached to it, and people love sharing their best finds. A $3 thrift store jacket that sold for $180 makes a great post. The boring part that doesn't get posted is the 15 trips where you found nothing worth buying. Dropshipping gets mentioned in a weird way compared to everything else on this list... it's simultaneously one of the most recommended and most warned-against ideas on any forum. The concept keeps attracting new people because ""sell products without holding inventory"" is a compelling pitch. But the experienced members in most communities will immediately jump into the comments with warnings about thin margins, supplier headaches, and customer service nightmares. It's one of the most debated topics in side hustle spaces. Print on demand threads have a specific pattern that's consistent across every forum. Someone asks about it, a few people share modest success stories, and then the comments fill up with people pointing out that the design and marketing work is way more significant than the ""passive income"" framing suggests. It stays in heavy rotation because the concept is genuinely appealing and the barrier to entry is close to zero, but the gap between starting a store and actually making sales is where most people stall. Tutoring is the reliable recommendation that shows up without any controversy attached. Math, science, test prep, languages, and music lessons. Forum threads about tutoring are almost universally positive because the pay-per-hour is strong, the scheduling is flexible, and the demand is constant. It doesn't generate as many dramatic posts as FBA or dropshipping because there's less to argue about... it just works if you know a subject and can teach it. Pet sitting and dog walking threads are some of the most wholesome content on any side hustle forum. People post about getting paid to play with dogs. The earnings discussion is usually honest... it's decent supplemental income, not a full-time replacement. Overnight sits get highlighted as the best value because you're being paid mostly to sleep at someone's house. The complaints are rare and usually about difficult animals or flaky owners. Lawn care and mowing is the physical-hustle equivalent of ""just do it"" on forums. The threads are almost always someone saying they started with their own mower, knocked on a few doors, and now have a route of regular yards. The advice is consistently simple because the hustle itself is simple. Seasonal limitations come up in every thread from anyone above the Sun Belt. Power washing generates a disproportionate amount of forum excitement relative to how niche it is. Before-and-after photos are the reason... they're inherently satisfying and they double as free marketing. The threads usually cover startup costs (lower than people expect), pricing per square foot, and the satisfaction factor. It's one of the few side hustles where forum members consistently post pictures of their work. Virtual assistant work comes up in every ""work from home"" thread but the actual discussions vary a lot. Some people are talking about high-level executive support at strong hourly rates, and others are talking about data entry for $8 an hour. The forum consensus tends to be that the title covers too many different things to generalize, and that specializing (real estate VAs, e-commerce VAs, social media VAs) is where the real money is. Selling on Etsy is a permanent fixture in forum conversations about creative side hustles. Handmade goods, vintage items, and digital products all have their own sub-conversations. The Etsy-specific complaints (fee increases, algorithm changes, search visibility) have become their own genre of forum post at this point. People who do well on it tend to have very niche products and off-platform marketing rather than relying on Etsy's search alone. Starting a YouTube channel shows up in every passive income thread and the discussions are always polarized. One camp posts their ad revenue screenshots and talks about the long game. The other camp points out that the vast majority of channels never reach monetization at all. Forum advice on YouTube has gotten more specific over the years, with more emphasis on niche selection and searchable content over trying to build a personality-driven channel from scratch. Blogging and affiliate marketing get discussed together in most forums because they're basically the same business model. You write content, build search traffic, and monetize through ads and affiliate links. These threads peaked a few years ago and the conversation has shifted toward how much harder it's gotten to rank new sites in search results. The people still advocating for it usually emphasize going extremely niche and treating it like a multi-year project. Bookkeeping for small businesses gets recommended in a very specific way on forums... it's the ""boring but pays well"" suggestion. The threads are full of people who started with one client they knew personally and slowly built a roster. QuickBooks and similar software come up in every conversation. It's not exciting content but the people doing it tend to report steady predictable income, which is why it keeps getting recommended. Social media management is one of the most recommended side hustles for people who are already spending time on social platforms. The forum threads about it usually center on how to find clients (local businesses are the consensus answer) and how to price it (monthly retainers beat hourly). It stays in heavy rotation because every small business needs it and most small business owners openly hate doing it themselves. Web development and design work shows up in every ""learn a skill that pays"" thread. The recommendations usually point toward building simple sites for local businesses as the entry point. Forum conversations about it have shifted a lot as website builders have gotten easier to use... the debate now is usually about whether basic site building is still worth learning or whether the money has moved to more specialized development work. Selling courses and digital education products generates a lot of forum discussion, partly because the side hustle community itself is full of people selling courses about side hustles. The circular nature of that gets pointed out in the comments constantly. But outside the meta-commentary, the legitimate version (teaching a specific skill you actually have to people who actually need it) is a solid model that comes up frequently. Cleaning services, both residential and commercial, are a staple recommendation that's been constant for years. Residential cleaning threads focus on building a client list through word of mouth. Commercial cleaning threads focus on landing contracts with offices and businesses for recurring after-hours work. The commercial side gets highlighted as the better long-term play in most forum discussions because the contracts are more predictable. Transcription work is the quiet consistent recommendation that never generates big threads but always shows up. It's mentioned almost every time someone asks for something they can do from home with no special skills beyond typing speed. The forums tend to agree that general transcription pays poorly, legal and medical transcription pay better but require training, and the work itself is straightforward but tedious. Car detailing is the physical side hustle that forum members tend to speak most highly of relative to how little attention it gets in mainstream content. The threads usually describe someone who started with a bucket and some microfiber towels and built up to a mobile detailing setup. Interior detailing specifically gets highlighted because the per-job pay is solid and the before-and-after results sell the next job for you. Notary and loan signing agent work gets brought up as a high-per-appointment side hustle and the forum discussions are always interesting. The posts tend to focus on the certification process (quick and cheap in most states), the per-signing pay (usually a flat fee that works out to strong hourly earnings), and the variable appointment volume. Location matters a lot with this one and forum members in less populated areas tend to report lower volume. Vending machines are the forum darling of ""semi-passive physical businesses."" The threads go deep on machine costs, location scouting, product selection, and restocking schedules. It comes up frequently because the model is simple to understand and the income is genuinely passive between restocks. The consistent caveat in forum discussions is that location is everything and a bad placement will lose you money. Real estate wholesaling generates some of the most detailed and also most skeptical forum threads. The concept (find a distressed property, get it under contract, assign the contract to a buyer for a fee) is straightforward. The forum debates are about whether it's realistic for someone with no real estate experience and no capital, and the threads tend to split between people calling it life-changing and people calling it overhyped guru bait. Selling plasma shows up in every ""I need money this week"" thread on every forum. It's the most no-barrier-to-entry option that exists and the pay is same-day or close to it. Forum members treat it less like a side hustle and more like a reliable fallback, which is an honest framing. The threads are usually short because there's not much strategy to discuss... you go in, sit for an hour, and get paid. Photography, specifically event and portrait photography, comes up often as a weekend side hustle. Weddings, senior portraits, family sessions, real estate listings, and product photography all get mentioned. Forum discussions tend to emphasize that equipment costs are the barrier and that the market is competitive, but people who specialize in underserved local niches (pet photography, small business product shots) report strong demand. Online surveys and micro-task platforms occupy a unique space in forum conversations. Nobody recommends them as serious income. They come up because someone asks what they can do with literally zero skills and zero startup cost while watching TV, and the answer is always survey apps. The forum consensus is honest... it's pocket change, not a hustle, but it's money for doing basically nothing. Retail arbitrage and sneaker reselling have passionate forum followings that discuss them almost like trading. Scanning clearance racks, tracking releases, understanding resale markets... the threads read like strategy discussions. The people who take it seriously treat it as a skill-based hustle where product knowledge and speed determine your margins, and the ones who approach it casually tend to report inconsistent results. KDP publishing (Kindle Direct Publishing) shows up in every passive income thread and the forum discussions have matured a lot over time. Early threads were full of people treating it like a gold rush with low-content books. The current conversation is more nuanced, focusing on niche research, cover quality, keyword strategy, and the reality that building a catalog takes real time before meaningful royalties appear. It keeps getting recommended because the model (zero upfront cost, global distribution, indefinite royalties) is genuinely one of the better passive income structures available to someone starting from nothing. The pattern across every side hustle forum is that about 80% of the discussion revolves around these same 30 ideas and the other 20% is everything else combined. That's not because these are the only options, it's because they're the ones with the lowest barriers, the widest applicability, and the most stories to tell. The niche stuff that actually makes good money tends to get one thread and then disappears because the person doing it doesn't want more competition. What would you add to this that you think deserves more forum attention than it gets? more less",,2026-07-25,https://old.reddit.com/r/SideHustleGold/comments/1v67g4r/the_30_most_frequently_mentioned_side_hustles_on/
1v5zf35,reddit,"The Allopanishad: An Apocryphal Text at the Crossroads of Akbar's Court and Religious Politics Philosophy Introduction: A Text Without a Home in Any Canon Among the strangest artifacts to survive from Mughal India is a short Sanskrit composition known as the Allopanishad, or Allah Upanishad — sometimes also called the Muhammad Upanishad. Its very name is a portmanteau, welding the Arabic ""Allah"" to the Sanskrit genre-term ""Upanishad,"" and that collision of vocabularies is the first sign that something unusual is going on. The text is apocryphal and of uncertain origin, written during the reign of the Mughal emperor Akbar in the sixteenth century, and it is unique for blending Hindu philosophical concepts with Islamic terminology, using the word Allah to denote the Supreme Divine Power. It does not belong to any recognized Upanishadic lineage. It is absent from the Atharvaveda, to which such minor Upanishads are conventionally attached, and it does not appear among the 108 works enumerated in the Muktikā canon — the traditional list said to have been handed down from Rama to Hanuman as the complete and authoritative roster of Upanishads. Wikipedia This absence from the canon is not a matter of scholarly dispute; it is one of the few things that essentially everyone who has examined the Allopanishad agrees on, from nineteenth-century reformist gurus to contemporary Sanskritists to encyclopedic reference works. What is disputed — and disputed heatedly — is why the text was written, by whom, and what it was meant to accomplish. Was it a devotional bridge between two religious communities living under one throne? Was it, as the framing in much of the reception history suggests, a calculated instrument of statecraft designed to dress imperial ideology in the borrowed authority of scripture, so as to elevate Akbar to something like prophetic status and tilt the theological balance of the empire toward Islam? Or was it something more desperate: a text produced by frightened Brahmin courtiers trying to survive at a court whose ruler was experimenting, sometimes coercively, with a new state cult? This essay lays out what the text actually contains, the historical environment that produced it, the range of interpretations that have been offered for it across more than a century of commentary, and the evidence that bears on each of these readings — including the specific reading that treats it as a fabrication engineered to glorify Akbar and privilege Islam over Hinduism, a reading with real scholarly and polemical lineage, but one that sits alongside other explanations that a careful account cannot ignore. What the Allopanishad Actually Says The Allopanishad is short — a handful of verses rather than a sustained philosophical treatise — but its content is dense with theological grafting. It takes the grammatical shell and cadence of an Upanishadic invocation and pours into it distinctly Islamic content. The text declares that the Allah proclaimed by ""the prophet Muhammad Akbar"" is the God of Gods, collapsing two figures — the Prophet of Islam and the reigning Mughal emperor, whose given name was Jalaluddin Muhammad Akbar — into a single phrase that can be read, depending on how one parses it, as either an audacious claim about Akbar's own semi-prophetic standing or as an artifact of loose grammar mangling two distinct referents together. The work explicitly describes Akbar as a messenger or prophet of God. Elsewhere the text works Vedic divine names — Varuna, Mitra, Indra — into proximity with Islamic declarations of faith, so that the shahada-like formula ""la ilaha illallah"" (there is no god but God) and the takbir ""Allahu Akbar"" (God is greatest) sit awkwardly beside the vocabulary of Vedic henotheism. One especially discussed phrase renders Muhammad as ""Rajasulla"" — a garbled Sanskritization of ""Rasul"" (messenger) that some readers have tried to fold into the classical Vedantic formula sarvam khalvidam brahma (""all this is indeed Brahman""), on the theory that if everything is Brahman, then the Prophet too must be encompassed by that all-pervading reality. Whether this is profound theology or simply confused Sanskrit is itself part of the scholarly argument. Wikipedia The text's short length has not stopped it from generating an outsized amount of commentary, precisely because every phrase in it seems to invite a different reading. A Bengali edition running to several hundred pages was produced in the early twentieth century, testifying to how much exegetical weight later commentators felt obliged to hang on so slight a text — though the bulk of that volume consists of commentary and polemic rather than the Allopanishad itself, which remains only a few verses long. The Language Problem: Sanskrit, Arabic, or Neither One of the most rigorous close readings of the Allopanishad's actual Sanskrit comes from the contemporary scholar Nityanand Mishra, an alumnus of IIM Bangalore who has written on Sanskrit and Hindu textual history. Mishra observes that the Allopanishad contains explicitly Islamic terms — Allah, Rasul, Muhammad, Akbar, the shahada formula la ilaha illallah, and the takbir Allahu Akbar — and argues that a text built around such vocabulary cannot be classified as scripture of Hinduism or Sanatana Dharma in any traditional sense. This is a philological point as much as a theological one: the grammatical apparatus of the text is frequently broken by the standards of classical Sanskrit. Wikipedia Mishra catalogs a series of grammatical errors in the text — incorrect mixing of gender, case, and verb forms — and argues that phrases such as ""Ilzam Khabar... In Lalit Illallah"" and ""Adalla Buk Makkam"" are not Sanskrit at all, but either transliterated Arabic or outright nonsense syllables dressed up to look Sanskritic. This matters for the ""fabrication"" thesis in a very concrete way: a text this ungrammatical is difficult to read as the work of a genuinely accomplished Sanskrit theologian working in good faith within the Upanishadic tradition. It reads, instead, like the work of someone assembling Sanskrit-sounding material to serve an external purpose — whether that purpose was flattery, propaganda, or self-protection — rather than someone composing an original contribution to Vedantic thought. Mishra's analysis also directly engages a modern controversy: the Shankaracharya of Puri, Swami Nischalananda Saraswati, is reported to have defended the text's legitimacy, asserting that ""Allah"" was itself a Sanskrit word meaning ""power"" or was a name of the Goddess (Bhagavati), and that this usage could even be found in the Amarakosha, the classical Sanskrit lexicon. Mishra rebuts this directly, noting that the word ""Allah"" does not in fact appear in the Amarakosha, and that where a similar-sounding term does occur in dramatic or theatrical contexts, its meaning is ""mother,"" not ""power"" or ""Bhagavati."" This exchange is worth dwelling on because it shows that the argument over the Allopanishad is not simply ""Hindu tradition versus Mughal history"" but an active philological dispute within contemporary Hindu scholarship itself, between those inclined to accommodate the text within a broad, inclusive reading of Sanatana Dharma and those who regard it as a linguistic and doctrinal imposture that should be named as such. Wikipedia Wikipedia Dating and Historical Setting: Akbar's Court and the Age of Translation To understand why such a text could have been produced at all, it helps to place it within the intellectual climate of Akbar's court in the 1570s and 1580s. Akbar, who reigned from 1556 to 1605, presided over an empire in which Sanskrit learning and Perso-Arabic Islamic scholarship were, for the first time on this scale, brought into sustained institutional contact. In 1574 Akbar established a Maktab Khana, or translation bureau, at his new capital of Fatehpur Sikri, staffed by scholars charged with rendering major Sanskrit works into Persian. The flagship project of this bureau was the Razmnama, a Persian translation of the Mahabharata undertaken by a team that included the emperor's own court poet, Faizi. Faizi — born Abu al-Faiz ibn Mubarak in 1547 and the elder brother of Abul Fazl, Akbar's chronicler and the author of the Akbarnama — was among Akbar's ""nine jewels"" (navaratna), a circle of intellectuals and poets whose family had a documented interest, going back to their father Shaikh Mubarak, in the literature and philosophy of India. Faizi went on to translate the mathematical treatise Lilavati from Sanskrit into Persian and to attempt a verse rendering of parts of the Mahabharata, completing only its first two books before his death in 1595. This translation apparatus at Fatehpur Sikri is the same broad milieu in which a text like the Allopanishad — one that runs the traffic in the opposite direction, dressing Islamic content in Sanskrit form rather than rendering Sanskrit content into Persian — would have made a certain kind of sense to its patrons, even if its actual execution fell well short of Faizi's demonstrated command of the source material. It is worth being precise about what is and is not established here. No definitive contemporary record survives naming a single author or giving a precise year of composition for the Allopanishad, unlike the well-documented Razmnama project. What scholars have instead is a strong circumstantial case: the vocabulary, the theological content, and the historical window in which such a text would have had any conceivable audience or purpose all point toward Akbar's later reign, during the period when his religious experimentation was at its most visible and most controversial. Din-i-Ilahi, Sulh-i-Kul, and the Political Uses of Religious Language That experimentation had a name and a history. Akbar's religious policy evolved over decades, beginning with the abolition of the pilgrimage tax in 1563 and the jizya, the tax historically levied on non-Muslim subjects, in 1564. He initiated interfaith dialogues at the Ibadat Khana in Fatehpur Sikri, debates that positioned Akbar as a supra-sectarian arbiter and correspondingly diminished the independent authority of the Muslim clerical establishment, the ulema. In 1579 a formal declaration known as the Mahzar named Akbar the supreme authority in religious disputes, reinforcing his personal sovereignty over matters of faith. This entire trajectory culminated in 1582 with the promulgation of Din-i-Ilahi, the ""Divine Faith,"" a syncretic religious framework intended, at least in its stated aims, to draw together elements of Hinduism and Islam. The whole edifice rested on the principle Akbar and Abul Fazl called Sulh-i-Kul, ""universal peace"" or ""peace with all,"" which held that the emperor should treat subjects of every faith with impartiality and that religious conflict was itself the deepest source of human suffering. StudyIQ + 2 Din-i-Ilahi in practice attracted only a small circle of courtiers and did not survive Akbar's death as an organized movement. Even so, historians have noted that Akbar's religious experimentation had the practical effect of weakening the institutional power of orthodox Islam at court, at least for a time, even as it never displaced Islam as the dynasty's nominal religion. This is the crucial point of tension for anyone assessing the Allopanishad's purpose. If Din-i-Ilahi's actual institutional effect was to loosen the grip of orthodox ulema rather than to advance any singular sectarian agenda, then a text whose content seems designed to assert Islamic supremacy in Sanskrit dress sits somewhat uneasily against the broader current of Akbar's policy, which several historians characterize as ecumenical rather than proselytizing. But this tension is not necessarily a contradiction. It is entirely possible — and this is the reading favored by several of the harshest nineteenth-century critics discussed below — that whatever Akbar's own personal religious philosophy amounted to, individual courtiers and provincial actors could still produce propagandistic material in his name, whether to curry favor, to signal loyalty to a monarch increasingly presented in exalted terms, or to manage a fraught political environment in which the emperor's own religious authority had been formally elevated by decree. The Mahzar of 1579, after all, had already established the theological principle that the emperor's word could override clerical consensus; a Sanskrit text asserting Akbar's near-prophetic status is, in that light, not an isolated act of invention so much as an extension of an already-declared imperial theology into a new linguistic register aimed at a Hindu, Sanskrit-literate audience. Semantic Scholar Who Wrote It? Theories of Authorship and Motive No consensus exists on a specific author, and this is one of the genuine gaps in the scholarly record rather than a settled fact obscured by later polemic. Jogendranath Sarkar and B. K. Sarkar categorized the Allopanishad as an ""Islamic Work"" composed by a Hindu courtier of Akbar, framing it as an apocryphal chapter appended, however spuriously, to the Atharvaveda. S. N. Sadasivan likewise attributes the composition to Brahmins writing at Akbar's behest while he was experimenting with his new religion, noting the peculiar detail that the resulting text was reportedly not even acceptable to Akbar himself. If accurate, that detail is significant: it suggests that whatever the intent behind the text's creation, its execution may have missed its mark so badly, linguistically and theologically, that it failed to satisfy even its own patron — which would cut against a reading of the Allopanishad as a polished, successful instrument of state propaganda, and toward a reading of it as a clumsy, perhaps hastily produced curiosity that never achieved wide circulation or official sanction in its own time. Wikipedia Wikipedia R. Ananthakrishna Sastri, writing in The Theosophist in 1898, offered a different account: that the work was produced by pandits seeking to escape persecution under Muslim rule, and he noted that the text was ""not in the style of ordinary Upanishads,"" with wording that ""appeared to sound more like Arabic"" than Sanskrit. This survival-under-duress theory is important because it complicates the ""elevate Akbar, promote Islam"" framing without contradicting it outright. A text produced by pandits under pressure to placate or flatter a ruler could still, in its content, function exactly as an instrument that elevates the ruler and privileges Islamic formulae — the motive of self-preservation and the effect of theological propaganda are not mutually exclusive. A frightened courtier composing verses in praise of Allah and Akbar under duress is, after all, still producing a text that does the ideological work its patron wants done, regardless of whether the author's inner state was one of zealous conviction or anxious compliance. Wikipedia Nineteenth- and Twentieth-Century Hindu Reception: Outrage and Rejection The Allopanishad became a live issue in nineteenth-century Bengal and North India, precisely at a moment when Hindu reform movements were engaged in reconstructing and defending an authoritative canon of scripture against colonial-era Christian missionary criticism, Islamic apologetics, and internal reformist agendas. The reactions from major figures of that period were uniformly negative regarding the text's authenticity, though they differed on its motive. Swami Dayananda Saraswati, in his influential Satyarth Prakash, argued that the Allopanishad is not part of the genuine Upanishadic canon and does not appear in the Atharvaveda at all. Swami Vivekananda, in his lectures collected as Lectures from Colombo to Almora, stated that the Allopanishad was evidently of a much later date than the genuine Upanishads and that he had been told it was composed during Akbar's reign specifically to bring Hindus and Muslims together — a rare instance of a major reformist voice attributing a conciliatory rather than a coercive motive to the text. Debendranath Tagore, father of Rabindranath Tagore and a central figure in the Brahmo Samaj reform movement, took a considerably harsher view in his autobiography, writing that the Allopanishad was composed in Akbar's era with the specific objective of converting Hindus into Muslims. Bankim Chandra Chattopadhyay, the novelist and author of ""Vande Mataram,"" was harsher still, dismissing the Allopanishad as ""the shameless production of some sycophant of Muslim rulers of India."" Wikipedia + 3 This spread of reactions — from Vivekananda's relatively benign ""bringing communities together"" to Tagore's ""conversion"" thesis to Bankim's outright contempt — shows that even among Hindu reformers who agreed the text was inauthentic, there was no unanimity about whether it represented benevolent syncretism, aggressive proselytization, or mere flattery. The British Indologist Charles Eliot, in his Hinduism and Buddhism: An Historical Sketch, suggested the text was connected to the Din-i-Ilahi movement and stated flatly that it ""can hardly be described as other than a forgery."" Eliot's framing is notable because it comes from outside the communal politics of colonial India altogether and still arrives independently at the same basic judgment: whatever else the Allopanishad is, it is not a genuine product of the Upanishadic tradition, and its most plausible institutional home is the propaganda apparatus surrounding Akbar's syncretic religious project. Wikipedia Reading It as Fabrication: The Case for ""Elevating Akbar, Promoting Islam"" Taken together, this body of evidence supports a fairly strong case for treating the Allopanishad as fabricated court literature with a political and theological function rather than as an organic devotional text. The argument runs as follows. First, the text's canonical status is entirely spurious — it appears in none of the recognized lists of Upanishads and has no Vedic textual anchor, meaning its authority rests entirely on borrowed form rather than any lineage of transmission. Second, its content does real ideological work: it names Akbar in the same breath as the Prophet Muhammad, uses the language of prophecy and messengership in connection with a reigning temporal monarch, and forces Vedic divine names into subordination to Islamic monotheistic formulae. This is not neutral syncretism in the sense of a respectful merging of two traditions as equals; the grammatical structure Mishra identifies — Vedic gods invoked as if encompassed by or subordinate to Allah and the shahada — reproduces a hierarchy in which Islamic content sits at the apex and Hindu vocabulary is instrumentalized to lend it borrowed legitimacy. Third, the historical moment fits: this was precisely the period when Akbar's own religious authority was being formally elevated through instruments like the 1579 Mahzar, and when a new imperial cult, Din-i-Ilahi, was being constructed with the emperor at its center. A Sanskrit text asserting Akbar's near-prophetic standing is consistent with, and plausibly an instrument of, that broader project of theological self-elevation. Fourth, near-contemporary and near-historical Hindu commentators — not only modern polemicists but figures as serious as Dayananda Saraswati, Tagore, and Bankim — converged independently on rejecting the text's authenticity and, in several cases, explicitly framed it as coercive or sycophantic in origin. This convergence across generations and political contexts gives the ""fabrication"" reading real evidentiary weight; it is not merely a modern retrospective projection onto the past. Counter-Readings: Syncretism, Survival, and Cultural Pollination The case against reading the Allopanishad simply as an instrument to ""promote Islam over Hinduism,"" or at least the case for reading it as something more layered, also deserves full statement, because the historical record does not point in only one direction. Abraham Eraly, the historian of Mughal India, described the text as symbolic of the cross-cultural pollination between Hindu and Muslim traditions under Mughal rule, arguing that it was meant to bring the two communities together rather than to subordinate one to the other. This reading fits within a well-documented broader pattern at Akbar's court: the Razmnama project, Faizi's Lilavati translation, the patronage of Hindu scholars and artists, and the Ibadat Khana debates all point toward an emperor whose personal instincts, whatever their ultimate sincerity, ran toward cultural fusion and mutual accommodation rather than toward zero-sum religious conquest by other means. Wikipedia There is also the survival-strategy explanation already noted from Sastri: pandits producing devotional-sounding material to protect themselves or their institutions under an unpredictable and religiously experimental monarch. If this is closer to the truth, then the Allopanishad is less a weapon deliberately aimed at Hinduism from outside and more a defensive artifact produced by Hindu scriflicedibes themselves navigating a precarious position — a very different moral picture, even if the textual content ends up looking similar either way. And there is a third possibility worth naming honestly: that the text may simply be a minor, poorly executed curiosity — the grammatical incompetence Mishra documents is severe enough that it may never have functioned as effective propaganda for anyone, circulating instead in a narrow and largely unofficial way until it was rediscovered and weaponized by nineteenth-century polemicists on both sides of an entirely different, colonial-era argument about religious authenticity. The report that Akbar himself found the finished product unsatisfactory, if reliable, would tend to support this more modest reading over the picture of a deliberately engineered and successfully deployed instrument of imperial theology. None of this requires abandoning the fabrication thesis; it requires holding it alongside these other possibilities rather than treating it as the only available explanation. The text's content genuinely does subordinate Hindu vocabulary to Islamic theological claims, and it genuinely was produced in an environment where Akbar's personal religious authority was being actively inflated by court ideology. But whether that subordination reflects a top-down, deliberate campaign to promote Islam over Hinduism, or a bottom-up, defensive act of flattery by anxious courtiers, or simply an unsuccessful, badly executed experiment in interfaith literary fusion that never achieved the status its modern critics and defenders have both retroactively assigned it, is genuinely underdetermined by the surviving evidence. The Modern Afterlife: Zakir Naik, Nischalananda Saraswati, and the Mishra Rebuttal The Allopanishad did not remain a dead historical curiosity; it has an active afterlife in contemporary religious apologetics. It is occasionally cited by Islamic apologists, most notably Zakir Naik, to argue that the name Allah appears within Hindu scripture and that Islam represents a logical continuation or fulfillment of Hinduism. Hindu commentators have responded that the text is a known forgery with no standing in any authentic Hindu tradition, and this argument continues to circulate actively in interfaith and online discourse. The dispute between Nityanand Mishra and Swami Nischalananda Saraswati, discussed earlier, is the clearest recent instance of this: a sitting Shankaracharya extending a broad, inclusive theological principle — that the truth-content of a text matters more than its date or authorial origin — to defend the Allopanishad's compatibility with the Vedas, against a Sanskrit scholar's detailed philological rebuttal that the text is riddled with basic grammatical errors and rests on demonstrably false claims about classical lexicography. Mishra also stresses a point of historical consensus that cuts against the apologetic use of the text: no scholar, Indian or Western, has ever accepted the Allopanishad as an authentic Upanishad, and he specifically invokes the prior rejections by Vivekananda and Bankim Chandra Chattopadhyay as evidence that this is not a new or communally motivated objection but a long-standing scholarly and reformist consensus. There is even a further, more marginal reading circulating in some quarters, holding that ""Allah"" in these Sanskrit contexts might be understood as a reference to Shakti or the divine feminine, allowing the text to be read as a Tantric composition addressed to the Goddess — a reading that has found essentially no support among mainstream scholars but which illustrates just how much interpretive pressure a short, obscure, and grammatically damaged text can be made to bear once it becomes useful ammunition in later ideological disputes far removed from Akbar's court. Wikipedia + 2 Placing the Allopanishad Within a Larger Pattern It is worth situating the Allopanishad within the broader landscape of Mughal-era religious and literary production, because doing so clarifies what is distinctive about it. Akbar's court sponsored a genuine, sustained, and by most historical accounts largely respectful engagement with Sanskrit learning through the Maktab Khana — Faizi's translations of the Mahabharata and the Lilavati are real works of scholarship, imperfect and incomplete as they were, produced by a poet with demonstrated command of both languages and traditions. Roughly seventy years later, under Akbar's great-grandson Shah Jahan, the prince Dara Shikoh would go much further, personally overseeing careful Persian translations of fifty genuine Upanishads in a project called the Sirr-i-Akbar, aimed at demonstrating what he believed was a deep underlying unity between Vedantic and Islamic (specifically Sufi) metaphysics. Dara Shikoh's project, whatever one thinks of its interpretive choices, was transparent about what it was doing: translating real, identifiable Sanskrit texts into Persian, with named sources, for an explicitly comparative and reconciliatory purpose. The Allopanishad belongs to a different and much more troubling category: it does not translate an existing Sanskrit text into another language, but instead fabricates a new pseudo-Sanskrit text and dresses it in the borrowed authority of an existing genre, without any of the transparency that marks the genuine translation projects of the period. This is precisely why later commentators, even ones sympathetic to Akbar's broader project of interfaith accommodation, have tended to treat the Allopanishad as something categorically different from and more suspect than the Razmnama or the Sirr-i-Akbar. A translation, however contestable its interpretive choices, honestly represents itself as a rendering of an existing source. An invented Upanishad, by contrast, borrows the prestige of scripture for a text that has no genuine scriptural lineage at all, and that act of borrowing is itself the central move that both nineteenth-century reformers and modern philologists have objected to, regardless of whether they read its ultimate purpose as hostile, defensive, or merely misguided. Conclusion: What Can Be Said With Confidence, and What Remains Contested Several conclusions about the Allopanishad rest on genuinely solid ground. It is not a canonical Upanishad by any traditional reckoning; it appears in none of the recognized lists and has no basis in the Atharvaveda. It was almost certainly composed during the Mughal period, most plausibly during Akbar's reign and in connection with the intellectual and religious ferment surrounding Din-i-Ilahi, though no single named author or precise date can be established with certainty from the surviving record. Its Sanskrit is demonstrably flawed by classical grammatical standards, to a degree that undermines readings of it as a serious theological composition by a trained Vedantin, and its content does explicitly fuse Islamic theological formulae with Vedic divine names in a manner that places Akbar himself in near-prophetic company. What remains genuinely contested — and should be presented as contested rather than resolved — is the question of intent and function that the framing ""fabrication to elevate Akbar and promote Islam over Hinduism"" asserts as settled fact. That reading has serious support: it fits the historical context of Akbar's formally elevated religious authority after 1579, it matches the content of the text itself, and it echoes the judgments of independent observers as different as Charles Eliot, Debendranath Tagore, and Bankim Chandra Chattopadhyay across more than a century. But it sits alongside other readings with their own evidentiary support — Vivekananda's account of a conciliatory intent, Eraly's framing of cultural pollination, Sastri's account of pandits acting under duress to survive rather than to proselytize, and the possibility, suggested by the report that Akbar himself rejected the finished text, that this was simply an unsuccessful and rather clumsy literary experiment that only acquired its outsized ideological significance centuries later, in the hands of nineteenth-century reformers and twenty-first-century apologists alike, fighting battles that had little to do with the original circumstances of its composition. A historically responsible account of the Allopanishad, in other words, can affirm that it is an apocryphal fabrication built to serve Akbar's court and its theological ambitions, while remaining honest about the fact that exactly whose ambitions, and how deliberately those ambitions were pursued, cannot be settled beyond reasonable dispute on the evidence that survives. more less https://i.redd.it/m5un590qbbfh1.jpeg",,2026-07-25,https://old.reddit.com/r/IndicKnowledgeSystems/comments/1v5zf35/the_allopanishad_an_apocryphal_text_at_the/
1v5xekk,reddit,"Whispers of the Frontier - Valiant Victor and the Screaming Talon, Part Two Series https://preview.redd.it/bxm7kofctafh1.png?width=1672&format=png&auto=webp&s=42ec668ec17cd0ccd1798dff126ea38fd7d4461e Return to Part One “All stations, combat readiness.” The bridge lights shifted red. Valiant’s text changed to red. The usual dry irritation remained, but beneath it ran something brighter. The ship liked to think the color was danger red. She had never used it before. “At last.” Theo rose. “I need Engineering.” “Go.” He moved toward the hatch, then paused beside Susan. “The targeting relay may display hostile ships as docking requests.” “I remember.” “If it asks whether you wish to extend a boarding collar, select no.” “Thank you, Chief.” Theo disappeared into the corridor. The Antebarian ship fired first. Three violet energy bolts crossed the distance between the ships. Susan’s hands moved over her controls. “Evasive maneuver!” Valiant rolled hard to starboard. Two bolts passed beneath the ship. The third struck the forward shields. The bridge shook. Captain Ridgeway’s coffee lifted from its magnetic holder and landed across his uniform, looking mildly offended it wasn’t going to be drunk. He looked down. The bridge became very quiet. Valiant’s bright red text read, “They’ve made a serious mistake.” Captain Ridgeway wiped coffee from his chest. “Return fire.” Susan selected the forward pulse cannons. The tactical display flashed. UNKNOWN VESSEL REQUESTS DOCKING CLEARANCE. She stared. “Theo!” His voice came through the comm. “Select no.” “I know!” She rejected the docking request and fired. The starboard pulse cannon discharged. The port cannon did not. A single blue-white bolt crossed space and passed forty meters above the Antebarian ship. The pirate captain reopened communications immediately. “You shoot like an elderly soup animal!” Captain Ridgeway looked toward Susan. She looked horrified. “I’ve only fired in simulations.” “Simulations count.” “The target was larger in simulations,” she said. The pirate ship fired again. Valiant turned sharply. One shot missed. The second struck the aft shields. The third hit the automated mining platform, causing a cargo arm to rotate and release six tons of processed nickel into space. The nickel spread between the two ships in a glittering cloud. Shasrhlefen’s hands moved across his board. “Captain, I am intercepting Antebarian tactical communications.” “Anything useful?” “They are concerned about the nickel.” “That makes two of us.” “One of them has described it as aggressive gravel.” Valiant plunged into the debris cloud. Fragments rang against the hull. Tees clutched the command rail. “In the Core Systems, navigational lanes are maintained free of industrial debris.” Captain Ridgeway glanced at him. The pirate ship vanished from direct sensors and Susan switched tracking modes. “I’ve lost them.” “No, you haven’t,” Captain Ridgeway said. “They’re hiding in the ore cloud.” “That’s the same as losing them.” “It’s not. Losing them means you don’t know where they are. You know they’re inside several thousand cubic kilometers of nickel fragments.” She looked at him. “That’s not helpful.” “It was considered helpful when I was your age.” “That may explain your generation.” A warning flashed. The Antebarian vessel emerged beneath them. It fired at close range. Valiant threw herself sideways. The bridge tilted violently. Tees’s data-core pouches swung outward like ceremonial pendulums. The blast grazed the lower hull. Engineering alarms sounded and Theo’s voice came through the speakers. “They damaged the secondary power trunk.” “Can you repair it?” Captain Ridgeway asked. “I’m already repairing it.” The channel clicked off. Ridgeway looked at the speaker in irritation. It clicked back on. “Sorry. I left off ‘Captain.’” It clicked back off. The captain nodded in acceptance. Susan looked toward the captain. “Is he always like that during emergencies?” The Antebarian ship turned for another pass. Valiant brought her bow around. “Port cannon available,” the ship texted. “Fire,” Captain Ridgeway ordered. Susan pressed the control. Both pulse cannons fired. The first shot struck the pirate’s forward shields. The second struck a robotic ore tug emerging from behind the mining facility. The tug spun, activated its automatic collision-avoidance system, and locked a tractor beam onto the nearest vessel. The nearest vessel was the Valiant Victor . The patrol ship jerked sideways. “Oh, come on,” Susan said. “I have been seized by mining equipment,” Valiant texted, the bold danger red letters filling most of the viewscreen. “You sound offended,” Captain Ridgeway said. The ore tug began pulling them toward a processing dock. Tees’s fingers flew across a regulation core. “Automated industrial vehicles must release emergency tractor locks upon receiving an authorized Accord override.” “Send it,” Captain Ridgeway ordered. “I cannot.” “Why?” “The regulation requires an active facility compliance officer.” Everyone looked at him. Tees looked back. “I am an active facility compliance officer.” “Then authorize it.” “This facility has not been assigned to my inspection jurisdiction.” The Antebarian ship opened fire. “Tees!” The Nethik’s antennae snapped straight. “Temporary emergency jurisdiction may be assumed under Regulation Twelve, Subsection Nine, Paragraph—” “Assume it!” “I must record the basis.” Shasrhlefen reached across the console and pressed the authorization key, causing Tees to make a sound of administrative pain. The ore tug released them. Once it did, the captain turned to the Porella. “Shasrhlefen, designate the Antebarian vessel as the nearest uncontrolled obstruction.” Shasrhlefen’s nimble fingers worked the communications console, spoofing the mining facility’s collision registry and designating the Antebarian vessel as an uncontrolled obstruction. The tug searched for another nearby object requiring collision avoidance. Its tractor beam locked onto the Antebarian ship. Shasrhlefen’s ears rose. “Antebarian ship now registers as an obstruction, Captain.” Ridgeway looked around the bridge and realized he had stopped thinking about leave. The pirate vessel lurched backward. The pirate captain appeared on the display. “You have attacked us with civilian machinery!” Captain Ridgeway leaned toward the screen. “You attacked a mining facility.” The channel closed. Susan studied the pirate ship’s movement. “They’re trying to break the tractor lock.” “Can you use it?” Captain Ridgeway asked. “The tug’s pulling their stern toward the processing dock. It’s exposing their ventral engine housings.” “Take the shot.” Her hands hovered over the controls. The pirate vessel twisted. The target was small, moving, partially obscured by ore debris, and attached to an industrial tug that had no idea it was participating in a battle. Susan breathed out. The pulse cannon status flickered. AVAILABLE. UNAVAILABLE. “Valiant?” “I’m trying,” the ship texted. Theo’s voice entered the channel. “I’ve routed weapons power through the galley refreshment grid.” Captain Ridgeway stared at the speaker. “You did what?” “The pulse cannons work.” “What about the coffee?” “The coffee maker has an independent circuit.” “Acceptable.” Susan tracked the exposed cooling manifold. The Antebarian captain reopened the channel. “You will be remembered as frightened compost!” Susan fired. A blue-white pulse crossed the ore cloud. It struck the pirate vessel beneath the port engine. The cooling manifold ruptured. Vapor burst across the stern. The engine shut down. The second engine overloaded, coughed blue plasma, and stopped. The Screaming Talon of Final Agony went dark. The ore tug continued pulling it toward the processing dock. For several seconds, no one spoke. Then Valiant texted, “Direct hit.” Susan stared at the disabled ship. “I hit it.” Captain Ridgeway released a breath. “You hit it.” “It was moving.” “Most hostile targets do.” Shasrhlefen lifted both hands. “Communications from the Antebarian vessel.” The pirate captain appeared again. Smoke drifted behind him. One long ear had folded sideways. “You have disabled the Screaming Talon of Final Agony through cowardly accuracy!” Susan looked at Captain Ridgeway. “Is cowardly accuracy a thing?” “It is now.” The Antebarian captain pointed at her. “You! Green-eyed murderer of cooling pipes! You are a killer!” Shasrhlefen turned toward Susan. “Killer,” he said, his whiskered face slack. That lasted another second before he fell to the deck, shaking in laughter. “Do not start…” The Antebarian captain continued. “We shall resist until every bone in our bodies becomes inconvenient!” Captain Ridgeway leaned forward. “You have no propulsion, no shields, and one functional weapon mount. Surrender.” “We possess the unbreakable spirit of Antebar!” Behind the captain, something exploded. A small Antebarian ran past carrying a fire extinguisher larger than he was. The pirate captain glanced over his shoulder. “We request temporary discussion.” The full surrender took nine minutes. The Antebarians attempted to negotiate retention of their weapons, their ship, their stolen ore, their command authority, and a decorative banner from the mining platform. Captain Ridgeway declined all five requests. When the pirate crew finally transferred aboard the Valiant Victor , the patrol crew assembled outside the docking collar in armor and helmets. The inner hatch opened. The first Antebarian stepped through with both hands raised. He stood two feet five inches tall. The second was slightly shorter. The third possessed enormous white ears and a black eyepatch that appeared to be decorative, because he repeatedly lifted it to look around. Fourteen Antebarian pirates emerged in total. All wore dark boarding suits. All possessed soft body fur. All attempted to appear terrifying. The largest reached Captain Ridgeway’s thigh. The pirate captain marched forward. Up close, his breathing mask had small silver fangs painted across it. “You may have defeated us,” he squeaked, “but you shall tremble beneath the weight of our insults.” Captain Ridgeway looked down at him. “No.” “You resemble a tired shelf!” Captain Ridgeway considered. “That’s better than the root vegetable.” The pirate captain’s ears rose. “You remember my insult.” “I remember all threats made against my ship.” Behind him, Valiant texted on the airlock screen, “And his coffee.” The pirates were placed in the brig. All fourteen fit inside one cell. There was enough room left for the smallest pirate to pace dramatically in front of the others. They shouted through the force barrier. They threatened revenge. They promised that Antebarian war fleets would descend upon the Frontier. They compared Captain Ridgeway to a defective agricultural crop. They informed Theo that his face had been organized without care. Theo studied the pirate who had said it. “Your hair is uncertain!” Theo touched his hair. “That is accurate.” Susan stood outside the brig with her helmet under one arm. The battle’s excitement had begun draining away, leaving exhaustion, trembling hands, and the delayed understanding that someone had repeatedly fired weapons at her. Captain Ridgeway noticed. He leaned against the bulkhead beside her. “You did well.” “I missed the first shot,” she said. “You hit the important one.” “I almost shot the ore tug twice.” He grinned. “You only shot it once. Consider that a win.” “That isn’t as comforting as you think.” “It’ll become comforting with experience,” the captain said. She looked at him. “Did you feel like this after your first battle?” “No.” Susan waited. Captain Ridgeway continued. “I felt worse.” “Oh.” “I threw up in a helmet.” She turned toward him. “Your own?” “Eventually.” A laugh escaped her before she could stop it. The pirate captain pointed through the barrier. “The cooling-pipe killer laughs at our imprisonment!” Shasrhlefen appeared at the end of the corridor carrying a data slate and several ration packets. “Killer,” he called. Susan closed her eyes. “Do not call me that.” “The Antebarian captain has officially designated you.” “That doesn’t make it official.” Tees leaned into the corridor behind him. “Enemy-issued titles possess no standing under Accord personnel regulations.” “Thank you, Tees.” “However, informal crew designations are permitted if they do not impair operational discipline.” Susan stared at him. “Whose side are you on?” Inside the brig, the Antebarians resumed shouting. Captain Ridgeway listened for several seconds. Then he turned toward the galley. “Shasrhlefen, help me with something.” The captain returned ten minutes later pushing a maintenance cart. The coffee maker sat on top. Its steel casing was scratched. Its heating elements glowed faintly. A pressure valve clicked with slow mechanical menace. The Antebarians fell silent. Captain Ridgeway stopped the cart outside the cell. The machine growled. One of the smaller pirates stepped backward. “What is that?” the Antebarian captain demanded. “Coffee maker.” The pirates looked at one another. The captain puffed out his chest. “We do not fear human beverages.” “You should,” Susan said ominously. Captain Ridgeway placed a tiny metal cup beneath the dispenser. The machine hissed. Dark liquid struck the cup with enough force to suggest personal hostility. A smell filled the brig corridor. Shasrhlefen’s whiskers flattened as Tees took one step back. Theo approached the machine, listened to the pressure cycle, and nodded approvingly. Captain Ridgeway held the cup through the transfer slot. The Antebarian captain accepted it. His crew murmured as he lifted the cup. “You believe this beverage will break the spirit of Antebar?” “No,” Captain Ridgeway said. “I think it’ll keep you awake during questioning.” The pirate captain drank. His eyes widened. His ears shot upright. For one impossible moment, every strand of fur on his body appeared to stand separately. He whispered something in Antebarian. Then he fell backward. His crew caught him. The corridor remained silent. The coffee maker clicked. It began brewing another cup without being asked. The remaining pirates pressed themselves against the far wall. “What has your machine done?” one squeaked. Captain Ridgeway looked through the barrier. “That was a small serving,” he said as he lifted the freshly filled human-sized mug to his lips. The coffee struck Ridgeway with equal enthusiasm. He remained conscious. Ridgeway smiled. The pirate with the decorative eyepatch raised both hands. “We shall cooperate.” The coffee maker growled again. “We shall cooperate enthusiastically.” Crosses-the-Tees stepped forward, already selecting a regulation core. “Excellent. We shall begin with Accord Anti-Piracy Regulation One, General Definitions and Jurisdictional Foundations.” The pirates stared at him. Tees opened the document. “Section One: For the purposes of enforcement, interdiction, seizure, recovery, detention, adjudication, and associated administrative review—” The pirate crew began to look toward the coffee maker with reconsidered affection. Six hours later, the Valiant Victor resumed course for Frontier Accord Sector Patrol Headquarters. The disabled Screaming Talon of Final Agony followed behind in a tow beam. Automated repair craft stabilized Peabody Twelve. The mining facility submitted a damage report, a gratitude notice, and an invoice for one robotic ore tug. Tees disputed the invoice on the grounds that the ore tug had participated voluntarily. Shasrhlefen had collected seventeen new Antebarian insults. Theo had restored the secondary power trunk and repaired the targeting relay. It now correctly identified hostile vessels, although it classified the pirate ship as “unwelcome cargo.” Valiant considered that an improvement. On the bridge, Susan sat at tactical with a cup of ordinary tea. Her hands had stopped trembling. Captain Ridgeway occupied the command chair, wearing a clean uniform and holding a fresh mug of coffee. Theo stood beside the engineering console. He looked toward Susan. “You performed adequately.” She smiled. “Thank you, Theo.” His brow tightened. “I intended that as praise.” “I know.” “It sounded insufficient.” “A little.” She grinned. He considered the problem. “You performed significantly above minimum operational expectations.” Susan said, “That’s beautiful.” “You’re making fun of me.” “Only a little, Chief.” Theo nodded. This appeared acceptable. Shasrhlefen turned from communications. “Sector Headquarters has acknowledged the captured vessel.” “And?” Captain Ridgeway asked. “They congratulate us on the first successful Antebarian interdiction in Frontier Accord history.” Susan sat straighter. Captain Ridgeway smiled despite himself. Shasrhlefen continued. “They have also requested complete combat logs, weapons-discharge records, prisoner-transfer documentation, damage assessments, mining-facility statements, tow authorization, evidence inventories, crew medical evaluations, and a preliminary explanation regarding the weaponization of civilian ore-handling equipment.” The smile left Captain Ridgeway’s face. Valiant dimmed the bridge lights. From the brig channel came the faint voice of Crosses-the-Tees. “Subsection Eight establishes the proper sequence for cataloging confiscated personal effects…” The Antebarians groaned in collective agony. Shasrhlefen’s console chimed again. “There is an additional message.” Captain Ridgeway closed his eyes. “Read it.” “Sector Headquarters has scheduled a mandatory post-engagement readiness inspection immediately upon arrival.” The bridge went silent. Somewhere behind the tactical console, a relay made a small clicking sound and stopped working. Theo looked toward the deck. “Valiant.” The main display read, “I didn’t do anything.” “You disabled Tactical Relay Six.” An ellipsis appeared, followed by, “It failed from stress.” “I replaced it last month.” Captain Ridgeway rubbed his face. “In the Core Systems,” Tees said over the brig channel, “post-engagement inspections are considered an honor.” Five members of the crew turned toward the speaker. There was a pause. Tees’s antennae appeared on the brig-screen feed and slowly lowered. “I recognize that this is not the Core Systems.” Susan leaned back in her chair. Beyond the forward viewport, Sector Headquarters was still hours away. The captured pirate ship followed obediently behind them. For the first time in two years, the stars no longer looked empty. “Do you think there’ll be more pirates?” she asked. “No,” Captain Ridgeway said. Shasrhlefen looked over his shoulder. “Killer hopes there will be.” Susan snorted. “Stop calling me that.” Captain Ridgeway lifted his mug. “To routine patrol.” Susan raised her tea. “To routine patrol.” Shasrhlefen lifted a ration packet. Theo raised a diagnostic probe. Valiant increased speed toward headquarters. She had finally fought pirates, rescued an Accord facility, captured a hostile crew, survived weapons fire, and towed home a prize. For the first time in thirty-eight years, the Valiant Victor had earned her ridiculously brave name. She still hated the Victor part. Return to Part One more less",,2026-07-25,https://old.reddit.com/r/OpenHFY/comments/1v5xekk/whispers_of_the_frontier_valiant_victor_and_the/
1v5xd8a,reddit,"Whispers from the Frontier - Valiant Victor and the Screaming Talon, Part 01 Series https://preview.redd.it/d8fx5jxrpafh1.png?width=1672&format=png&auto=webp&s=bae079aaa88f1b133b3b97eee472d99cab1de31f Ensign Susan McCormick leaned toward her tactical display. “Contact.” The word crossed the bridge of the Valiant Victor with crisp military urgency. Captain Harlan Ridgeway lifted his head from his coffee. Chief Engineer Theo Marsh stopped dismantling a diagnostic probe that did not technically belong to him. Shasrhlefen’s rounded ears rose above the communications console, and Crosses-the-Tees froze with one fine cream-colored finger poised over an unfinished compliance report. The patrol ship increased the brightness of the main tactical display. “Where?” Captain Ridgeway asked. “Bearing zero-eight-two by nineteen,” Susan said. “Closing at six hundred kilometers per hour.” The bridge waited. A small object appeared on the forward screen. It was spherical, white, and emblazoned with the blue-and-gold seal of the Frontier Accord Safety Administration. Captain Ridgeway lowered his coffee. “No.” The object transmitted an identification code. AUTOMATED PATROL READINESS INSPECTION DRONE 74-C. The bridge lights dimmed slightly. The Valiant Victor possessed a mature ship intelligence, a feminine identity, and the emotional patience of an underappreciated municipal employee working alone on a busy day. She had served the Accord for thirty-eight years, survived three engine replacements, two major refits, seven command crews, and an unfortunate period during which naval planners had believed orange interior paneling improved morale. She hated inspections. “I could destroy it,” the ship suggested in text on the main viewscreen. “No,” Captain Ridgeway said. “It’s very small.” “No.” “It has no defensive systems.” “Victor.” The bridge lights dimmed another two percent. “My name is not Victor,” she texted. The ship had been named during a period when Naval Command believed patrol vessels should sound like professional arena fighters. Several admirals had maintained season tickets. The ship had objected to the masculine name since the installation of her personality matrix. Captain Ridgeway sighed. “Valiant, don’t destroy the inspection drone.” Valiant texted, “Under protest.” “Everything you do is under protest.” “That’s because most things you ask me to do deserve it,” her text answered. The inspection drone adjusted course toward the forward docking port. Susan stared at it. Her face remained carefully pleasant, though the expression had become structurally fragile. Ensign Susan McCormick was twenty-four years old, five feet seven, with an athletic build, fair skin, deep-set green eyes, and black hair twisted into a regulation knot at the back of her head. She had graduated from the Accord Naval Academy two years earlier with honors in tactical coordination, small-ship combat, orbital defense, and emergency command. She had requested Frontier service because she wanted action. During her first month, she had participated in a search-and-rescue operation involving a missing survey vessel. The survey vessel had been parked behind the wrong moon. Since then, she had conducted one hundred and fourteen routine patrols, inspected nineteen stations, thirty-one cargo manifests, nine spaceports, four fuel depots, three life-support recyclers, one livestock transfer permit, and a public emergency shelter whose emergency door opened inward. She had filed a strongly worded report about the door. No one had read it. “Perhaps it’ll find something wrong,” she said. The hope in her voice was disturbing. Captain Ridgeway looked at her. “You want the inspection drone to find something wrong?” “Not anything dangerous. Something moderately concerning. A loose panel. An improperly calibrated sensor. A mystery stain.” Theo looked up from the diagnostic probe. “There’s a stain under your console.” Susan’s eyes brightened. “It’s hydraulic lubricant,” Theo continued. “The seal beneath the deck plate weeps when the temperature falls below seventeen degrees Celsius. It’s been documented for eleven years.” Her hope faded. “Oh.” Chief Engineer Theo Marsh was thirty-six, tall and narrow. He had the pale skin of someone who preferred dark engineering spaces, his straight brown hair cut without apparent planning, and gray eyes that focused on machinery with almost alarming intensity. His uniform was clean in the places not covered by mysterious stains, and his tool belt contained enough precision equipment to perform emergency surgery on a fusion reactor. Theo was an engineering savant. He could identify a failing power coupling by smell, calculate stress propagation through a damaged hull without a computer, and repair equipment everyone else had already declared historically significant. He was also incapable of conducting a normal conversation with any known species. Theo held out the dismantled diagnostic probe toward Susan. “This unit is drifting by point-zero-zero-three percent. You could report that.” “Is that bad?” “No.” “Could it become bad?” “Not during your natural lifespan.” “Thank you, Chief.” “You’re welcome.” Theo returned to the probe, satisfied that he had helped. As with most of his human interaction, he was wrong. At communications, Shasrhlefen turned from his console. The Porella, ferret-like and bright-eyed, with charcoal-and-white striped fur, grinned. At least Susan thought it was a grin. Shasrhlefen’s rounded ears perked and his whiskers quivered as the inspection drone transmitted its docking request. “Communications-man,” Captain Ridgeway began. “Being,” Shasrhlefen corrected. “Communications officer.” “That is acceptable, though emotionally less rewarding.” “Tell the drone it can dock.” Shasrhlefen’s long fingers moved across the controls. “Inspection Drone Seventy-Four-C, you are cleared for forward port docking. The crew welcomes your arrival with all enthusiasm legally required.” Crosses-the-Tees looked up sharply. “Do not imply that minimum legal enthusiasm is sufficient.” Shasrhlefen glanced at him. “I did not imply it. I stated it.” The Porella was always looking for a new way to annoy the Nethik. He usually found one. Crosses-the-Tees was a male Nethik with no discernible sense of humor. He stood just over five feet tall, with glossy cream-colored chitin, multifaceted eyes, jointed limbs, fine fingers, and antennae that twitched in quick irritation at every incorrectly submitted report. A belt of pouches encircled his narrow waist. Each pouch contained Regulations and Guidelines data cores arranged by category, jurisdiction, revision date, and what Tees privately considered moral importance. They hung from his belt like small sacred tablets because he truly believed they were sacred. His full name was Crosses-the-Tees. The crew called him Tees. He hated that almost as much as the ship hated Victor. “In the Core Systems,” Tees said, “automated inspection drones are received with a formal readiness statement.” Captain Ridgeway took a drink of coffee. The beverage unsuccessfully tried to punch him in the jaw, though the man appreciated its effort. “In the Core Systems, they have people paid to make formal readiness statements.” “There are established protocols.” The captain sighed wearily, “There are always established protocols.” “That is what makes them established.” Captain Ridgeway closed his eyes. He was fifty-eight and had already exceeded his recommended lifetime allocation of this. He rolled his broad shoulders. He had a lined face that had spent thirty years in the Accord Navy learning not to react to emergencies until everyone else had finished reacting first. His blue eyes had once possessed the sharp intensity of a career naval officer. Now they possessed the steady exhaustion of a man who had moved forty light-years from the Core Systems specifically to stop having career-defining experiences. He had served aboard destroyers, cruisers, fleet tenders, and one command carrier whose admiral considered sleep a sign of weak strategic commitment. Five years earlier, Captain Ridgeway had transferred to Frontier System Patrol. His reasons, as stated in the transfer request, involved professional development, regional stabilization, and a desire to support expanding Accord communities. His actual reason was that Frontier System Patrol had experienced no combat fatalities in nineteen years. They hadn’t experienced combat in the last eighteen of them. The inspection drone clamped onto the docking port. The ship shuddered. “I dislike it,” Valiant texted. “Make it go away.” “It hasn’t done anything yet,” Susan replied. “It’s inspecting me.” “That’s what inspection drones do.” “Yes. Disgusting.” “And this is why I refused that voice module upgrade,” quipped the captain. The drone began its automated review. For the next three hours, it examined pressure seals, emergency lighting, navigation records, personnel certifications, weapons safeties, reactor logs, food-storage temperatures, environmental redundancies, sanitation schedules, and the legibility of signs identifying corridor fire-suppression controls. It found two deficiencies. The first was that a safety label outside Engineering had faded from bright yellow to slightly less bright yellow. The second was that Shasrhlefen had listed the communications system’s emergency backup as “a second, angrier communications system.” Tees rejected this terminology. Shasrhlefen defended it on technical grounds. The argument produced seven additional forms and two documented personnel complaints which the captain had filed. In the recycler. By the time the inspection drone departed, Susan was seated at her console with her chin resting in one hand. “Six weeks,” she said. Captain Ridgeway looked over. “Six weeks of what?” “Patrols.” “Yes.” “And inspections.” “Yes.” “And more patrols.” “That’s the job.” “And inspections of the patrols.” “Also, the job.” “And then the inspection-inspection at Ardent Station.” “That was an audit.” “They inspected the inspection records.” “That’s what an audit is.” Susan stared into the forward display, where an unremarkable field of stars continued to behave exactly as astronomical predictions required. “I used to have dreams.” Theo glanced up. “Everyone dreams. It’s a normal neurological maintenance process.” She slowly turned toward him. “Thank you, Chief.” “You’re welcome,” came his cheery reply. The Valiant Victor completed the final leg of her patrol twelve hours later. Nothing exploded. No smugglers attempted to run. No mysterious vessels emerged from hyperspace. A navigation beacon transmitted a slightly outdated traffic advisory and Tees filed a report. At seventeen hundred ship time, Captain Ridgeway entered the final patrol confirmation and turned the ship toward Frontier Accord Sector Patrol Headquarters. The announcement transformed the crew. Susan sat upright. Shasrhlefen produced a folded list of restaurants from somewhere inside his uniform. Theo began cataloging tools he intended to purchase, realized he couldn’t afford any of them, and changed the catalog name to “wish list.” Tees checked the headquarters archive schedule. Captain Ridgeway leaned back in his command chair and pictured seven days without command briefings, inspection drones, emergency exercises, or anyone asking him whether the patrol route could be completed more efficiently. “What are your leave plans, Captain?” Susan asked. “Sleep.” “That’s all?” “I may wake briefly to adjust the temperature.” Shasrhlefen studied his restaurant list. “Sector Headquarters has opened a new Porella noodle stall beside Dock Eight. Reports indicate that it uses real glim-spice.” “Reports from where?” Tees asked. “Customers.” “Customer reviews are not reports,” the Nethik stated. “They contain words, observations, and conclusions.” “They lack official validation.” If it were possible for a Nethik translation module to sound disgusted, this would have been its moment. “They also contain a coupon.” Tees’s antennae quivered in disapproval. “In the Core Systems—” “You’d never eat unvalidated noodles,” Captain Ridgeway finished. “That is not what I was going to say.” “It was close.” Tees adjusted one of his data-core pouches. “In the Core Systems, food establishments display compliance certificates where patrons can easily review them.” Shasrhlefen’s black eyes gleamed mischievously. “In the Frontier, we judge food safety by whether the cook is willing to eat it first.” Tees’s antennae stood rigid and straight. “That is not a system.” “It is a very old system.” Theo closed his tool catalog. “The cook could possess toxin resistance.” Tees pointed one delicate multi-jointed finger at him. “Precisely.” Shasrhlefen looked wounded. “You have damaged noodle anticipation.” A low, mechanical growl emerged from the galley. Everyone fell silent. The coffee maker had begun brewing. The coffee maker aboard the Valiant Victor was an Accord Fleet Model Twenty-Seven High-Demand Beverage Production Unit. It had been manufactured thirty-six years earlier. No one knew why it still worked with such hostility. Theo had rebuilt its heating assembly, replaced its pressure valves, reinforced its brewing chamber, and upgraded its power supply. He had offered to replace it six times. Captain Ridgeway had refused on each occasion. The machine produced coffee with personality. Specifically, the personality of something that wanted to punch a person in the face and then force itself down their throat. The first sip did not awaken the drinker so much as accuse them of unconsciousness. The second made sleep feel like a moral failure. The third occasionally allowed brief visual access to the underlying structure of time. Captain Ridgeway trusted it completely. Bold letters appeared on the main viewscreen. “Coffee ready,” Valiant texted on the main screen. “Medical assistance available upon request.” Captain Ridgeway stood. A warning signal sounded. He sat back down. Susan’s tactical console lit up. For half a second, she did not react. Then she looked down. “Captain, I have an emergency transmission.” Ridgeway remained seated. “Inspection?” “No.” “Training exercise?” “No.” Hope appeared in Susan’s eyes. Captain Ridgeway felt a cold weight settle in his stomach. “Source?” “Mining Facility Peabody Twelve. Two-point-six million kilometers off our return route.” The forward display shifted to show a small automated mining platform orbiting a fractured iron moon. The facility consisted of refinery modules, ore-processing drums, docking towers, storage cylinders, and several robotic mining craft. A second vessel maneuvered beside it. The unknown ship was short and thick-bodied, with heavy engines, mismatched armor plating, weapon pods, and a jagged crimson symbol painted across the hull. Energy flashes moved between the vessel and the mining facility. Susan leaned closer to her display. “It’s firing on the platform.” Captain Ridgeway stared at the image. During three decades of naval service, he had responded to ambushes, border incidents, boarding actions, and one diplomatic banquet during which two ambassadors attempted to duel with ceremonial serving utensils. While dangerous, the silver sporks had not been lethal. He had come to the Frontier to avoid exactly this. “What kind of ship?” he asked. Susan examined the sensor return. The hope disappeared from her face and was replaced by disbelief. “Antebarian.” Tees’s antennae rose. “That is impossible. Antebar is outside Accord Space.” “Apparently they’ve acquired engines and the ability to use them,” Captain Ridgeway said. “The Antebarians have never ventured into the Frontier.” “They have now.” Susan swallowed. “Captain, this may be the first confirmed Antebarian raid in the sector.” Captain Ridgeway looked at her. She attempted to appear professionally concerned. She was failing because she had begun smiling. Widely. “Stop that,” he said. “I’m not doing anything,” she said through the smile. “You’re enjoying this.” “They’re attacking an Accord facility. I’m deeply alarmed.” Her voice wasn’t deeply alarmed. It was almost giddy. “You’re glowing.” Valiant’s engines increased power without being ordered. “Ship,” Captain Ridgeway said. The next screen text read: “I’m responding to an emergency.” “You’re accelerating.” The text read, “Heroically.” A second line followed: “No, valiantly.” Ridgeway didn’t understand how the ship could drip sarcasm through text-only communication, but she managed it. “You don’t know what’s happening yet.” Valiant wrote, “There are pirates.” “You sound pleased.” “I’ve performed six hundred and nineteen patrols. This is my first pirate. And it is making Ensign McCormick happy.” Captain Ridgeway sighed heavily in his chair. “Of course the ship’s excited.” If text could be angry, this was. “My name is Valiant.” The Antebarian vessel fired again. A refinery module vented gas and began rotating. “Set interception course,” Captain Ridgeway ordered. Valiant turned toward the mining facility with considerably more enthusiasm than she had displayed during the previous six weeks. “Interception course set,” she texted. “Weapons preparing.” Theo looked up. “They’re not ready.” The bridge paused. Captain Ridgeway turned toward him. “What?” “The pulse cannons require coolant recalibration. The port capacitor bank is running at eighty-three percent, and the forward targeting relay intermittently classifies large objects as docking requests.” Susan stared at him. “Why didn’t you fix that?” “I did.” “You just said it’s still happening.” “Yes. It was worse before.” Captain Ridgeway pressed two fingers against his forehead. “How long until the weapons are functional?” Theo considered. “Functional or reliable?” “Functional.” “Seven minutes.” “Reliable?” “After our scheduled overhaul next month.” Theo wilted under the captain’s gaze. The Valiant Victor accelerated. At five hundred thousand kilometers, the Antebarian ship detected them. At four hundred thousand, it turned away from the mining platform. At three hundred thousand, it transmitted a hail. Shasrhlefen’s ears lifted. “Captain, incoming communication.” “Put it through.” The main display filled with the image of an Antebarian captain. He stood approximately two and a half feet tall, with a humanoid body covered in soft tawny fur, long upright ears, digitigrade legs, and human-like hands resting dramatically on the arms of an oversized command chair. A black military coat hung from his narrow shoulders, and a silver breathing mask covered the lower part of his face. Behind him, several equally small Antebarians operated the pirate bridge. They were rabbit-like. Very rabbit-like. One had fluffy white cheek fur. Captain Ridgeway experienced an immediate and irrational desire to apologize for interrupting them. The Antebarian captain pointed one gloved finger toward the screen. His voice emerged high and sharp, as if he had recently inhaled helium and was trying to remain dignified about it. “Accord vessel! You approach the dread warship Screaming Talon of Final Agony! Withdraw, or we shall peel your hull like a disappointing root vegetable!” Silence filled the Valiant Victor’s bridge. Shasrhlefen covered his mouth with both hands. Tees’s antennae trembled. Susan looked down at her console doing her best not to laugh. Captain Ridgeway waited until he could trust his voice. “This is Captain Harlan Ridgeway of the Accord System Patrol Vessel Valiant Victor . You are engaged in unlawful hostile action against Accord property. Power down your weapons and prepare to be boarded.” The Antebarian captain rose in his chair. “You possess the courage of badly arranged furniture!” Shasrhlefen made a strangled noise. The pirate continued. “We shall grind your ship into a paste of administrative inconvenience!” Tees leaned toward the communications console. “That statement lacks tactical specificity.” “Tees,” Captain Ridgeway warned. “In the Core Systems, hostile declarations identify clear conditions and consequences.” The pirate captain’s long ears twitched. “Who said that?” Crosses-the-Tees straightened. “I am Accord Compliance Inspector Crosses-the-Tees.” The Antebarian pointed at him. “Your name is excessively grammatical!” Tees recoiled as if struck. “My name is precise.” “It is full of unnecessary esses!” Shasrhlefen fell sideways in his chair, his furry body shaking in laughter. The channel closed. Susan looked up. “They’re charging weapons.” Captain Ridgeway secured his restraint harness. “All stations, combat readiness.” Continued in Part Two more less",,2026-07-25,https://old.reddit.com/r/OpenHFY/comments/1v5xd8a/whispers_from_the_frontier_valiant_victor_and_the/
1v5rlm4,reddit,"💫 Halo Infinity | Enchanted Arms (Microsoft Xbox 360 2006) Enchanted Arms (Microsoft Xbox 360 2006) ![Enchanted Arms (Microsoft Xbox 360, 2006)](https://i0.wp.com/i.ebayimg.com/images/g/rXQAAeSwizZqY7ns/s-l1600.jpg?w=1290&ssl=1) Seller: jmess11781 (100.0% positive feedback) Location: US Condition: Brand New Price: 35.00 USD Shipping cost: Free Buy It Now Sponsored Buy it on eBay In the spring of 2006, as the Xbox 360 began its ascent as Microsoft’s flagship console, Enchanted Arms arrived to introduce players to a world where strategic combat and creature design intersect with a vivid, animated aesthetic. Developed by BaiFan and published by Ubisoft, the game marked a notable entry in the platform’s early library, showcasing a blend of role-playing mechanics, real-time action, and a narrative that leans into the creature-collection lineage while expanding it through a Western audience-oriented presentation. At its core, Enchanted Arms presents a traditional JRPG framework: a party of protagonists, a central quest, and a battle system that rewards tactical thinking. The player guides Atsuma, a young blacksmith-turned-demon-summoner, and his companions as they navigate a world infused with magical artifacts and sentient armaments known as Golems. The Golems themselves serve not only as combat partners but as extensions of character progression, enabling varied attack patterns, buffs, and strategic synergies that become essential as encounters scale in challenge. From a design perspective, Enchanted Arms leverages the Xbox 360’s graphical capabilities to render a vibrant fantasy setting. The art direction emphasizes colorful environments, animated spell effects, and a character roster that blends caricature with emotion, contributing to a lighthearted tone that still allows for serious stakes within its linear, narrative-driven arc. While the world-building draws on familiar fantasy conventions—cities, dungeons, ancient ruins—it distinguishes itself through its emphasis on Golem synthesis and real-time party management, inviting players to experiment with different combinations to overcome adversaries. Gameplay-wise, the title blends turn-based or near-turn-based decision points with real-time control during exploration and combat. Players issue commands, exploit elemental affinities, and coordinate the Golems’ abilities with the humans’ own skills. The system rewards planning and tempo, as effective use of Golems can turn the tide of battle before a single strike lands. Beyond combat, the game provides optional side quests and collectible rewards that encourage exploration, a hallmark that aligns with the era’s appetite for role-playing depth without overwhelming the player with excessive complexity. Narratively, Enchanted Arms offers a classic quest narrative with character-driven subplots. The protagonists’ interactions—ranging from camaraderie to conflict—add emotional texture to the adventure, giving players moments of levity amid peril. The overarching themes often touch on responsibility, courage, and the tension between human ambition and the power of magical beings they unleash. While some critical voices note that the storytelling adheres to conventional beats, the character dynamics and world-building contribute meaningfully to the game’s enduring appeal for fans of early-generation Japanese-inspired RPGs on Xbox platforms. In the broader context of the Xbox 360 library, Enchanted Arms stands as a transitional title. It captures a moment when publishers were exploring genre hybrids that could leverage the new console’s rapid load times, improved textures, and online connectivity to deliver more ambitious RPG experiences than earlier generations had seen on consoles. It also exemplifies how Western publishers helped bring distinct Japanese RPG flavors to a broader audience, contributing to a more diverse early catalog for the platform. Looking back, players who approached Enchanted Arms with an appreciation for its art direction, its creature-collection mechanics, and its coherent if familiar narrative structure can still find enjoyment in its upbeat tempo and colorful combat. While subsequent titles would push the boundaries of action-oriented RPGs and more intricate storytelling, Enchanted Arms remains a noteworthy milestone in the Xbox 360’s formative years. It offers a compelling snapshot of a time when developers experimented with turning-based strategy, dynamic Golem partnerships, and bright fantasy aesthetics into a cohesive, approachable experience for a growing console audience. ![](https://i0.wp.com/247videogame.com/wp-content/uploads/2026/07/s-l1600-3124.jpg?resize=1024%2C1024&ssl=1 ""s-l1600-3124-jpg"") July 24, 2026 at 07:18PM More Information Follow for more content like this. 24/7 Video Game All of the best video games, all of the time. YouTube Twitch Kick Facebook Instagram Reddit TikTok X Up Game Shop Donate To St. Jude's Children's Research Hospital more less",,2026-07-24,https://old.reddit.com/r/HaloInfinity/comments/1v5rlm4/halo_infinity_enchanted_arms_microsoft_xbox_360/
1v5rllr,reddit,"⚙️ Gears Of Wars | Enchanted Arms (Microsoft Xbox 360 2006) Enchanted Arms (Microsoft Xbox 360 2006) ![Enchanted Arms (Microsoft Xbox 360, 2006)](https://i0.wp.com/i.ebayimg.com/images/g/rXQAAeSwizZqY7ns/s-l1600.jpg?w=1290&ssl=1) Seller: jmess11781 (100.0% positive feedback) Location: US Condition: Brand New Price: 35.00 USD Shipping cost: Free Buy It Now Sponsored Buy it on eBay In the spring of 2006, as the Xbox 360 began its ascent as Microsoft’s flagship console, Enchanted Arms arrived to introduce players to a world where strategic combat and creature design intersect with a vivid, animated aesthetic. Developed by BaiFan and published by Ubisoft, the game marked a notable entry in the platform’s early library, showcasing a blend of role-playing mechanics, real-time action, and a narrative that leans into the creature-collection lineage while expanding it through a Western audience-oriented presentation. At its core, Enchanted Arms presents a traditional JRPG framework: a party of protagonists, a central quest, and a battle system that rewards tactical thinking. The player guides Atsuma, a young blacksmith-turned-demon-summoner, and his companions as they navigate a world infused with magical artifacts and sentient armaments known as Golems. The Golems themselves serve not only as combat partners but as extensions of character progression, enabling varied attack patterns, buffs, and strategic synergies that become essential as encounters scale in challenge. From a design perspective, Enchanted Arms leverages the Xbox 360’s graphical capabilities to render a vibrant fantasy setting. The art direction emphasizes colorful environments, animated spell effects, and a character roster that blends caricature with emotion, contributing to a lighthearted tone that still allows for serious stakes within its linear, narrative-driven arc. While the world-building draws on familiar fantasy conventions—cities, dungeons, ancient ruins—it distinguishes itself through its emphasis on Golem synthesis and real-time party management, inviting players to experiment with different combinations to overcome adversaries. Gameplay-wise, the title blends turn-based or near-turn-based decision points with real-time control during exploration and combat. Players issue commands, exploit elemental affinities, and coordinate the Golems’ abilities with the humans’ own skills. The system rewards planning and tempo, as effective use of Golems can turn the tide of battle before a single strike lands. Beyond combat, the game provides optional side quests and collectible rewards that encourage exploration, a hallmark that aligns with the era’s appetite for role-playing depth without overwhelming the player with excessive complexity. Narratively, Enchanted Arms offers a classic quest narrative with character-driven subplots. The protagonists’ interactions—ranging from camaraderie to conflict—add emotional texture to the adventure, giving players moments of levity amid peril. The overarching themes often touch on responsibility, courage, and the tension between human ambition and the power of magical beings they unleash. While some critical voices note that the storytelling adheres to conventional beats, the character dynamics and world-building contribute meaningfully to the game’s enduring appeal for fans of early-generation Japanese-inspired RPGs on Xbox platforms. In the broader context of the Xbox 360 library, Enchanted Arms stands as a transitional title. It captures a moment when publishers were exploring genre hybrids that could leverage the new console’s rapid load times, improved textures, and online connectivity to deliver more ambitious RPG experiences than earlier generations had seen on consoles. It also exemplifies how Western publishers helped bring distinct Japanese RPG flavors to a broader audience, contributing to a more diverse early catalog for the platform. Looking back, players who approached Enchanted Arms with an appreciation for its art direction, its creature-collection mechanics, and its coherent if familiar narrative structure can still find enjoyment in its upbeat tempo and colorful combat. While subsequent titles would push the boundaries of action-oriented RPGs and more intricate storytelling, Enchanted Arms remains a noteworthy milestone in the Xbox 360’s formative years. It offers a compelling snapshot of a time when developers experimented with turning-based strategy, dynamic Golem partnerships, and bright fantasy aesthetics into a cohesive, approachable experience for a growing console audience. ![](https://i0.wp.com/247videogame.com/wp-content/uploads/2026/07/s-l1600-3124.jpg?resize=1024%2C1024&ssl=1 ""s-l1600-3124-jpg"") July 24, 2026 at 07:18PM More Information Follow for more content like this. 24/7 Video Game All of the best video games, all of the time. YouTube Twitch Kick Facebook Instagram Reddit TikTok X Up Game Shop Donate To St. Jude's Children's Research Hospital more less",,2026-07-24,https://old.reddit.com/r/GearsOfWars/comments/1v5rllr/gears_of_wars_enchanted_arms_microsoft_xbox_360/
1v5rllg,reddit,"🥋 Tekkens | Enchanted Arms (Microsoft Xbox 360 2006) Enchanted Arms (Microsoft Xbox 360 2006) ![Enchanted Arms (Microsoft Xbox 360, 2006)](https://i0.wp.com/i.ebayimg.com/images/g/rXQAAeSwizZqY7ns/s-l1600.jpg?w=1290&ssl=1) Seller: jmess11781 (100.0% positive feedback) Location: US Condition: Brand New Price: 35.00 USD Shipping cost: Free Buy It Now Sponsored Buy it on eBay In the spring of 2006, as the Xbox 360 began its ascent as Microsoft’s flagship console, Enchanted Arms arrived to introduce players to a world where strategic combat and creature design intersect with a vivid, animated aesthetic. Developed by BaiFan and published by Ubisoft, the game marked a notable entry in the platform’s early library, showcasing a blend of role-playing mechanics, real-time action, and a narrative that leans into the creature-collection lineage while expanding it through a Western audience-oriented presentation. At its core, Enchanted Arms presents a traditional JRPG framework: a party of protagonists, a central quest, and a battle system that rewards tactical thinking. The player guides Atsuma, a young blacksmith-turned-demon-summoner, and his companions as they navigate a world infused with magical artifacts and sentient armaments known as Golems. The Golems themselves serve not only as combat partners but as extensions of character progression, enabling varied attack patterns, buffs, and strategic synergies that become essential as encounters scale in challenge. From a design perspective, Enchanted Arms leverages the Xbox 360’s graphical capabilities to render a vibrant fantasy setting. The art direction emphasizes colorful environments, animated spell effects, and a character roster that blends caricature with emotion, contributing to a lighthearted tone that still allows for serious stakes within its linear, narrative-driven arc. While the world-building draws on familiar fantasy conventions—cities, dungeons, ancient ruins—it distinguishes itself through its emphasis on Golem synthesis and real-time party management, inviting players to experiment with different combinations to overcome adversaries. Gameplay-wise, the title blends turn-based or near-turn-based decision points with real-time control during exploration and combat. Players issue commands, exploit elemental affinities, and coordinate the Golems’ abilities with the humans’ own skills. The system rewards planning and tempo, as effective use of Golems can turn the tide of battle before a single strike lands. Beyond combat, the game provides optional side quests and collectible rewards that encourage exploration, a hallmark that aligns with the era’s appetite for role-playing depth without overwhelming the player with excessive complexity. Narratively, Enchanted Arms offers a classic quest narrative with character-driven subplots. The protagonists’ interactions—ranging from camaraderie to conflict—add emotional texture to the adventure, giving players moments of levity amid peril. The overarching themes often touch on responsibility, courage, and the tension between human ambition and the power of magical beings they unleash. While some critical voices note that the storytelling adheres to conventional beats, the character dynamics and world-building contribute meaningfully to the game’s enduring appeal for fans of early-generation Japanese-inspired RPGs on Xbox platforms. In the broader context of the Xbox 360 library, Enchanted Arms stands as a transitional title. It captures a moment when publishers were exploring genre hybrids that could leverage the new console’s rapid load times, improved textures, and online connectivity to deliver more ambitious RPG experiences than earlier generations had seen on consoles. It also exemplifies how Western publishers helped bring distinct Japanese RPG flavors to a broader audience, contributing to a more diverse early catalog for the platform. Looking back, players who approached Enchanted Arms with an appreciation for its art direction, its creature-collection mechanics, and its coherent if familiar narrative structure can still find enjoyment in its upbeat tempo and colorful combat. While subsequent titles would push the boundaries of action-oriented RPGs and more intricate storytelling, Enchanted Arms remains a noteworthy milestone in the Xbox 360’s formative years. It offers a compelling snapshot of a time when developers experimented with turning-based strategy, dynamic Golem partnerships, and bright fantasy aesthetics into a cohesive, approachable experience for a growing console audience. ![](https://i0.wp.com/247videogame.com/wp-content/uploads/2026/07/s-l1600-3124.jpg?resize=1024%2C1024&ssl=1 ""s-l1600-3124-jpg"") July 24, 2026 at 07:18PM More Information Follow for more content like this. 24/7 Video Game All of the best video games, all of the time. YouTube Twitch Kick Facebook Instagram Reddit TikTok X Up Game Shop Donate To St. Jude's Children's Research Hospital more less",,2026-07-24,https://old.reddit.com/r/Tekkens/comments/1v5rllg/tekkens_enchanted_arms_microsoft_xbox_360_2006/
